cdm_id,created_utc,tca_utc,min_rng_m,pc,emergency_reportable,norad_id_1,norad_id_2
1385438548,2026-03-14T20:45:36Z,2026-03-17T17:46:02Z,4104,,Y,23205,23398
1385438722,2026-03-14T20:45:39Z,2026-03-17T17:46:02Z,4104,,Y,23398,23205
1385452675,2026-03-14T21:48:31Z,2026-03-17T16:13:19Z,743,0.0002191042,Y,14759,30310
1385453037,2026-03-14T21:48:32Z,2026-03-17T18:23:41Z,35,0.01171295,Y,15930,54250
1385464459,2026-03-14T21:50:01Z,2026-03-17T16:13:19Z,743,0.0002191042,Y,30310,14759
1385509625,2026-03-14T21:56:41Z,2026-03-17T18:23:41Z,35,0.01171295,Y,54250,15930
1385911223,2026-03-15T04:21:40Z,2026-03-17T17:46:02Z,4104,,Y,23205,23398
1385911424,2026-03-15T04:21:41Z,2026-03-17T17:46:02Z,4104,,Y,23398,23205
1385911926,2026-03-15T04:21:45Z,2026-03-17T13:49:54Z,700,,Y,26855,42474
1385913879,2026-03-15T04:22:02Z,2026-03-17T13:49:54Z,700,,Y,42474,26855
1385944022,2026-03-15T05:00:02Z,2026-03-17T22:11:48Z,149,0.0005452374,Y,232,1292
1385944416,2026-03-15T05:00:08Z,2026-03-17T22:11:48Z,149,0.0005452374,Y,1292,232
1385950123,2026-03-15T05:01:09Z,2026-03-17T18:23:41Z,93,0.01137607,Y,15930,54250
1385955138,2026-03-15T05:01:55Z,2026-03-17T18:23:14Z,79,0.000110457,Y,25489,34059
1385968695,2026-03-15T05:03:57Z,2026-03-17T18:23:14Z,79,0.000110457,Y,34059,25489
1386006283,2026-03-15T05:12:43Z,2026-03-17T18:23:41Z,93,0.01137607,Y,54250,15930
1386042927,2026-03-15T05:22:04Z,2026-03-18T04:54:25Z,702,0.000396447,Y,61291,49318
1386333632,2026-03-15T11:05:46Z,2026-03-18T05:01:46Z,3992,,Y,23398,23205
1386333631,2026-03-15T11:05:46Z,2026-03-17T17:46:02Z,4104,,Y,23398,23205
1386333436,2026-03-15T11:05:47Z,2026-03-17T17:46:02Z,4104,,Y,23205,23398
1386333437,2026-03-15T11:05:48Z,2026-03-18T05:01:46Z,3992,,Y,23205,23398
1386334059,2026-03-15T11:05:51Z,2026-03-17T13:49:54Z,700,,Y,26855,42474
1386334918,2026-03-15T11:06:00Z,2026-03-18T04:58:40Z,1842,,Y,34260,57595
1386335896,2026-03-15T11:06:11Z,2026-03-17T13:49:54Z,700,,Y,42474,26855
1386365238,2026-03-15T11:06:14Z,2026-03-18T04:58:40Z,1842,,Y,57595,34260
1386454068,2026-03-15T12:15:41Z,2026-03-17T22:11:48Z,98,0.0003594909,Y,232,1292
1386454442,2026-03-15T12:15:45Z,2026-03-17T22:11:48Z,98,0.0003594909,Y,1292,232
1386456095,2026-03-15T12:16:01Z,2026-03-18T09:59:50Z,98,0.0009045042,Y,5150,22782
1386458416,2026-03-15T12:16:22Z,2026-03-18T05:05:15Z,934,0.001300972,Y,12848,54253
1386459942,2026-03-15T12:16:39Z,2026-03-17T18:23:41Z,109,0.01017094,Y,15930,54250
1386461631,2026-03-15T12:16:53Z,2026-03-18T07:42:59Z,95,0.0001273265,Y,19658,30065
1386463111,2026-03-15T12:17:07Z,2026-03-18T09:59:50Z,98,0.0009045042,Y,22782,5150
1386464884,2026-03-15T12:17:22Z,2026-03-17T18:23:14Z,897,0.0004542272,Y,25489,34059
1386467550,2026-03-15T12:17:50Z,2026-03-18T05:15:33Z,614,0.0002657907,Y,28058,30102
1386470296,2026-03-15T12:18:17Z,2026-03-18T07:42:59Z,95,0.0001273265,Y,30065,19658
1386470508,2026-03-15T12:18:19Z,2026-03-18T05:15:33Z,614,0.0002657907,Y,30102,28058
1386478101,2026-03-15T12:19:28Z,2026-03-17T18:23:14Z,897,0.0004542272,Y,34059,25489
1386492540,2026-03-15T12:21:40Z,2026-03-18T03:39:26Z,246,0.0001384969,Y,42155,87042
1386535394,2026-03-15T12:25:13Z,2026-03-17T18:23:41Z,109,0.01017094,Y,54250,15930
1386914378,2026-03-15T20:19:01Z,2026-03-18T11:08:07Z,2768,,Y,19749,23045
1386914627,2026-03-15T20:19:03Z,2026-03-18T11:08:07Z,2768,,Y,23045,19749
1386914643,2026-03-15T20:19:03Z,2026-03-18T05:01:46Z,3992,,Y,23205,23398
1386914642,2026-03-15T20:19:03Z,2026-03-17T17:46:02Z,4104,,Y,23205,23398
1386914644,2026-03-15T20:19:03Z,2026-03-18T16:17:30Z,4190,,Y,23205,23398
1386914833,2026-03-15T20:19:05Z,2026-03-18T16:17:30Z,4190,,Y,23398,23205
1386914831,2026-03-15T20:19:05Z,2026-03-17T17:46:02Z,4104,,Y,23398,23205
1386914832,2026-03-15T20:19:05Z,2026-03-18T05:01:46Z,3992,,Y,23398,23205
1386915234,2026-03-15T20:19:09Z,2026-03-17T13:49:54Z,700,,Y,26855,42474
1386915849,2026-03-15T20:19:15Z,2026-03-18T04:58:40Z,541,,Y,34260,57595
1386917273,2026-03-15T20:19:20Z,2026-03-17T13:49:54Z,700,,Y,42474,26855
1386924891,2026-03-15T20:19:24Z,2026-03-18T04:58:40Z,541,,Y,57595,34260
1386974865,2026-03-15T21:31:35Z,2026-03-17T22:11:48Z,112,0.0003026204,Y,232,1292
1386975279,2026-03-15T21:31:39Z,2026-03-17T22:11:48Z,112,0.0003026204,Y,1292,232
1386976982,2026-03-15T21:31:52Z,2026-03-18T09:59:50Z,293,0.0007489674,Y,5150,22782
1386976752,2026-03-15T21:31:52Z,2026-03-18T17:20:36Z,784,0.0001174634,Y,4774,13618
1386978850,2026-03-15T21:32:08Z,2026-03-18T12:26:29Z,330,0.0002352452,Y,12198,81123
1386980079,2026-03-15T21:32:21Z,2026-03-18T17:20:36Z,784,0.0001174634,Y,13618,4774
1386981127,2026-03-15T21:32:28Z,2026-03-17T18:23:41Z,142,0.001590665,Y,15930,54250
1386980963,2026-03-15T21:32:29Z,2026-03-18T21:17:56Z,200,0.0014211,Y,15333,30691
1386981154,2026-03-15T21:32:29Z,2026-03-18T04:52:18Z,109,0.0001589306,Y,16012,36204
1386981509,2026-03-15T21:32:31Z,2026-03-18T15:18:13Z,468,0.0001635183,Y,17478,30873
1386981534,2026-03-15T21:32:31Z,2026-03-17T15:53:16Z,502,0.0001685277,Y,17589,30600
1386982966,2026-03-15T21:32:44Z,2026-03-18T07:42:59Z,110,0.0001575467,Y,19658,30065
1386984012,2026-03-15T21:32:53Z,2026-03-18T20:43:19Z,134,0.0001658417,Y,21782,30404
1386984220,2026-03-15T21:32:55Z,2026-03-17T19:30:38Z,50,0.0001444834,Y,22343,61365
1386984540,2026-03-15T21:32:58Z,2026-03-18T09:59:50Z,293,0.0007489674,Y,22782,5150
1386986160,2026-03-15T21:33:13Z,2026-03-17T15:39:29Z,295,0.0001890827,Y,25260,38241
1386991742,2026-03-15T21:34:00Z,2026-03-18T07:42:59Z,110,0.0001575467,Y,30065,19658
1386992678,2026-03-15T21:34:08Z,2026-03-18T20:43:19Z,134,0.0001658417,Y,30404,21782
1386993208,2026-03-15T21:34:14Z,2026-03-17T15:53:16Z,502,0.0001685277,Y,30600,17589
1386993551,2026-03-15T21:34:16Z,2026-03-18T21:17:56Z,200,0.0014211,Y,30691,15333
1386994059,2026-03-15T21:34:21Z,2026-03-18T15:18:13Z,468,0.0001635183,Y,30873,17478
1387003870,2026-03-15T21:35:47Z,2026-03-18T04:52:18Z,109,0.0001589306,Y,36204,16012
1387017541,2026-03-15T21:36:11Z,2026-03-17T15:39:29Z,295,0.0001890827,Y,38241,25260
1387048498,2026-03-15T21:41:00Z,2026-03-17T18:23:41Z,142,0.001590665,Y,54250,15930
1387087087,2026-03-15T21:46:38Z,2026-03-17T19:30:38Z,50,0.0001444834,Y,61365,22343
1387446728,2026-03-16T04:48:24Z,2026-03-19T00:39:36Z,4913,,Y,19168,21216
1387448299,2026-03-16T04:48:26Z,2026-03-19T00:39:36Z,4913,,Y,21216,19168
1387449237,2026-03-16T04:48:26Z,2026-03-18T11:08:07Z,2768,,Y,23045,19749
1387449283,2026-03-16T04:48:27Z,2026-03-18T16:17:30Z,4190,,Y,23205,23398
1387449284,2026-03-16T04:48:27Z,2026-03-19T03:33:15Z,4763,,Y,23205,23398
1387449282,2026-03-16T04:48:27Z,2026-03-18T05:01:46Z,3992,,Y,23205,23398
1387449281,2026-03-16T04:48:27Z,2026-03-17T17:46:02Z,4104,,Y,23205,23398
1387447368,2026-03-16T04:48:28Z,2026-03-18T11:08:07Z,2768,,Y,19749,23045
1387449658,2026-03-16T04:48:29Z,2026-03-19T03:33:15Z,4763,,Y,23398,23205
1387449657,2026-03-16T04:48:29Z,2026-03-18T16:17:30Z,4190,,Y,23398,23205
1387449656,2026-03-16T04:48:29Z,2026-03-18T05:01:46Z,3992,,Y,23398,23205
1387449655,2026-03-16T04:48:29Z,2026-03-17T17:46:02Z,4104,,Y,23398,23205
1387453534,2026-03-16T04:48:32Z,2026-03-17T13:49:54Z,811,,Y,26855,42474
1387460471,2026-03-16T04:48:37Z,2026-03-18T04:58:40Z,904,,Y,34260,57595
1387461393,2026-03-16T04:48:45Z,2026-03-17T13:49:54Z,811,,Y,42474,26855
1387461952,2026-03-16T04:48:48Z,2026-03-18T04:58:40Z,904,,Y,57595,34260
1387438692,2026-03-16T05:54:33Z,2026-03-19T03:10:41Z,281,0.001552458,Y,309,4612
1387440552,2026-03-16T05:54:47Z,2026-03-19T03:10:41Z,281,0.001552458,Y,4612,309
1387440960,2026-03-16T05:54:50Z,2026-03-18T09:59:50Z,189,0.001539484,Y,5150,22782
1387442804,2026-03-16T05:55:09Z,2026-03-18T12:26:29Z,302,0.0002681691,Y,12198,81123
1387443409,2026-03-16T05:55:15Z,2026-03-19T00:56:10Z,327,0.0004923304,Y,12730,13992
1387444236,2026-03-16T05:55:21Z,2026-03-19T04:24:20Z,976,0.0001449978,Y,13809,62731
1387444346,2026-03-16T05:55:22Z,2026-03-19T00:56:10Z,327,0.0004923304,Y,13992,12730
1387445151,2026-03-16T05:55:28Z,2026-03-18T21:17:56Z,263,0.0009349141,Y,15333,30691
1387445403,2026-03-16T05:55:30Z,2026-03-18T04:52:18Z,158,0.0002078304,Y,16012,36204
1387445364,2026-03-16T05:55:31Z,2026-03-17T18:23:41Z,101,0.001297467,Y,15930,54250
1387445863,2026-03-16T05:55:32Z,2026-03-17T15:53:16Z,937,0.0001634684,Y,17589,30600
1387445836,2026-03-16T05:55:32Z,2026-03-18T15:18:13Z,339,0.0002199862,Y,17478,30873
1387448626,2026-03-16T05:55:56Z,2026-03-18T20:43:19Z,134,0.000155324,Y,21782,30404
1387448853,2026-03-16T05:55:58Z,2026-03-17T19:30:38Z,233,0.0001617406,Y,22343,61365
1387449153,2026-03-16T05:56:00Z,2026-03-18T09:59:50Z,189,0.001539484,Y,22782,5150
1387458285,2026-03-16T05:57:20Z,2026-03-18T20:43:19Z,134,0.000155324,Y,30404,21782
1387458819,2026-03-16T05:57:24Z,2026-03-17T15:53:16Z,937,0.0001634684,Y,30600,17589
1387459185,2026-03-16T05:57:27Z,2026-03-18T21:17:56Z,263,0.0009349141,Y,30691,15333
1387459664,2026-03-16T05:57:32Z,2026-03-18T15:18:13Z,339,0.0002199862,Y,30873,17478
1387472334,2026-03-16T05:59:07Z,2026-03-18T04:52:18Z,158,0.0002078304,Y,36204,16012
1387634362,2026-03-16T06:12:14Z,2026-03-19T00:12:28Z,98,0.0001299746,Y,60691,54943
1387688921,2026-03-16T06:13:24Z,2026-03-17T19:30:38Z,233,0.0001617406,Y,61365,22343
1387871518,2026-03-16T11:27:24Z,2026-03-19T00:39:36Z,4913,,Y,19168,21216
1387871559,2026-03-16T11:27:28Z,2026-03-18T11:08:07Z,2768,,Y,19749,23045
1387871723,2026-03-16T11:27:29Z,2026-03-19T00:39:36Z,4913,,Y,21216,19168
1387871833,2026-03-16T11:27:30Z,2026-03-17T17:46:02Z,4104,,Y,23205,23398
1387872005,2026-03-16T11:27:30Z,2026-03-18T05:01:46Z,3992,,Y,23398,23205
1387871823,2026-03-16T11:27:31Z,2026-03-18T11:08:07Z,2768,,Y,23045,19749
1387871836,2026-03-16T11:27:31Z,2026-03-19T03:33:15Z,4763,,Y,23205,23398
1387871835,2026-03-16T11:27:31Z,2026-03-18T16:17:30Z,4190,,Y,23205,23398
1387871834,2026-03-16T11:27:31Z,2026-03-18T05:01:46Z,3992,,Y,23205,23398
1387872007,2026-03-16T11:27:33Z,2026-03-19T03:33:15Z,4763,,Y,23398,23205
1387872006,2026-03-16T11:27:33Z,2026-03-18T16:17:30Z,4190,,Y,23398,23205
1387872004,2026-03-16T11:27:33Z,2026-03-17T17:46:02Z,4104,,Y,23398,23205
1387872435,2026-03-16T11:27:34Z,2026-03-17T13:49:54Z,811,,Y,26855,42474
1387873203,2026-03-16T11:27:43Z,2026-03-18T04:58:40Z,1846,,Y,34260,57595
1387874181,2026-03-16T11:27:51Z,2026-03-17T13:49:54Z,811,,Y,42474,26855
1387875484,2026-03-16T11:27:53Z,2026-03-18T04:58:40Z,1846,,Y,57595,34260
1388027668,2026-03-16T12:29:40Z,2026-03-17T22:11:48Z,76,0.0002160143,Y,1292,232
1388030284,2026-03-16T12:30:02Z,2026-03-18T15:10:43Z,518,0.001180024,Y,9443,465
1388030792,2026-03-16T12:30:08Z,2026-03-19T04:19:11Z,249,0.0001291585,Y,11425,36350
1388031523,2026-03-16T12:30:22Z,2026-03-18T05:05:15Z,802,0.002424747,Y,12848,54253
1388033055,2026-03-16T12:30:36Z,2026-03-17T18:23:41Z,105,0.001456315,Y,15930,54250
1388032910,2026-03-16T12:30:37Z,2026-03-18T21:17:56Z,61,0.002083336,Y,15333,30691
1388033691,2026-03-16T12:30:42Z,2026-03-19T11:51:54Z,473,0.0008887053,Y,18122,87214
1388035845,2026-03-16T12:31:05Z,2026-03-18T20:43:19Z,196,0.0001459013,Y,21782,30404
1388036317,2026-03-16T12:31:10Z,2026-03-18T09:59:50Z,51,0.002799477,Y,22782,5150
1388074315,2026-03-16T12:31:20Z,2026-03-17T15:39:29Z,64,0.0001310925,Y,25260,38241
1388074454,2026-03-16T12:31:22Z,2026-03-17T18:23:14Z,980,0.0002362438,Y,25489,34059
1388076793,2026-03-16T12:31:44Z,2026-03-18T23:05:04Z,23,0.0001209513,Y,27677,34061
1388080480,2026-03-16T12:32:17Z,2026-03-18T20:43:19Z,196,0.0001459013,Y,30404,21782
1388081300,2026-03-16T12:32:24Z,2026-03-18T21:17:56Z,61,0.002083336,Y,30691,15333
1388087238,2026-03-16T12:33:17Z,2026-03-18T23:05:04Z,23,0.0001209513,Y,34061,27677
1388087234,2026-03-16T12:33:18Z,2026-03-17T18:23:14Z,980,0.0002362438,Y,34059,25489
1388088009,2026-03-16T12:33:23Z,2026-03-18T13:05:53Z,371,0.0001102082,Y,34538,54562
1388091113,2026-03-16T12:33:53Z,2026-03-19T10:52:37Z,106,0.0009644407,Y,36258,17912
1388091043,2026-03-16T12:33:53Z,2026-03-18T04:52:18Z,359,0.0001020208,Y,36204,16012
1388091337,2026-03-16T12:33:57Z,2026-03-19T04:19:11Z,249,0.0001291585,Y,36350,11425
1388064580,2026-03-16T12:34:33Z,2026-03-17T15:39:29Z,64,0.0001310925,Y,38241,25260
1388072437,2026-03-16T12:35:37Z,2026-03-18T03:39:26Z,153,0.0002010464,Y,42155,87042
1388114227,2026-03-16T12:39:02Z,2026-03-17T18:23:41Z,105,0.001456315,Y,54250,15930
1388115326,2026-03-16T12:39:14Z,2026-03-18T13:05:53Z,371,0.0001102082,Y,54562,34538
1388115345,2026-03-16T12:39:16Z,2026-03-19T03:22:12Z,479,0.0001195389,Y,54568,13028
1388393673,2026-03-16T20:59:19Z,2026-03-19T12:15:20Z,4718,,Y,20623,23625
1388393603,2026-03-16T20:59:19Z,2026-03-18T11:08:07Z,2768,,Y,19749,23045
1388393566,2026-03-16T20:59:19Z,2026-03-19T00:39:36Z,4913,,Y,19168,21216
1388393749,2026-03-16T20:59:20Z,2026-03-19T00:39:36Z,4913,,Y,21216,19168
1388393855,2026-03-16T20:59:20Z,2026-03-18T11:08:07Z,2768,,Y,23045,19749
1388394044,2026-03-16T20:59:21Z,2026-03-19T03:33:14Z,4725,,Y,23398,23205
1388394094,2026-03-16T20:59:21Z,2026-03-19T12:15:20Z,4718,,Y,23625,20623
1388394043,2026-03-16T20:59:21Z,2026-03-18T16:17:30Z,4164,,Y,23398,23205
1388394042,2026-03-16T20:59:21Z,2026-03-18T05:01:46Z,3978,,Y,23398,23205
1388393867,2026-03-16T20:59:22Z,2026-03-19T03:33:14Z,4725,,Y,23205,23398
1388394041,2026-03-16T20:59:22Z,2026-03-17T17:46:02Z,4099,,Y,23398,23205
1388394442,2026-03-16T20:59:23Z,2026-03-17T13:49:54Z,811,,Y,26855,42474
1388395190,2026-03-16T20:59:27Z,2026-03-18T04:58:40Z,1141,,Y,34260,57595
1388396443,2026-03-16T20:59:31Z,2026-03-17T13:49:54Z,811,,Y,42474,26855
1388453656,2026-03-16T20:59:34Z,2026-03-18T04:58:40Z,1141,,Y,57595,34260
1388471846,2026-03-16T21:51:02Z,2026-03-17T22:11:48Z,72,0.0001142385,Y,232,1292
1388472250,2026-03-16T21:51:06Z,2026-03-17T22:11:48Z,72,0.0001142385,Y,1292,232
1388471931,2026-03-16T21:51:07Z,2026-03-18T06:08:48Z,80,0.0001300694,Y,335,34589
1388473949,2026-03-16T21:51:19Z,2026-03-18T09:59:50Z,180,0.001306432,Y,5150,22782
1388475600,2026-03-16T21:51:31Z,2026-03-19T04:19:12Z,866,0.0001196627,Y,11425,36350
1388475732,2026-03-16T21:51:32Z,2026-03-18T12:26:29Z,306,0.0002557675,Y,12198,81123
1388476266,2026-03-16T21:51:36Z,2026-03-19T00:56:10Z,306,0.0002900927,Y,12730,13992
1388476346,2026-03-16T21:51:37Z,2026-03-18T05:05:16Z,66,0.006212618,Y,12848,54253
1388476276,2026-03-16T21:51:37Z,2026-03-19T20:00:38Z,215,0.0001441438,Y,12732,81427
1388476306,2026-03-16T21:51:38Z,2026-03-19T05:58:30Z,696,0.0002325134,Y,12766,82484
1388477158,2026-03-16T21:51:43Z,2026-03-19T00:56:10Z,306,0.0002900927,Y,13992,12730
1388477939,2026-03-16T21:51:49Z,2026-03-17T18:23:41Z,102,0.002345577,Y,15930,54250
1388477782,2026-03-16T21:51:50Z,2026-03-18T21:17:56Z,110,0.002190309,Y,15333,30691
1388477955,2026-03-16T21:51:50Z,2026-03-18T04:52:18Z,150,0.0002698252,Y,16012,36204
1388478329,2026-03-16T21:51:52Z,2026-03-17T15:53:16Z,546,0.0003474276,Y,17589,30600
1388478520,2026-03-16T21:51:54Z,2026-03-19T10:52:38Z,393,0.0003558133,Y,17912,36258
1388478565,2026-03-16T21:51:57Z,2026-03-19T11:51:54Z,595,0.0004358229,Y,18122,87214
1388480762,2026-03-16T21:52:13Z,2026-03-18T20:43:19Z,125,0.0001711176,Y,21782,30404
1388481249,2026-03-16T21:52:17Z,2026-03-18T09:59:50Z,180,0.001306432,Y,22782,5150
1388482861,2026-03-16T21:52:31Z,2026-03-17T15:39:29Z,144,0.000143685,Y,25260,38241
1388483174,2026-03-16T21:52:32Z,2026-03-19T01:31:36Z,577,0.0002229434,Y,25791,28329
1388483248,2026-03-16T21:52:32Z,2026-03-19T14:21:39Z,132,0.0002036788,Y,25941,26236
1388484004,2026-03-16T21:52:38Z,2026-03-19T14:21:39Z,132,0.0002036788,Y,26236,25941
1388485372,2026-03-16T21:52:48Z,2026-03-18T23:05:04Z,36,0.0001399579,Y,27677,34061
1388485606,2026-03-16T21:52:50Z,2026-03-18T17:54:34Z,190,0.0001029367,Y,28080,61355
1388485945,2026-03-16T21:52:53Z,2026-03-19T01:31:36Z,577,0.0002229434,Y,28329,25791
1388489206,2026-03-16T21:53:18Z,2026-03-18T20:43:19Z,125,0.0001711176,Y,30404,21782
1388489743,2026-03-16T21:53:22Z,2026-03-17T15:53:16Z,546,0.0003474276,Y,30600,17589
1388490095,2026-03-16T21:53:24Z,2026-03-18T21:17:56Z,110,0.002190309,Y,30691,15333
1388496160,2026-03-16T21:54:12Z,2026-03-18T23:05:04Z,36,0.0001399579,Y,34061,27677
1388497048,2026-03-16T21:54:19Z,2026-03-18T06:08:48Z,80,0.0001300694,Y,34589,335
1388500143,2026-03-16T21:54:42Z,2026-03-18T04:52:18Z,150,0.0002698252,Y,36204,16012
1388500213,2026-03-16T21:54:44Z,2026-03-19T10:52:38Z,393,0.0003558133,Y,36258,17912
1388500446,2026-03-16T21:54:45Z,2026-03-19T04:19:12Z,866,0.0001196627,Y,36350,11425
1388503210,2026-03-16T21:55:06Z,2026-03-17T15:39:29Z,144,0.000143685,Y,38241,25260
1388511392,2026-03-16T21:56:53Z,2026-03-18T03:39:26Z,134,0.000283487,Y,42155,87042
1388578429,2026-03-16T22:05:03Z,2026-03-19T00:12:28Z,131,0.000136155,Y,60691,54943
1388579823,2026-03-16T22:05:15Z,2026-03-18T16:06:05Z,497,0.0001278548,Y,60961,81678
1388582293,2026-03-16T22:05:36Z,2026-03-18T17:54:34Z,190,0.0001029367,Y,61355,28080
1388893472,2026-03-17T04:02:26Z,2026-03-18T11:08:07Z,2768,,Y,19749,23045
1388893566,2026-03-17T04:02:27Z,2026-03-19T23:30:03Z,3791,,Y,20623,23625
1388893790,2026-03-17T04:02:28Z,2026-03-18T11:08:07Z,2768,,Y,23045,19749
1388893647,2026-03-17T04:02:28Z,2026-03-19T00:39:36Z,4913,,Y,21216,19168
1388893805,2026-03-17T04:02:29Z,2026-03-17T17:46:02Z,4099,,Y,23205,23398
1388893807,2026-03-17T04:02:29Z,2026-03-18T16:17:30Z,4164,,Y,23205,23398
1388893806,2026-03-17T04:02:29Z,2026-03-18T05:01:46Z,3978,,Y,23205,23398
1388893425,2026-03-17T04:02:29Z,2026-03-19T00:39:36Z,4913,,Y,19168,21216
1388894024,2026-03-17T04:02:30Z,2026-03-18T16:17:30Z,4164,,Y,23398,23205
1388894022,2026-03-17T04:02:30Z,2026-03-17T17:46:02Z,4099,,Y,23398,23205
1388893808,2026-03-17T04:02:30Z,2026-03-19T03:33:14Z,4725,,Y,23205,23398
1388894025,2026-03-17T04:02:30Z,2026-03-19T03:33:14Z,4725,,Y,23398,23205
1388894086,2026-03-17T04:02:30Z,2026-03-19T23:30:03Z,3791,,Y,23625,20623
1388894023,2026-03-17T04:02:30Z,2026-03-18T05:01:46Z,3978,,Y,23398,23205
1388894428,2026-03-17T04:02:33Z,2026-03-19T09:17:03Z,837,,Y,26053,51477
1388894556,2026-03-17T04:02:34Z,2026-03-17T13:49:54Z,811,,Y,26855,42474
1388895561,2026-03-17T04:02:41Z,2026-03-18T04:58:40Z,1196,,Y,34260,57595
1388901244,2026-03-17T04:02:52Z,2026-03-19T09:17:03Z,837,,Y,51477,26053
1388905568,2026-03-17T04:02:54Z,2026-03-18T04:58:40Z,1196,,Y,57595,34260
1388976337,2026-03-17T05:22:59Z,2026-03-18T06:08:48Z,52,0.0001670322,Y,335,34589
1388977066,2026-03-17T05:23:16Z,2026-03-19T22:08:51Z,263,0.0001596003,Y,2777,5732
1388978303,2026-03-17T05:23:39Z,2026-03-18T09:59:50Z,197,0.0009329835,Y,5150,22782
1388978524,2026-03-17T05:23:43Z,2026-03-19T22:08:51Z,263,0.0001596003,Y,5732,2777
1388978937,2026-03-17T05:23:50Z,2026-03-18T00:59:19Z,386,0.000190917,Y,7440,45288
1388979866,2026-03-17T05:24:05Z,2026-03-19T04:19:12Z,927,0.0001204487,Y,11425,36350
1388980009,2026-03-17T05:24:08Z,2026-03-18T12:26:29Z,326,0.0002278186,Y,12198,81123
1388980519,2026-03-17T05:24:17Z,2026-03-19T00:56:10Z,60,0.0003500316,Y,12730,13992
1388980530,2026-03-17T05:24:17Z,2026-03-19T20:00:38Z,218,0.000122123,Y,12732,81427
1388980592,2026-03-17T05:24:19Z,2026-03-18T05:05:16Z,16,0.01177057,Y,12848,54253
1388981440,2026-03-17T05:24:32Z,2026-03-19T00:56:10Z,60,0.0003500316,Y,13992,12730
1388982052,2026-03-17T05:24:41Z,2026-03-18T21:17:56Z,253,0.0001670351,Y,15333,30691
1388982199,2026-03-17T05:24:43Z,2026-03-18T04:52:18Z,132,0.0003633149,Y,16012,36204
1388982577,2026-03-17T05:24:49Z,2026-03-17T15:53:16Z,290,0.0005729457,Y,17589,30600
1388982811,2026-03-17T05:24:52Z,2026-03-19T11:51:54Z,613,0.0003494189,Y,18122,87214
1388982758,2026-03-17T05:24:53Z,2026-03-19T10:52:38Z,422,0.0001064623,Y,17912,36258
1388984961,2026-03-17T05:25:23Z,2026-03-18T20:43:19Z,129,0.0001660831,Y,21782,30404
1388985438,2026-03-17T05:25:29Z,2026-03-18T09:59:50Z,197,0.0009329835,Y,22782,5150
1388987290,2026-03-17T05:25:52Z,2026-03-19T01:31:36Z,958,0.0002249034,Y,25791,28329
1388987365,2026-03-17T05:25:53Z,2026-03-19T14:21:39Z,171,0.0001260422,Y,25941,26236
1388988100,2026-03-17T05:26:01Z,2026-03-19T14:21:39Z,171,0.0001260422,Y,26236,25941
1388989662,2026-03-17T05:26:24Z,2026-03-18T17:54:34Z,194,0.0001349849,Y,28080,61355
1388989439,2026-03-17T05:26:24Z,2026-03-18T23:05:04Z,32,0.0001963978,Y,27677,34061
1388989960,2026-03-17T05:26:26Z,2026-03-19T01:31:36Z,958,0.0002249034,Y,28329,25791
1388993173,2026-03-17T05:27:05Z,2026-03-18T20:43:19Z,129,0.0001660831,Y,30404,21782
1388993694,2026-03-17T05:27:10Z,2026-03-17T15:53:16Z,290,0.0005729457,Y,30600,17589
1388994008,2026-03-17T05:27:14Z,2026-03-18T21:17:56Z,253,0.0001670351,Y,30691,15333
1388999878,2026-03-17T05:28:23Z,2026-03-18T23:05:04Z,32,0.0001963978,Y,34061,27677
1389000762,2026-03-17T05:28:32Z,2026-03-18T06:08:48Z,52,0.0001670322,Y,34589,335
1389003672,2026-03-17T05:29:02Z,2026-03-18T04:52:18Z,132,0.0003633149,Y,36204,16012
1389003738,2026-03-17T05:29:04Z,2026-03-19T10:52:38Z,422,0.0001064623,Y,36258,17912
1389003956,2026-03-17T05:29:05Z,2026-03-19T04:19:12Z,927,0.0001204487,Y,36350,11425
1389015300,2026-03-17T05:30:53Z,2026-03-18T03:39:26Z,133,0.0002471693,Y,42155,87042
1389033897,2026-03-17T05:32:15Z,2026-03-18T00:59:19Z,386,0.000190917,Y,45288,7440
1389049777,2026-03-17T05:34:58Z,2026-03-19T00:12:28Z,125,0.0001266945,Y,54943,60691
1389080907,2026-03-17T05:40:19Z,2026-03-19T00:12:28Z,125,0.0001266945,Y,60691,54943
1389082195,2026-03-17T05:40:46Z,2026-03-18T16:06:05Z,485,0.0001292095,Y,60961,81678
1389084631,2026-03-17T05:41:41Z,2026-03-18T17:54:34Z,194,0.0001349849,Y,61355,28080
1389539764,2026-03-17T11:47:58Z,2026-03-19T00:39:36Z,4913,,Y,19168,21216
1389539885,2026-03-17T11:47:59Z,2026-03-19T23:30:03Z,3827,,Y,20623,23625
1389539803,2026-03-17T11:47:59Z,2026-03-18T11:08:07Z,2739,,Y,19749,23045
1389539957,2026-03-17T11:48:00Z,2026-03-19T00:39:36Z,4913,,Y,21216,19168
1389539886,2026-03-17T11:48:01Z,2026-03-20T10:44:47Z,2507,,Y,20623,23625
1389540081,2026-03-17T11:48:01Z,2026-03-18T11:08:07Z,2739,,Y,23045,19749
1389540289,2026-03-17T11:48:03Z,2026-03-19T03:33:14Z,4725,,Y,23398,23205
1389540287,2026-03-17T11:48:03Z,2026-03-18T05:01:46Z,3978,,Y,23398,23205
1389540288,2026-03-17T11:48:03Z,2026-03-18T16:17:30Z,4164,,Y,23398,23205
1389540286,2026-03-17T11:48:03Z,2026-03-17T17:46:02Z,4099,,Y,23398,23205
1389540345,2026-03-17T11:48:04Z,2026-03-19T23:30:03Z,3827,,Y,23625,20623
1389540346,2026-03-17T11:48:04Z,2026-03-20T10:44:47Z,2507,,Y,23625,20623
1389540644,2026-03-17T11:48:09Z,2026-03-19T09:17:04Z,2185,,Y,26053,51477
1389540756,2026-03-17T11:48:10Z,2026-03-17T13:49:54Z,727,,Y,26855,42474
1389541604,2026-03-17T11:48:15Z,2026-03-18T04:58:40Z,1032,,Y,34260,57595
1389542616,2026-03-17T11:48:22Z,2026-03-17T13:49:54Z,727,,Y,42474,26855
1389543291,2026-03-17T11:48:27Z,2026-03-19T09:17:04Z,2185,,Y,51477,26053
1389543407,2026-03-17T11:48:28Z,2026-03-18T04:58:40Z,1032,,Y,57595,34260
1389654297,2026-03-17T12:49:33Z,2026-03-18T06:08:48Z,47,0.0001959104,Y,335,34589
1389654981,2026-03-17T12:49:39Z,2026-03-19T22:08:51Z,132,0.0002067221,Y,2777,5732
1389656359,2026-03-17T12:49:52Z,2026-03-19T22:08:51Z,132,0.0002067221,Y,5732,2777
1389656826,2026-03-17T12:49:57Z,2026-03-20T07:00:36Z,181,0.0001967153,Y,7924,54263
1389656746,2026-03-17T12:50:01Z,2026-03-18T00:59:19Z,352,0.0001879511,Y,7440,45288
1389657729,2026-03-17T12:50:12Z,2026-03-18T12:26:29Z,329,0.0002231121,Y,12198,81123
1389658316,2026-03-17T12:50:14Z,2026-03-18T05:05:16Z,309,0.01145724,Y,12848,54253
1389658254,2026-03-17T12:50:14Z,2026-03-19T20:00:38Z,214,0.000119863,Y,12732,81427
1389659866,2026-03-17T12:50:29Z,2026-03-18T04:52:18Z,113,0.0004377447,Y,16012,36204
1389660404,2026-03-17T12:50:36Z,2026-03-19T11:51:54Z,616,0.0003559612,Y,18122,87214
1389660182,2026-03-17T12:50:38Z,2026-03-17T15:53:16Z,221,0.0009323844,Y,17589,30600
1389661573,2026-03-17T12:50:52Z,2026-03-18T20:19:34Z,186,0.0006802765,Y,19656,270330
1389661703,2026-03-17T12:50:53Z,2026-03-20T11:14:06Z,47,0.0001314429,Y,20436,39100
1389662280,2026-03-17T12:51:02Z,2026-03-20T10:46:43Z,337,0.000141533,Y,21131,54432
1389662502,2026-03-17T12:51:04Z,2026-03-18T20:43:19Z,150,0.0001696933,Y,21782,30404
1389733141,2026-03-17T12:53:50Z,2026-03-18T06:08:48Z,47,0.0001959104,Y,34589,335
1389735956,2026-03-17T12:54:18Z,2026-03-18T04:52:18Z,113,0.0004377447,Y,36204,16012
1389645050,2026-03-17T12:54:50Z,2026-03-20T11:14:06Z,47,0.0001314429,Y,39100,20436
1389700356,2026-03-17T12:57:12Z,2026-03-18T00:59:19Z,352,0.0001879511,Y,45288,7440
1389713197,2026-03-17T12:59:41Z,2026-03-20T07:00:36Z,181,0.0001967153,Y,54263,7924
1389713800,2026-03-17T12:59:48Z,2026-03-20T10:46:43Z,337,0.000141533,Y,54432,21131
1389635719,2026-03-17T13:00:18Z,2026-03-19T00:12:28Z,84,0.0002398374,Y,54943,60691
1389606252,2026-03-17T13:09:14Z,2026-03-19T00:12:28Z,84,0.0002398374,Y,60691,54943
1389609895,2026-03-17T13:10:02Z,2026-03-18T17:54:34Z,77,0.0003513431,Y,61355,28080
1389609851,2026-03-17T13:10:06Z,2026-03-17T17:01:50Z,73,0.0003628896,Y,61347,29884
1389802482,2026-03-17T13:15:43Z,2026-03-20T08:23:52Z,287,0.000487159,Y,64643,49047
1390123868,2026-03-17T21:51:57Z,2026-03-20T17:32:52Z,2828,,Y,8820,53109
1390124287,2026-03-17T21:52:01Z,2026-03-19T00:39:36Z,4913,,Y,19168,21216
1390124324,2026-03-17T21:52:01Z,2026-03-18T11:08:07Z,2744,,Y,19749,23045
1390124409,2026-03-17T21:52:02Z,2026-03-19T23:30:03Z,3827,,Y,20623,23625
1390124479,2026-03-17T21:52:03Z,2026-03-19T00:39:36Z,4913,,Y,21216,19168
1390124591,2026-03-17T21:52:04Z,2026-03-18T11:08:07Z,2744,,Y,23045,19749
1390124605,2026-03-17T21:52:04Z,2026-03-18T16:17:30Z,4164,,Y,23205,23398
1390124606,2026-03-17T21:52:04Z,2026-03-19T03:33:14Z,4725,,Y,23205,23398
1390124604,2026-03-17T21:52:04Z,2026-03-18T05:01:46Z,3978,,Y,23205,23398
1390124410,2026-03-17T21:52:05Z,2026-03-20T10:44:47Z,2507,,Y,20623,23625
1390124789,2026-03-17T21:52:08Z,2026-03-19T03:33:14Z,4725,,Y,23398,23205
1390124841,2026-03-17T21:52:08Z,2026-03-19T23:30:03Z,3827,,Y,23625,20623
1390124788,2026-03-17T21:52:08Z,2026-03-18T16:17:30Z,4164,,Y,23398,23205
1390124787,2026-03-17T21:52:08Z,2026-03-18T05:01:46Z,3978,,Y,23398,23205
1390124842,2026-03-17T21:52:10Z,2026-03-20T10:44:47Z,2507,,Y,23625,20623
1390126004,2026-03-17T21:52:25Z,2026-03-18T04:58:40Z,1082,,Y,34260,57595
1390178867,2026-03-17T22:54:46Z,2026-03-18T06:08:48Z,83,0.0002404588,Y,335,34589
1390179587,2026-03-17T22:54:58Z,2026-03-19T22:08:51Z,101,0.0002844195,Y,2777,5732
1390180590,2026-03-17T22:55:04Z,2026-03-19T02:58:44Z,32,0.004763966,Y,4767,14974
1390181048,2026-03-17T22:55:09Z,2026-03-19T22:08:51Z,101,0.0002844195,Y,5732,2777
1390181546,2026-03-17T22:55:18Z,2026-03-20T07:00:36Z,209,0.000716124,Y,7924,54263
1390182224,2026-03-17T22:55:24Z,2026-03-19T18:26:11Z,306,0.0001868631,Y,10520,14503
1390182530,2026-03-17T22:55:28Z,2026-03-18T12:26:29Z,201,0.0004230659,Y,12198,81123
1390183090,2026-03-17T22:55:32Z,2026-03-20T19:51:00Z,376,0.0002624584,Y,12730,20442
1390183098,2026-03-17T22:55:32Z,2026-03-19T20:00:38Z,217,0.0001048112,Y,12732,81427
1390184334,2026-03-17T22:55:44Z,2026-03-20T03:59:03Z,409,0.0001121156,Y,14503,22699
1390184333,2026-03-17T22:55:47Z,2026-03-19T18:26:11Z,306,0.0001868631,Y,14503,10520
1390184796,2026-03-17T22:55:49Z,2026-03-18T04:52:18Z,118,0.000472818,Y,16012,36204
1390184574,2026-03-17T22:55:50Z,2026-03-19T02:58:44Z,32,0.004763966,Y,14974,4767
1390185147,2026-03-17T22:55:52Z,2026-03-20T20:01:34Z,58,0.0001013994,Y,17621,56597
1390185342,2026-03-17T22:55:56Z,2026-03-19T11:51:54Z,677,0.0002059485,Y,18122,87214
1390186583,2026-03-17T22:56:07Z,2026-03-18T20:19:34Z,176,0.0007171057,Y,19656,270330
1390186739,2026-03-17T22:56:09Z,2026-03-20T19:51:00Z,376,0.0002624584,Y,20442,12730
1390186715,2026-03-17T22:56:12Z,2026-03-20T11:14:06Z,247,0.0002637948,Y,20436,39100
1390188007,2026-03-17T22:56:22Z,2026-03-20T03:59:03Z,409,0.0001121156,Y,22699,14503
1390248640,2026-03-17T22:56:31Z,2026-03-18T03:14:13Z,508,0.0001384063,Y,23752,39055
1390249520,2026-03-17T22:56:36Z,2026-03-20T07:08:31Z,801,0.0003117814,Y,25203,85217
1390251970,2026-03-17T22:57:03Z,2026-03-18T23:05:04Z,60,0.0001060197,Y,27677,34061
1390252201,2026-03-17T22:57:06Z,2026-03-18T17:54:34Z,55,0.0005800127,Y,28080,61355
1390223047,2026-03-17T22:58:48Z,2026-03-18T23:05:04Z,60,0.0001060197,Y,34061,27677
1390224005,2026-03-17T22:58:56Z,2026-03-18T06:08:48Z,83,0.0002404588,Y,34589,335
1390224276,2026-03-17T22:58:58Z,2026-03-20T02:44:36Z,991,0.0001098212,Y,34846,38666
1390224088,2026-03-17T22:58:59Z,2026-03-20T11:34:26Z,58,0.0001195261,Y,34652,54951
1390225811,2026-03-17T22:59:10Z,2026-03-20T22:28:40Z,517,0.0001142191,Y,35517,89261
1390226905,2026-03-17T22:59:21Z,2026-03-18T04:52:18Z,118,0.000472818,Y,36204,16012
1390235115,2026-03-17T23:04:10Z,2026-03-20T21:26:14Z,907,0.0001146198,Y,50794,68197
1390321610,2026-03-17T23:04:47Z,2026-03-20T07:00:36Z,209,0.000716124,Y,54263,7924
1390324322,2026-03-17T23:05:13Z,2026-03-19T00:12:28Z,29,0.0001966893,Y,54943,60691
1390324358,2026-03-17T23:05:14Z,2026-03-20T11:34:26Z,58,0.0001195261,Y,54951,34652
1390328981,2026-03-17T23:06:07Z,2026-03-20T20:01:34Z,58,0.0001013994,Y,56597,17621
1390345361,2026-03-17T23:10:32Z,2026-03-19T00:12:28Z,29,0.0001966893,Y,60691,54943
1390349003,2026-03-17T23:11:11Z,2026-03-18T17:54:34Z,55,0.0005800127,Y,61355,28080
1390445435,2026-03-17T23:18:26Z,2026-03-20T21:26:14Z,907,0.0001146198,Y,68197,50794
1390550162,2026-03-18T04:04:37Z,2026-03-19T00:39:36Z,4913,,Y,19168,21216
1390550201,2026-03-18T04:04:37Z,2026-03-18T11:08:07Z,2744,,Y,19749,23045
1390550306,2026-03-18T04:04:38Z,2026-03-20T21:59:30Z,2267,,Y,20623,23625
1390550305,2026-03-18T04:04:38Z,2026-03-20T10:44:47Z,2507,,Y,20623,23625
1390550304,2026-03-18T04:04:38Z,2026-03-19T23:30:03Z,3827,,Y,20623,23625
1390550397,2026-03-18T04:04:41Z,2026-03-19T00:39:36Z,4913,,Y,21216,19168
1390550535,2026-03-18T04:04:42Z,2026-03-19T03:33:14Z,4725,,Y,23205,23398
1390550533,2026-03-18T04:04:43Z,2026-03-18T05:01:46Z,3978,,Y,23205,23398
1390550734,2026-03-18T04:04:43Z,2026-03-18T05:01:46Z,3978,,Y,23398,23205
1390550735,2026-03-18T04:04:43Z,2026-03-18T16:17:30Z,4164,,Y,23398,23205
1390550736,2026-03-18T04:04:43Z,2026-03-19T03:33:14Z,4725,,Y,23398,23205
1390550534,2026-03-18T04:04:44Z,2026-03-18T16:17:30Z,4164,,Y,23205,23398
1390550520,2026-03-18T04:04:44Z,2026-03-18T11:08:07Z,2744,,Y,23045,19749
1390550795,2026-03-18T04:04:45Z,2026-03-19T23:30:03Z,3827,,Y,23625,20623
1390550796,2026-03-18T04:04:45Z,2026-03-20T10:44:47Z,2507,,Y,23625,20623
1390550797,2026-03-18T04:04:45Z,2026-03-20T21:59:30Z,2267,,Y,23625,20623
1390552193,2026-03-18T04:05:06Z,2026-03-18T04:58:40Z,1082,,Y,34260,57595
1390555324,2026-03-18T04:05:22Z,2026-03-18T04:58:40Z,1082,,Y,57595,34260
1390612338,2026-03-18T05:32:55Z,2026-03-18T06:08:48Z,107,0.000234461,Y,335,34589
1390613017,2026-03-18T05:33:02Z,2026-03-19T22:08:51Z,130,0.0002805449,Y,2777,5732
1390613973,2026-03-18T05:33:11Z,2026-03-19T02:58:44Z,22,0.004973916,Y,4767,14974
1390614408,2026-03-18T05:33:16Z,2026-03-19T22:08:51Z,130,0.0002805449,Y,5732,2777
1390614884,2026-03-18T05:33:20Z,2026-03-20T07:00:36Z,303,0.001623391,Y,7924,54263
1390615528,2026-03-18T05:33:26Z,2026-03-19T18:26:11Z,290,0.000179409,Y,10520,14503
1390615800,2026-03-18T05:33:29Z,2026-03-18T12:26:29Z,201,0.0004230661,Y,12198,81123
1390616327,2026-03-18T05:33:34Z,2026-03-20T19:51:00Z,558,0.0002676543,Y,12730,20442
1390616335,2026-03-18T05:33:34Z,2026-03-19T20:00:38Z,153,0.0003025592,Y,12732,81427
1390616396,2026-03-18T05:33:35Z,2026-03-21T03:20:26Z,379,0.0005664659,Y,12791,60895
1390617544,2026-03-18T05:33:48Z,2026-03-19T18:26:11Z,290,0.000179409,Y,14503,10520
1390617545,2026-03-18T05:33:48Z,2026-03-20T03:59:03Z,418,0.0001054513,Y,14503,22699
1390617777,2026-03-18T05:33:50Z,2026-03-19T02:58:44Z,22,0.004973916,Y,14974,4767
1390617963,2026-03-18T05:33:55Z,2026-03-18T04:52:18Z,117,0.000478847,Y,16012,36204
1390618312,2026-03-18T05:33:57Z,2026-03-20T20:01:34Z,58,0.0001013995,Y,17621,56597
1390618488,2026-03-18T05:34:00Z,2026-03-19T11:51:54Z,678,0.0002068877,Y,18122,87214
1390619797,2026-03-18T05:34:12Z,2026-03-20T11:14:06Z,401,0.000246983,Y,20436,39100
1390619661,2026-03-18T05:34:12Z,2026-03-18T20:19:34Z,181,0.0007006286,Y,19656,270330
1390619820,2026-03-18T05:34:13Z,2026-03-20T19:51:00Z,558,0.0002676543,Y,20442,12730
1390621060,2026-03-18T05:34:27Z,2026-03-20T03:59:03Z,418,0.0001054513,Y,22699,14503
1390622485,2026-03-18T05:34:41Z,2026-03-20T07:08:31Z,760,0.0003423297,Y,25203,85217
1390625126,2026-03-18T05:35:12Z,2026-03-18T17:54:34Z,106,0.0004076361,Y,28080,61355
1390629954,2026-03-18T05:36:01Z,2026-03-18T18:20:07Z,58,0.0001063928,Y,30893,41283
1390635893,2026-03-18T05:37:04Z,2026-03-18T06:08:48Z,107,0.000234461,Y,34589,335
1390635977,2026-03-18T05:37:05Z,2026-03-20T11:34:26Z,58,0.0001195263,Y,34652,54951
1390637586,2026-03-18T05:37:21Z,2026-03-20T22:28:40Z,517,0.0001142205,Y,35517,89261
1390638669,2026-03-18T05:37:31Z,2026-03-18T04:52:18Z,117,0.000478847,Y,36204,16012
1390642580,2026-03-18T05:38:15Z,2026-03-20T11:14:06Z,401,0.000246983,Y,39100,20436
1390647891,2026-03-18T05:39:06Z,2026-03-18T18:20:07Z,58,0.0001063928,Y,41283,30893
1390666944,2026-03-18T05:43:34Z,2026-03-20T21:26:14Z,63,0.0004088913,Y,50794,68197
1390671155,2026-03-18T05:44:33Z,2026-03-20T07:00:36Z,303,0.001623391,Y,54263,7924
1390673766,2026-03-18T05:45:31Z,2026-03-19T00:12:28Z,32,0.0005567554,Y,54943,60691
1390673804,2026-03-18T05:45:34Z,2026-03-20T11:34:26Z,58,0.0001195263,Y,54951,34652
1390678166,2026-03-18T05:46:22Z,2026-03-20T20:01:34Z,58,0.0001013995,Y,56597,17621
1390704841,2026-03-18T05:50:42Z,2026-03-19T00:12:28Z,32,0.0005567554,Y,60691,54943
1390705921,2026-03-18T05:50:49Z,2026-03-21T03:20:26Z,379,0.0005664659,Y,60895,12791
1390708415,2026-03-18T05:51:09Z,2026-03-18T17:54:34Z,106,0.0004076361,Y,61355,28080
1390764694,2026-03-18T05:54:42Z,2026-03-20T08:23:52Z,276,0.0004540109,Y,64643,49047
1390783991,2026-03-18T05:58:23Z,2026-03-20T21:26:14Z,63,0.0004088913,Y,68197,50794
1391458366,2026-03-18T11:47:54Z,2026-03-20T17:32:52Z,2828,,Y,8820,53109
1391458815,2026-03-18T11:47:59Z,2026-03-19T00:39:36Z,4843,,Y,19168,21216
1391458936,2026-03-18T11:48:00Z,2026-03-21T09:14:14Z,3324,,Y,20623,23625
1391458934,2026-03-18T11:48:00Z,2026-03-20T10:44:47Z,2507,,Y,20623,23625
1391458933,2026-03-18T11:48:00Z,2026-03-19T23:30:03Z,3827,,Y,20623,23625
1391458935,2026-03-18T11:48:00Z,2026-03-20T21:59:30Z,2267,,Y,20623,23625
1391459142,2026-03-18T11:48:02Z,2026-03-19T03:33:14Z,4725,,Y,23205,23398
1391459141,2026-03-18T11:48:02Z,2026-03-18T16:17:30Z,4164,,Y,23205,23398
1391459386,2026-03-18T11:48:04Z,2026-03-21T09:14:14Z,3324,,Y,23625,20623
1391459385,2026-03-18T11:48:04Z,2026-03-20T21:59:30Z,2267,,Y,23625,20623
1391459327,2026-03-18T11:48:04Z,2026-03-18T16:17:30Z,4164,,Y,23398,23205
1391459328,2026-03-18T11:48:04Z,2026-03-19T03:33:14Z,4725,,Y,23398,23205
1391459014,2026-03-18T11:48:04Z,2026-03-19T00:39:36Z,4843,,Y,21216,19168
1391459383,2026-03-18T11:48:05Z,2026-03-19T23:30:03Z,3827,,Y,23625,20623
1391459384,2026-03-18T11:48:08Z,2026-03-20T10:44:47Z,2507,,Y,23625,20623
1391509340,2026-03-18T13:02:30Z,2026-03-19T22:08:51Z,147,0.0002806673,Y,2777,5732
1391510361,2026-03-18T13:02:41Z,2026-03-18T13:44:26Z,254,0.0001445545,Y,4922,20327
1391510281,2026-03-18T13:02:41Z,2026-03-19T02:58:44Z,79,0.003253666,Y,4767,14974
1391510679,2026-03-18T13:02:44Z,2026-03-19T22:08:51Z,147,0.0002806673,Y,5732,2777
1391511154,2026-03-18T13:02:48Z,2026-03-20T07:00:36Z,483,0.001261366,Y,7924,54263
1391511765,2026-03-18T13:02:54Z,2026-03-19T18:26:11Z,291,0.0001798012,Y,10520,14503
1391512032,2026-03-18T13:02:56Z,2026-03-18T12:26:29Z,208,0.0004082481,Y,12198,81123
1391512550,2026-03-18T13:03:01Z,2026-03-20T19:51:00Z,768,0.0002614964,Y,12730,20442
1391512557,2026-03-18T13:03:01Z,2026-03-19T20:00:38Z,146,0.0003706071,Y,12732,81427
1391512617,2026-03-18T13:03:02Z,2026-03-21T03:20:26Z,585,0.0006053919,Y,12791,60895
1391513749,2026-03-18T13:03:13Z,2026-03-20T03:59:03Z,423,0.0001022062,Y,14503,22699
1391513748,2026-03-18T13:03:13Z,2026-03-19T18:26:11Z,291,0.0001798012,Y,14503,10520
1391513969,2026-03-18T13:03:15Z,2026-03-19T02:58:44Z,79,0.003253666,Y,14974,4767
1391515953,2026-03-18T13:03:34Z,2026-03-20T19:51:00Z,768,0.0002614964,Y,20442,12730
1391515889,2026-03-18T13:03:34Z,2026-03-18T13:44:26Z,254,0.0001445545,Y,20327,4922
1391515929,2026-03-18T13:03:35Z,2026-03-20T11:14:06Z,165,0.000247908,Y,20436,39100
1391517121,2026-03-18T13:03:46Z,2026-03-20T03:59:03Z,423,0.0001022062,Y,22699,14503
1391518528,2026-03-18T13:04:02Z,2026-03-20T07:08:31Z,758,0.0003325833,Y,25203,85217
1391521062,2026-03-18T13:04:26Z,2026-03-18T17:54:34Z,125,0.0001648231,Y,28080,61355
1391526004,2026-03-18T13:05:12Z,2026-03-18T17:44:15Z,141,0.0001608475,Y,31030,57538
1391531565,2026-03-18T13:06:14Z,2026-03-20T11:34:26Z,60,0.0001242819,Y,34652,54951
1391544179,2026-03-18T13:07:15Z,2026-03-20T11:14:06Z,165,0.000247908,Y,39100,20436
1391567397,2026-03-18T13:16:56Z,2026-03-20T21:26:14Z,138,0.0001913146,Y,50794,68197
1391571630,2026-03-18T13:17:59Z,2026-03-20T07:00:36Z,483,0.001261366,Y,54263,7924
1391574298,2026-03-18T13:18:38Z,2026-03-19T00:12:28Z,26,0.0004397013,Y,54943,60691
1391574338,2026-03-18T13:18:38Z,2026-03-20T11:34:26Z,60,0.0001242819,Y,54951,34652
1391584027,2026-03-18T13:21:26Z,2026-03-18T17:44:15Z,141,0.0001608475,Y,57538,31030
1391613906,2026-03-18T13:27:25Z,2026-03-19T00:12:28Z,26,0.0004397013,Y,60691,54943
1391641430,2026-03-18T13:36:48Z,2026-03-20T08:23:52Z,250,0.0004628028,Y,64643,49047
1391659702,2026-03-18T13:44:17Z,2026-03-20T21:26:14Z,138,0.0001913146,Y,68197,50794
1392317965,2026-03-18T21:11:42Z,2026-03-19T00:39:36Z,4843,,Y,19168,21216
1392318081,2026-03-18T21:11:45Z,2026-03-20T21:59:30Z,2267,,Y,20623,23625
1392318082,2026-03-18T21:11:45Z,2026-03-21T09:14:14Z,3324,,Y,20623,23625
1392318079,2026-03-18T21:11:45Z,2026-03-19T23:30:03Z,3827,,Y,20623,23625
1392318119,2026-03-18T21:11:45Z,2026-03-21T19:22:02Z,2301,,Y,20873,25666
1392318080,2026-03-18T21:11:45Z,2026-03-20T10:44:47Z,2507,,Y,20623,23625
1392318149,2026-03-18T21:11:46Z,2026-03-19T00:39:36Z,4843,,Y,21216,19168
1392318262,2026-03-18T21:11:48Z,2026-03-19T03:33:15Z,4649,,Y,23205,23398
1392318445,2026-03-18T21:11:52Z,2026-03-19T03:33:15Z,4649,,Y,23398,23205
1392318502,2026-03-18T21:11:54Z,2026-03-21T09:14:14Z,3324,,Y,23625,20623
1392318499,2026-03-18T21:11:54Z,2026-03-19T23:30:03Z,3827,,Y,23625,20623
1392318500,2026-03-18T21:11:55Z,2026-03-20T10:44:47Z,2507,,Y,23625,20623
1392318501,2026-03-18T21:11:55Z,2026-03-20T21:59:30Z,2267,,Y,23625,20623
1392318682,2026-03-18T21:11:58Z,2026-03-21T19:22:02Z,2301,,Y,25666,20873
1392492069,2026-03-18T22:07:21Z,2026-03-20T07:06:11Z,999,0.0001172974,Y,2121,39105
1392492213,2026-03-18T22:07:22Z,2026-03-19T22:08:51Z,143,0.0003151167,Y,2777,5732
1392491949,2026-03-18T22:07:22Z,2026-03-21T13:21:39Z,970,0.0002198179,Y,1738,35465
1392493220,2026-03-18T22:07:30Z,2026-03-19T02:58:44Z,128,0.0009787083,Y,4767,14974
1392493348,2026-03-18T22:07:31Z,2026-03-21T20:33:47Z,510,0.000130516,Y,5010,38374
1392493652,2026-03-18T22:07:33Z,2026-03-19T22:08:51Z,143,0.0003151167,Y,5732,2777
1392493811,2026-03-18T22:07:35Z,2026-03-20T15:14:27Z,214,0.0002145472,Y,6276,57575
1392493903,2026-03-18T22:07:35Z,2026-03-21T21:55:07Z,176,0.000458096,Y,6392,39304
1392494833,2026-03-18T22:07:41Z,2026-03-19T18:26:11Z,296,0.0001820824,Y,10520,14503
1392495688,2026-03-18T22:07:49Z,2026-03-20T19:51:00Z,598,0.0002755053,Y,12730,20442
1392495767,2026-03-18T22:07:49Z,2026-03-21T03:20:26Z,147,0.00155348,Y,12791,60895
1392495705,2026-03-18T22:07:49Z,2026-03-19T04:52:27Z,214,0.00120821,Y,12737,18129
1392495695,2026-03-18T22:07:49Z,2026-03-19T20:00:38Z,147,0.0003494092,Y,12732,81427
1392496918,2026-03-18T22:07:59Z,2026-03-20T03:59:03Z,418,0.0001058538,Y,14503,22699
1392497126,2026-03-18T22:07:59Z,2026-03-19T02:58:44Z,128,0.0009787083,Y,14974,4767
1392496917,2026-03-18T22:07:59Z,2026-03-19T18:26:11Z,296,0.0001820824,Y,14503,10520
1392497867,2026-03-18T22:08:05Z,2026-03-19T11:51:54Z,255,0.0004925396,Y,18122,87214
1392497706,2026-03-18T22:08:05Z,2026-03-20T20:01:33Z,89,0.0001289464,Y,17621,56597
1392497869,2026-03-18T22:08:05Z,2026-03-19T04:52:27Z,214,0.00120821,Y,18129,12737
1392498469,2026-03-18T22:08:11Z,2026-03-21T18:43:45Z,222,0.0002449812,Y,19039,31533
1392499319,2026-03-18T22:08:17Z,2026-03-20T19:51:00Z,598,0.0002755053,Y,20442,12730
1392500590,2026-03-18T22:08:26Z,2026-03-20T03:59:03Z,418,0.0001058538,Y,22699,14503
1392502003,2026-03-18T22:08:37Z,2026-03-20T07:08:31Z,792,0.0002632683,Y,25203,85217
1392502913,2026-03-18T22:08:44Z,2026-03-21T01:44:38Z,288,0.0001556643,Y,26080,34021
1392504194,2026-03-18T22:08:54Z,2026-03-21T12:28:18Z,204,0.0001290695,Y,27596,81667
1392509089,2026-03-18T22:09:29Z,2026-03-21T11:11:51Z,633,0.0001048071,Y,30746,37733
1392511139,2026-03-18T22:09:44Z,2026-03-21T18:43:45Z,222,0.0002449812,Y,31533,19039
1392514614,2026-03-18T22:10:10Z,2026-03-21T01:44:38Z,288,0.0001556643,Y,34021,26080
1392515737,2026-03-18T22:10:19Z,2026-03-20T11:34:26Z,51,0.0001973832,Y,34652,54951
1392517322,2026-03-18T22:10:31Z,2026-03-21T13:21:39Z,970,0.0002198179,Y,35465,1738
1392521470,2026-03-18T22:10:57Z,2026-03-21T11:11:51Z,633,0.0001048071,Y,37733,30746
1392522448,2026-03-18T22:11:04Z,2026-03-21T20:33:47Z,510,0.000130516,Y,38374,5010
1392523053,2026-03-18T22:11:09Z,2026-03-20T07:06:11Z,999,0.0001172974,Y,39105,2121
1392523456,2026-03-18T22:11:12Z,2026-03-21T21:55:07Z,176,0.000458096,Y,39304,6392
1392527681,2026-03-18T22:11:49Z,2026-03-20T19:18:35Z,352,0.0001117689,Y,41063,49050
1392545189,2026-03-18T22:14:01Z,2026-03-20T19:18:35Z,352,0.0001117689,Y,49050,41063
1392546570,2026-03-18T22:14:12Z,2026-03-20T21:26:14Z,192,0.0005423418,Y,50794,68197
1392584139,2026-03-18T22:16:34Z,2026-03-20T15:14:27Z,214,0.0002145472,Y,57575,6276
1392603798,2026-03-18T22:19:09Z,2026-03-19T00:12:28Z,26,0.0004641656,Y,60691,54943
1392604873,2026-03-18T22:19:19Z,2026-03-21T03:20:26Z,147,0.00155348,Y,60895,12791
1392622513,2026-03-18T22:22:56Z,2026-03-20T08:23:52Z,306,0.0001238462,Y,64643,49047
1392640824,2026-03-18T22:25:23Z,2026-03-20T21:26:14Z,192,0.0005423418,Y,68197,50794
1392877482,2026-03-19T03:44:24Z,2026-03-20T17:32:52Z,2829,,Y,8820,53109
1392878198,2026-03-19T03:44:29Z,2026-03-21T19:22:02Z,2301,,Y,20873,25666
1392878154,2026-03-19T03:44:32Z,2026-03-20T21:59:30Z,2267,,Y,20623,23625
1392878152,2026-03-19T03:44:32Z,2026-03-19T23:30:03Z,3827,,Y,20623,23625
1392878155,2026-03-19T03:44:32Z,2026-03-21T09:14:14Z,3324,,Y,20623,23625
1392878153,2026-03-19T03:44:32Z,2026-03-20T10:44:47Z,2507,,Y,20623,23625
1392878643,2026-03-19T03:44:34Z,2026-03-21T09:14:14Z,3324,,Y,23625,20623
1392878641,2026-03-19T03:44:34Z,2026-03-20T10:44:47Z,2507,,Y,23625,20623
1392878642,2026-03-19T03:44:34Z,2026-03-20T21:59:30Z,2267,,Y,23625,20623
1392878640,2026-03-19T03:44:34Z,2026-03-19T23:30:03Z,3827,,Y,23625,20623
1392878854,2026-03-19T03:44:35Z,2026-03-21T19:22:02Z,2301,,Y,25666,20873
1392932802,2026-03-19T04:45:40Z,2026-03-20T07:06:11Z,989,0.000119205,Y,2121,39105
1392932936,2026-03-19T04:45:41Z,2026-03-19T22:08:51Z,153,0.0003304063,Y,2777,5732
1392932927,2026-03-19T04:45:41Z,2026-03-22T00:37:05Z,166,0.0001441405,Y,2701,30616
1392934046,2026-03-19T04:45:49Z,2026-03-21T20:33:47Z,542,0.00011496,Y,5010,38374
1392934363,2026-03-19T04:45:52Z,2026-03-19T22:08:51Z,153,0.0003304063,Y,5732,2777
1392934607,2026-03-19T04:45:54Z,2026-03-21T21:55:07Z,95,0.0009083845,Y,6392,39304
1392934520,2026-03-19T04:45:56Z,2026-03-20T15:14:27Z,262,0.0002403631,Y,6276,57575
1392935504,2026-03-19T04:46:00Z,2026-03-19T18:26:11Z,297,0.0001867848,Y,10520,14503
1392936350,2026-03-19T04:46:07Z,2026-03-20T19:51:00Z,74,0.0004967823,Y,12730,20442
1392936365,2026-03-19T04:46:07Z,2026-03-19T04:52:27Z,216,0.001173826,Y,12737,18129
1392936357,2026-03-19T04:46:07Z,2026-03-19T20:00:38Z,146,0.0003601101,Y,12732,81427
1392936421,2026-03-19T04:46:08Z,2026-03-21T03:20:26Z,143,0.001512078,Y,12791,60895
1392937522,2026-03-19T04:46:16Z,2026-03-19T18:26:11Z,297,0.0001867848,Y,14503,10520
1392937523,2026-03-19T04:46:17Z,2026-03-20T03:59:03Z,411,0.0001100166,Y,14503,22699
1392938262,2026-03-19T04:46:21Z,2026-03-20T20:01:33Z,95,0.0001236018,Y,17621,56597
1392938419,2026-03-19T04:46:22Z,2026-03-19T04:52:27Z,216,0.001173826,Y,18129,12737
1392938417,2026-03-19T04:46:23Z,2026-03-19T11:51:54Z,255,0.000490123,Y,18122,87214
1392939854,2026-03-19T04:46:36Z,2026-03-20T19:51:00Z,74,0.0004967823,Y,20442,12730
1392941091,2026-03-19T04:46:43Z,2026-03-20T03:59:03Z,411,0.0001100166,Y,22699,14503
1392943278,2026-03-19T04:47:00Z,2026-03-21T01:44:38Z,336,0.001154682,Y,26080,34021
1392944543,2026-03-19T04:47:09Z,2026-03-21T12:28:18Z,402,0.0001365606,Y,27596,81667
1392948928,2026-03-19T04:47:42Z,2026-03-22T00:37:05Z,166,0.0001441405,Y,30616,2701
1392949311,2026-03-19T04:47:46Z,2026-03-21T11:11:51Z,647,0.0001474853,Y,30746,37733
1392954623,2026-03-19T04:48:28Z,2026-03-21T01:44:38Z,336,0.001154682,Y,34021,26080
1392955769,2026-03-19T04:48:35Z,2026-03-20T11:34:26Z,77,0.0002249921,Y,34652,54951
1392960760,2026-03-19T04:49:20Z,2026-03-21T11:11:51Z,647,0.0001474853,Y,37733,30746
1392961689,2026-03-19T04:49:26Z,2026-03-21T20:33:47Z,542,0.00011496,Y,38374,5010
1392962293,2026-03-19T04:49:32Z,2026-03-20T07:06:11Z,989,0.000119205,Y,39105,2121
1392962702,2026-03-19T04:49:35Z,2026-03-21T21:55:07Z,95,0.0009083845,Y,39304,6392
1392966840,2026-03-19T04:50:09Z,2026-03-20T19:18:35Z,495,0.0001205508,Y,41063,49050
1392984888,2026-03-19T04:52:34Z,2026-03-20T19:18:35Z,495,0.0001205508,Y,49050,41063
1392986290,2026-03-19T04:52:45Z,2026-03-20T21:26:14Z,295,0.0005725807,Y,50794,68197
1393013599,2026-03-19T04:55:08Z,2026-03-20T15:14:27Z,262,0.0002403631,Y,57575,6276
1393034787,2026-03-19T04:58:06Z,2026-03-21T03:20:26Z,143,0.001512078,Y,60895,12791
1393071152,2026-03-19T05:04:23Z,2026-03-20T21:26:14Z,295,0.0005725807,Y,68197,50794
1393486242,2026-03-19T11:27:55Z,2026-03-20T17:32:52Z,2828,,Y,8820,53109
1393486886,2026-03-19T11:28:00Z,2026-03-21T19:22:02Z,2301,,Y,20873,25666
1393487452,2026-03-19T11:28:08Z,2026-03-21T19:22:02Z,2301,,Y,25666,20873
1393600779,2026-03-19T12:42:00Z,2026-03-20T07:06:11Z,940,0.0001406966,Y,2121,39105
1393600904,2026-03-19T12:42:01Z,2026-03-22T00:37:05Z,133,0.0001617568,Y,2701,30616
1393600914,2026-03-19T12:42:02Z,2026-03-19T22:08:51Z,131,0.0003423223,Y,2777,5732
1393601966,2026-03-19T12:42:12Z,2026-03-21T20:33:47Z,64,0.0002924933,Y,5010,38374
1393602261,2026-03-19T12:42:14Z,2026-03-19T22:08:51Z,131,0.0003423223,Y,5732,2777
1393602504,2026-03-19T12:42:16Z,2026-03-21T21:55:07Z,155,0.0007779437,Y,6392,39304
1393602676,2026-03-19T12:42:17Z,2026-03-22T08:30:48Z,144,0.001785377,Y,7736,10732
1393603338,2026-03-19T12:42:21Z,2026-03-19T18:26:11Z,125,0.000426397,Y,10520,14503
1393603397,2026-03-19T12:42:22Z,2026-03-22T08:30:48Z,144,0.001785377,Y,10732,7736
1393604177,2026-03-19T12:42:27Z,2026-03-19T20:00:38Z,143,0.0003784405,Y,12732,81427
1393604234,2026-03-19T12:42:28Z,2026-03-21T03:20:26Z,269,0.002172515,Y,12791,60895
1393605290,2026-03-19T12:42:35Z,2026-03-19T18:26:11Z,125,0.000426397,Y,14503,10520
1393605291,2026-03-19T12:42:35Z,2026-03-20T03:59:03Z,75,0.0002734264,Y,14503,22699
1393605258,2026-03-19T12:42:36Z,2026-03-22T12:06:21Z,239,0.0003644127,Y,14483,23561
1393606144,2026-03-19T12:42:42Z,2026-03-19T11:51:54Z,254,0.0004821688,Y,18122,87214
1393606399,2026-03-19T12:42:45Z,2026-03-22T07:52:41Z,314,0.000162945,Y,18187,30355
1393608790,2026-03-19T12:43:07Z,2026-03-20T03:59:03Z,75,0.0002734264,Y,22699,14503
1393609063,2026-03-19T12:43:07Z,2026-03-22T12:06:21Z,239,0.0003644127,Y,23561,14483
1393609322,2026-03-19T12:43:09Z,2026-03-21T13:16:47Z,382,0.0001542972,Y,23814,42107
1393620712,2026-03-19T12:43:15Z,2026-03-22T06:16:43Z,79,0.0001199431,Y,25203,26184
1393621712,2026-03-19T12:43:23Z,2026-03-22T06:16:43Z,79,0.0001199431,Y,26184,25203
1393621811,2026-03-19T12:43:25Z,2026-03-20T12:44:21Z,247,0.0001737276,Y,26266,36510
1393622784,2026-03-19T12:43:32Z,2026-03-21T12:28:18Z,115,0.0002174514,Y,27596,81667
1393625478,2026-03-19T12:43:54Z,2026-03-21T17:16:30Z,152,0.0001129988,Y,29966,45501
1393626343,2026-03-19T12:44:04Z,2026-03-22T07:52:41Z,314,0.000162945,Y,30355,18187
1393626927,2026-03-19T12:44:05Z,2026-03-22T00:37:05Z,133,0.0001617568,Y,30616,2701
1393628437,2026-03-19T12:44:18Z,2026-03-20T04:07:46Z,64,0.0002252183,Y,31196,34314
1393612162,2026-03-19T12:44:53Z,2026-03-20T04:07:46Z,64,0.0002252183,Y,34314,31196
1393612860,2026-03-19T12:45:00Z,2026-03-20T11:34:26Z,81,0.0001838909,Y,34652,54951
1393613751,2026-03-19T12:45:12Z,2026-03-20T16:31:06Z,100,0.0001130038,Y,35262,35718
1393614723,2026-03-19T12:45:22Z,2026-03-20T16:31:06Z,100,0.0001130038,Y,35718,35262
1393615936,2026-03-19T12:45:33Z,2026-03-20T12:44:21Z,247,0.0001737276,Y,36510,26266
1393618678,2026-03-19T12:45:58Z,2026-03-21T20:33:47Z,64,0.0002924933,Y,38374,5010
1393619275,2026-03-19T12:46:03Z,2026-03-20T07:06:11Z,940,0.0001406966,Y,39105,2121
1393650307,2026-03-19T12:46:06Z,2026-03-21T21:55:07Z,155,0.0007779437,Y,39304,6392
1393656494,2026-03-19T12:46:55Z,2026-03-21T13:16:47Z,382,0.0001542972,Y,42107,23814
1393645021,2026-03-19T12:48:03Z,2026-03-21T05:51:22Z,79,0.0001188395,Y,45306,63605
1393645102,2026-03-19T12:48:04Z,2026-03-21T17:16:30Z,152,0.0001129988,Y,45501,29966
1393632781,2026-03-19T12:49:10Z,2026-03-20T21:26:14Z,270,0.0002612206,Y,50794,68197
1393639810,2026-03-19T12:50:07Z,2026-03-20T11:34:26Z,81,0.0001838909,Y,54951,34652
1393670806,2026-03-19T12:54:30Z,2026-03-21T03:20:26Z,269,0.002172515,Y,60895,12791
1393722499,2026-03-19T12:57:36Z,2026-03-21T05:51:22Z,79,0.0001188395,Y,63605,45306
1393751673,2026-03-19T13:01:02Z,2026-03-20T21:26:14Z,270,0.0002612206,Y,68197,50794
1393993862,2026-03-19T20:58:44Z,2026-03-21T19:22:02Z,1706,,Y,20873,25666
1393994347,2026-03-19T20:58:46Z,2026-03-21T19:22:02Z,1706,,Y,25666,20873
1394058957,2026-03-19T21:59:47Z,2026-03-20T07:06:11Z,930,0.0001448081,Y,2121,39105
1394059094,2026-03-19T21:59:48Z,2026-03-19T22:08:51Z,107,0.0003474262,Y,2777,5732
1394059085,2026-03-19T21:59:49Z,2026-03-22T00:37:05Z,116,0.0001663202,Y,2701,30616
1394059732,2026-03-19T21:59:53Z,2026-03-20T07:26:22Z,70,0.0001440341,Y,4221,33899
1394060225,2026-03-19T21:59:58Z,2026-03-21T20:33:47Z,16,0.0003095596,Y,5010,38374
1394060538,2026-03-19T22:00:01Z,2026-03-19T22:08:51Z,107,0.0003474262,Y,5732,2777
1394060798,2026-03-19T22:00:05Z,2026-03-21T21:55:07Z,163,0.000755859,Y,6392,39304
1394060995,2026-03-19T22:00:06Z,2026-03-22T08:30:48Z,128,0.001424875,Y,7736,10732
1394061726,2026-03-19T22:00:15Z,2026-03-21T23:11:40Z,930,0.0001617577,Y,10520,41415
1394061786,2026-03-19T22:00:15Z,2026-03-22T08:30:48Z,128,0.001424875,Y,10732,7736
1394062682,2026-03-19T22:00:22Z,2026-03-21T03:20:26Z,321,0.001684105,Y,12791,60895
1394063745,2026-03-19T22:00:33Z,2026-03-20T03:59:03Z,145,0.0008375623,Y,14503,22699
1394064018,2026-03-19T22:00:36Z,2026-03-22T16:17:53Z,385,0.0005629329,Y,15595,39093
1394064836,2026-03-19T22:00:46Z,2026-03-22T07:52:41Z,284,0.0002628849,Y,18187,30355
1394067390,2026-03-19T22:01:09Z,2026-03-20T03:59:03Z,145,0.0008375623,Y,22699,14503
1394067955,2026-03-19T22:01:14Z,2026-03-21T13:16:47Z,334,0.0001098708,Y,23814,42107
1394069892,2026-03-19T22:01:31Z,2026-03-20T12:44:21Z,215,0.0003302015,Y,26266,36510
1394070870,2026-03-19T22:01:38Z,2026-03-21T12:28:18Z,102,0.0002384358,Y,27596,81667
1394073861,2026-03-19T22:02:03Z,2026-03-22T16:49:46Z,138,0.0001439741,Y,30064,61381
1394074700,2026-03-19T22:02:12Z,2026-03-21T08:35:41Z,90,0.0001710259,Y,30391,37928
1394074588,2026-03-19T22:02:13Z,2026-03-22T07:52:41Z,284,0.0002628849,Y,30355,18187
1394075237,2026-03-19T22:02:15Z,2026-03-22T00:37:05Z,116,0.0001663202,Y,30616,2701
1394076805,2026-03-19T22:02:28Z,2026-03-20T04:07:46Z,64,0.0002895796,Y,31196,34314
1394080703,2026-03-19T22:03:05Z,2026-03-20T07:26:22Z,70,0.0001440341,Y,33899,4221
1394081418,2026-03-19T22:03:12Z,2026-03-20T04:07:46Z,64,0.0002895796,Y,34314,31196
1394083069,2026-03-19T22:03:25Z,2026-03-20T16:31:06Z,164,0.0001159007,Y,35262,35718
1394084196,2026-03-19T22:03:34Z,2026-03-20T16:31:06Z,164,0.0001159007,Y,35718,35262
1394085485,2026-03-19T22:03:46Z,2026-03-20T12:44:21Z,215,0.0003302015,Y,36510,26266
1394087552,2026-03-19T22:04:05Z,2026-03-21T01:11:08Z,304,0.0001283525,Y,37795,42520
1394087683,2026-03-19T22:04:07Z,2026-03-21T08:35:41Z,90,0.0001710259,Y,37928,30391
1394088423,2026-03-19T22:04:15Z,2026-03-21T20:33:47Z,16,0.0003095596,Y,38374,5010
1394089024,2026-03-19T22:04:20Z,2026-03-22T16:17:53Z,385,0.0005629329,Y,39093,15595
1394089059,2026-03-19T22:04:20Z,2026-03-20T07:06:11Z,930,0.0001448081,Y,39105,2121
1394089510,2026-03-19T22:04:23Z,2026-03-21T21:55:07Z,163,0.000755859,Y,39304,6392
1394094723,2026-03-19T22:05:16Z,2026-03-21T23:11:40Z,930,0.0001617577,Y,41415,10520
1394095688,2026-03-19T22:05:21Z,2026-03-21T13:16:47Z,334,0.0001098708,Y,42107,23814
1394095964,2026-03-19T22:05:24Z,2026-03-20T22:10:19Z,106,0.0001239701,Y,42298,60609
1394096398,2026-03-19T22:05:28Z,2026-03-21T01:11:08Z,304,0.0001283525,Y,42520,37795
1394112966,2026-03-19T22:08:02Z,2026-03-20T21:26:14Z,225,0.0003062609,Y,50794,68197
1394150722,2026-03-19T22:14:25Z,2026-03-20T22:10:19Z,106,0.0001239701,Y,60609,42298
1394152231,2026-03-19T22:14:38Z,2026-03-21T03:20:26Z,321,0.001684105,Y,60895,12791
1394154638,2026-03-19T22:14:59Z,2026-03-22T16:49:46Z,138,0.0001439741,Y,61381,30064
1394199276,2026-03-19T22:22:12Z,2026-03-20T21:26:14Z,225,0.0003062609,Y,68197,50794
1394459909,2026-03-20T04:25:31Z,2026-03-20T17:32:52Z,2819,,Y,8820,53109
1394460550,2026-03-20T04:25:37Z,2026-03-21T09:14:14Z,3324,,Y,20623,23625
1394460548,2026-03-20T04:25:37Z,2026-03-20T10:44:47Z,2507,,Y,20623,23625
1394460602,2026-03-20T04:25:38Z,2026-03-21T19:22:02Z,1706,,Y,20873,25666
1394460737,2026-03-20T04:25:39Z,2026-03-22T14:22:25Z,1671,,Y,22738,34180
1394460549,2026-03-20T04:25:39Z,2026-03-20T21:59:30Z,2267,,Y,20623,23625
1394461014,2026-03-20T04:25:42Z,2026-03-20T21:59:30Z,2267,,Y,23625,20623
1394461013,2026-03-20T04:25:42Z,2026-03-20T10:44:47Z,2507,,Y,23625,20623
1394461015,2026-03-20T04:25:42Z,2026-03-21T09:14:14Z,3324,,Y,23625,20623
1394461233,2026-03-20T04:25:44Z,2026-03-21T19:22:02Z,1706,,Y,25666,20873
1394461816,2026-03-20T04:25:48Z,2026-03-22T13:22:07Z,3081,,Y,28634,43333
1394462405,2026-03-20T04:25:53Z,2026-03-22T14:22:25Z,1671,,Y,34180,22738
1394463001,2026-03-20T04:25:58Z,2026-03-22T07:08:56Z,4502,,Y,38653,43625
1394463124,2026-03-20T04:25:59Z,2026-03-22T15:40:05Z,3675,,Y,39342,43965
1394463826,2026-03-20T04:26:04Z,2026-03-22T13:22:07Z,3081,,Y,43333,28634
1394463908,2026-03-20T04:26:04Z,2026-03-22T07:08:56Z,4502,,Y,43625,38653
1394463968,2026-03-20T04:26:07Z,2026-03-22T15:40:05Z,3675,,Y,43965,39342
1394550386,2026-03-20T05:52:03Z,2026-03-20T21:26:14Z,288,0.0001170906,Y,50794,68197
1394561863,2026-03-20T05:54:06Z,2026-03-21T12:59:55Z,85,0.0003368248,Y,56635,22408
1394587083,2026-03-20T05:58:19Z,2026-03-20T22:10:19Z,106,0.0001243828,Y,60609,42298
1394588550,2026-03-20T05:58:32Z,2026-03-21T03:20:26Z,333,0.001653116,Y,60895,12791
1394590937,2026-03-20T05:58:58Z,2026-03-22T16:49:46Z,122,0.0002443561,Y,61381,30064
1394867126,2026-03-20T11:13:59Z,2026-03-20T17:32:52Z,2819,,Y,8820,53109
1394867683,2026-03-20T11:14:02Z,2026-03-20T21:59:30Z,2267,,Y,20623,23625
1394867838,2026-03-20T11:14:03Z,2026-03-22T14:22:24Z,1835,,Y,22738,34180
1394867684,2026-03-20T11:14:04Z,2026-03-21T09:14:14Z,3324,,Y,20623,23625
1394868101,2026-03-20T11:14:04Z,2026-03-20T21:59:30Z,2267,,Y,23625,20623
1394868288,2026-03-20T11:14:05Z,2026-03-21T19:22:02Z,1706,,Y,25666,20873
1394868102,2026-03-20T11:14:06Z,2026-03-21T09:14:14Z,3324,,Y,23625,20623
1394868770,2026-03-20T11:14:09Z,2026-03-22T13:22:07Z,3081,,Y,28634,43333
1394869278,2026-03-20T11:14:13Z,2026-03-22T14:22:24Z,1835,,Y,34180,22738
1394869925,2026-03-20T11:14:14Z,2026-03-22T15:40:05Z,3279,,Y,39342,43965
1394869818,2026-03-20T11:14:14Z,2026-03-22T07:08:56Z,4502,,Y,38653,43625
1394870576,2026-03-20T11:14:17Z,2026-03-22T13:22:07Z,3081,,Y,43333,28634
1394870647,2026-03-20T11:14:17Z,2026-03-22T07:08:56Z,4502,,Y,43625,38653
1394870783,2026-03-20T11:14:18Z,2026-03-22T15:40:05Z,3279,,Y,43965,39342
1394930932,2026-03-20T12:11:58Z,2026-03-21T21:55:07Z,195,0.0004032156,Y,6392,39304
1394931117,2026-03-20T12:11:58Z,2026-03-22T08:30:48Z,112,0.0008426784,Y,7736,10732
1394931795,2026-03-20T12:12:05Z,2026-03-21T23:11:40Z,531,0.0002885808,Y,10520,41415
1394931834,2026-03-20T12:12:06Z,2026-03-22T08:30:48Z,112,0.0008426784,Y,10732,7736
1394933951,2026-03-20T12:12:27Z,2026-03-22T16:17:53Z,512,0.0007529439,Y,15595,39093
1394936901,2026-03-20T12:13:02Z,2026-03-21T12:59:55Z,31,0.0004005973,Y,22408,56635
1394937668,2026-03-20T12:13:06Z,2026-03-21T13:16:47Z,219,0.0002622255,Y,23814,42107
1394959503,2026-03-20T12:13:26Z,2026-03-20T12:44:21Z,97,0.0001815119,Y,26266,36510
1394960146,2026-03-20T12:13:29Z,2026-03-23T06:29:11Z,613,0.000245686,Y,26622,36292
1394960440,2026-03-20T12:13:32Z,2026-03-21T12:28:18Z,124,0.0004829658,Y,27596,81667
1394964000,2026-03-20T12:14:04Z,2026-03-21T08:35:41Z,178,0.0001144851,Y,30391,37928
1394973226,2026-03-20T12:15:29Z,2026-03-21T22:32:15Z,584,0.0005423085,Y,35871,57726
1394973956,2026-03-20T12:15:38Z,2026-03-23T06:29:11Z,613,0.000245686,Y,36292,26622
1394974332,2026-03-20T12:15:40Z,2026-03-20T12:44:21Z,97,0.0001815119,Y,36510,26266
1394976399,2026-03-20T12:16:02Z,2026-03-21T08:35:41Z,178,0.0001144851,Y,37928,30391
1394977604,2026-03-20T12:16:14Z,2026-03-22T16:17:53Z,512,0.0007529439,Y,39093,15595
1394938696,2026-03-20T12:16:17Z,2026-03-21T21:55:07Z,195,0.0004032156,Y,39304,6392
1394943624,2026-03-20T12:17:00Z,2026-03-21T23:11:40Z,531,0.0002885808,Y,41415,10520
1394944575,2026-03-20T12:17:07Z,2026-03-21T13:16:47Z,219,0.0002622255,Y,42107,23814
1394944844,2026-03-20T12:17:10Z,2026-03-20T22:10:19Z,115,0.0001151402,Y,42298,60609
1395019877,2026-03-20T12:21:51Z,2026-03-21T12:59:55Z,31,0.0004005973,Y,56635,22408
1395025815,2026-03-20T12:22:41Z,2026-03-21T22:32:15Z,584,0.0005423085,Y,57726,35871
1394957348,2026-03-20T12:25:24Z,2026-03-20T22:10:19Z,115,0.0001151402,Y,60609,42298
1395297876,2026-03-20T20:48:33Z,2026-03-21T19:22:02Z,2166,,Y,20873,25666
1395297833,2026-03-20T20:48:33Z,2026-03-20T21:59:30Z,2429,,Y,20623,23625
1395297982,2026-03-20T20:48:34Z,2026-03-22T14:22:24Z,1835,,Y,22738,34180
1395297834,2026-03-20T20:48:35Z,2026-03-21T09:14:14Z,3547,,Y,20623,23625
1395298250,2026-03-20T20:48:36Z,2026-03-20T21:59:30Z,2429,,Y,23625,20623
1395298427,2026-03-20T20:48:38Z,2026-03-21T19:22:02Z,2166,,Y,25666,20873
1395298251,2026-03-20T20:48:39Z,2026-03-21T09:14:14Z,3547,,Y,23625,20623
1395298904,2026-03-20T20:48:43Z,2026-03-22T13:22:07Z,3192,,Y,28634,43333
1395299338,2026-03-20T20:48:46Z,2026-03-22T14:22:24Z,1835,,Y,34180,22738
1395299894,2026-03-20T20:48:51Z,2026-03-22T15:40:05Z,2979,,Y,39342,43965
1395299809,2026-03-20T20:48:52Z,2026-03-22T07:08:56Z,4494,,Y,38653,43625
1395300359,2026-03-20T20:48:56Z,2026-03-22T13:22:07Z,3192,,Y,43333,28634
1395300470,2026-03-20T20:48:57Z,2026-03-22T15:40:05Z,2979,,Y,43965,39342
1395300430,2026-03-20T20:48:57Z,2026-03-22T07:08:56Z,4494,,Y,43625,38653
1395399705,2026-03-20T21:47:36Z,2026-03-23T11:18:39Z,775,0.0002891584,Y,446,30549
1395400715,2026-03-20T21:47:40Z,2026-03-22T13:45:29Z,305,0.0001008424,Y,4071,30248
1395401370,2026-03-20T21:47:44Z,2026-03-21T20:33:47Z,275,0.0002046519,Y,5010,38374
1395401928,2026-03-20T21:47:47Z,2026-03-21T21:55:07Z,165,0.000692213,Y,6392,39304
1395402136,2026-03-20T21:47:48Z,2026-03-22T08:30:48Z,108,0.0005530544,Y,7736,10732
1395402210,2026-03-20T21:47:51Z,2026-03-21T03:11:35Z,97,0.0001038503,Y,8301,42948
1395402850,2026-03-20T21:47:52Z,2026-03-21T23:11:40Z,269,0.0006372591,Y,10520,41415
1395402891,2026-03-20T21:47:52Z,2026-03-22T08:30:48Z,108,0.0005530544,Y,10732,7736
1395403646,2026-03-20T21:47:58Z,2026-03-21T17:28:57Z,208,0.000207468,Y,12713,30706
1395408309,2026-03-20T21:48:24Z,2026-03-21T12:59:55Z,43,0.0004426169,Y,22408,56635
1395412078,2026-03-20T21:48:45Z,2026-03-21T12:28:18Z,80,0.0008867303,Y,27596,81667
1395411754,2026-03-20T21:48:45Z,2026-03-23T06:29:11Z,471,0.0001674835,Y,26622,36292
1395414360,2026-03-20T21:48:59Z,2026-03-23T00:16:55Z,392,0.0001560269,Y,29791,28479
1395414962,2026-03-20T21:49:02Z,2026-03-22T16:49:46Z,163,0.0002500034,Y,30064,61381
1395415426,2026-03-20T21:49:04Z,2026-03-22T13:45:29Z,305,0.0001008424,Y,30248,4071
1395416240,2026-03-20T21:49:10Z,2026-03-23T11:18:39Z,775,0.0002891584,Y,30549,446
1395416615,2026-03-20T21:49:15Z,2026-03-21T17:28:57Z,208,0.000207468,Y,30706,12713
1395418105,2026-03-20T21:49:22Z,2026-03-22T06:29:09Z,418,0.0001003549,Y,31239,38285
1395424555,2026-03-20T21:50:00Z,2026-03-21T11:20:17Z,116,0.0001168348,Y,35332,41378
1395425716,2026-03-20T21:50:09Z,2026-03-21T22:32:15Z,709,0.0006139277,Y,35871,57726
1395426459,2026-03-20T21:50:16Z,2026-03-23T06:29:11Z,471,0.0001674835,Y,36292,26622
1395430391,2026-03-20T21:50:31Z,2026-03-22T06:29:09Z,418,0.0001003549,Y,38285,31239
1395430588,2026-03-20T21:50:32Z,2026-03-21T20:33:47Z,275,0.0002046519,Y,38374,5010
1395431151,2026-03-20T21:50:35Z,2026-03-22T16:17:53Z,475,0.001856369,Y,39093,15595
1395431649,2026-03-20T21:50:42Z,2026-03-21T21:55:07Z,165,0.000692213,Y,39304,6392
1395436598,2026-03-20T21:51:11Z,2026-03-21T11:20:17Z,116,0.0001168348,Y,41378,35332
1395436683,2026-03-20T21:51:12Z,2026-03-21T23:11:40Z,269,0.0006372591,Y,41415,10520
1395437960,2026-03-20T21:51:21Z,2026-03-20T22:10:19Z,110,0.0001167,Y,42298,60609
1395466039,2026-03-20T21:54:05Z,2026-03-21T12:59:55Z,43,0.0004426169,Y,56635,22408
1395472051,2026-03-20T21:54:42Z,2026-03-21T22:32:15Z,709,0.0006139277,Y,57726,35871
1395490348,2026-03-20T21:57:29Z,2026-03-20T22:10:19Z,110,0.0001167,Y,60609,42298
1395494361,2026-03-20T21:57:56Z,2026-03-22T16:49:46Z,163,0.0002500034,Y,61381,30064
1395858737,2026-03-21T04:20:21Z,2026-03-21T09:14:14Z,3547,,Y,20623,23625
1395858780,2026-03-21T04:20:21Z,2026-03-21T19:22:02Z,2207,,Y,20873,25666
1395859185,2026-03-21T04:20:25Z,2026-03-21T09:14:14Z,3547,,Y,23625,20623
1395858882,2026-03-21T04:20:25Z,2026-03-22T14:22:24Z,2028,,Y,22738,34180
1395859378,2026-03-21T04:20:29Z,2026-03-21T19:22:02Z,2207,,Y,25666,20873
1395860501,2026-03-21T04:20:36Z,2026-03-22T14:22:24Z,2028,,Y,34180,22738
1395859956,2026-03-21T04:20:39Z,2026-03-22T13:22:07Z,3225,,Y,28634,43333
1395861136,2026-03-21T04:20:42Z,2026-03-22T07:08:56Z,4494,,Y,38653,43625
1395861279,2026-03-21T04:20:43Z,2026-03-22T15:40:05Z,3251,,Y,39342,43965
1395862286,2026-03-21T04:20:47Z,2026-03-22T07:08:56Z,4494,,Y,43625,38653
1395862161,2026-03-21T04:20:48Z,2026-03-22T13:22:07Z,3225,,Y,43333,28634
1395862344,2026-03-21T04:20:48Z,2026-03-22T15:40:05Z,3251,,Y,43965,39342
1396027230,2026-03-21T05:38:44Z,2026-03-22T13:45:30Z,135,0.0001520598,Y,4071,30248
1396027863,2026-03-21T05:38:51Z,2026-03-21T20:33:47Z,236,0.0001193416,Y,5010,38374
1396028429,2026-03-21T05:38:57Z,2026-03-21T21:55:07Z,204,0.0002797176,Y,6392,39304
1396028626,2026-03-21T05:39:00Z,2026-03-22T08:30:48Z,103,0.000554731,Y,7736,10732
1396029346,2026-03-21T05:39:10Z,2026-03-22T08:30:48Z,103,0.000554731,Y,10732,7736
1396029303,2026-03-21T05:39:10Z,2026-03-21T23:11:40Z,122,0.001067015,Y,10520,41415
1396031539,2026-03-21T05:39:50Z,2026-03-22T16:17:53Z,428,0.0005239054,Y,15595,39093
1396048211,2026-03-21T05:41:33Z,2026-03-21T12:28:18Z,86,0.001191185,Y,27596,81667
1396051526,2026-03-21T05:42:22Z,2026-03-22T13:45:30Z,135,0.0001520598,Y,30248,4071
1396052554,2026-03-21T05:42:40Z,2026-03-24T01:42:31Z,123,0.0006333683,Y,30661,54604
1396053214,2026-03-21T05:42:47Z,2026-03-21T09:54:39Z,154,0.0001143261,Y,30895,37918
1396054111,2026-03-21T05:43:00Z,2026-03-22T06:29:09Z,392,0.000104771,Y,31239,38285
1396061479,2026-03-21T05:45:15Z,2026-03-21T22:32:15Z,18,0.001880365,Y,35871,57726
1396061669,2026-03-21T05:45:21Z,2026-03-22T04:29:28Z,17,0.0001270388,Y,35993,37550
1396064183,2026-03-21T05:46:00Z,2026-03-22T04:29:28Z,17,0.0001270388,Y,37550,35993
1396064733,2026-03-21T05:46:09Z,2026-03-21T09:54:39Z,154,0.0001143261,Y,37918,30895
1396036053,2026-03-21T05:46:19Z,2026-03-22T06:29:09Z,392,0.000104771,Y,38285,31239
1396036253,2026-03-21T05:46:25Z,2026-03-21T20:33:47Z,236,0.0001193416,Y,38374,5010
1396036783,2026-03-21T05:46:36Z,2026-03-22T16:17:53Z,428,0.0005239054,Y,39093,15595
1396037279,2026-03-21T05:46:38Z,2026-03-21T21:55:07Z,204,0.0002797176,Y,39304,6392
1396042290,2026-03-21T05:47:53Z,2026-03-21T23:11:40Z,122,0.001067015,Y,41415,10520
1396085265,2026-03-21T05:52:06Z,2026-03-24T01:42:31Z,123,0.0006333683,Y,54604,30661
1396149241,2026-03-21T06:01:54Z,2026-03-24T00:32:24Z,106,0.0006027914,Y,63921,66924
1396167190,2026-03-21T06:05:06Z,2026-03-24T00:32:24Z,106,0.0006027914,Y,66924,63921
1396333346,2026-03-21T11:16:26Z,2026-03-21T19:22:02Z,2207,,Y,20873,25666
1396333447,2026-03-21T11:16:28Z,2026-03-22T14:22:24Z,2028,,Y,22738,34180
1396333883,2026-03-21T11:16:33Z,2026-03-21T19:22:02Z,2207,,Y,25666,20873
1396334397,2026-03-21T11:16:36Z,2026-03-22T13:22:07Z,3225,,Y,28634,43333
1396334893,2026-03-21T11:16:41Z,2026-03-22T14:22:24Z,2028,,Y,34180,22738
1396335430,2026-03-21T11:16:47Z,2026-03-22T07:08:56Z,4494,,Y,38653,43625
1396335557,2026-03-21T11:16:49Z,2026-03-22T15:40:05Z,2330,,Y,39342,43965
1396336255,2026-03-21T11:16:52Z,2026-03-22T13:22:07Z,3225,,Y,43333,28634
1396336406,2026-03-21T11:16:53Z,2026-03-22T15:40:05Z,2330,,Y,43965,39342
1396336352,2026-03-21T11:16:56Z,2026-03-22T07:08:56Z,4494,,Y,43625,38653
1396357362,2026-03-21T12:06:54Z,2026-03-23T11:18:39Z,865,0.0003200779,Y,446,30549
1396358332,2026-03-21T12:06:58Z,2026-03-22T13:45:29Z,333,0.0001840101,Y,4071,30248
1396359492,2026-03-21T12:07:05Z,2026-03-21T21:55:07Z,184,0.0004155368,Y,6392,39304
1396359833,2026-03-21T12:07:07Z,2026-03-22T23:12:48Z,551,0.0001889775,Y,8458,47100
1396360358,2026-03-21T12:07:10Z,2026-03-21T23:11:40Z,571,0.0002917274,Y,10520,41415
1396361075,2026-03-21T12:07:16Z,2026-03-21T17:28:56Z,12,0.0008556953,Y,12713,30706
1396362533,2026-03-21T12:07:26Z,2026-03-22T16:17:53Z,362,0.000276214,Y,15595,39093
1396366898,2026-03-21T12:07:57Z,2026-03-24T07:02:12Z,331,0.0007611967,Y,24903,30465
1396369080,2026-03-21T12:08:16Z,2026-03-21T12:28:18Z,149,0.0007564922,Y,27596,81667
1396369928,2026-03-21T12:08:21Z,2026-03-23T00:16:55Z,702,0.0001264777,Y,28479,29791
1396371324,2026-03-21T12:08:31Z,2026-03-23T00:16:55Z,702,0.0001264777,Y,29791,28479
1396371892,2026-03-21T12:08:37Z,2026-03-22T16:49:46Z,168,0.0001000877,Y,30064,61381
1396372350,2026-03-21T12:08:38Z,2026-03-22T13:45:29Z,333,0.0001840101,Y,30248,4071
1396372932,2026-03-21T12:08:43Z,2026-03-23T23:07:12Z,120,0.000138343,Y,30503,41410
1396372863,2026-03-21T12:08:44Z,2026-03-24T07:02:12Z,331,0.0007611967,Y,30465,24903
1396373097,2026-03-21T12:08:45Z,2026-03-23T11:18:39Z,865,0.0003200779,Y,30549,446
1396373319,2026-03-21T12:08:46Z,2026-03-24T01:42:31Z,68,0.001086377,Y,30661,54604
1396373430,2026-03-21T12:08:47Z,2026-03-21T17:28:56Z,12,0.0008556953,Y,30706,12713
1396378876,2026-03-21T12:09:21Z,2026-03-23T08:41:56Z,39,0.0001066031,Y,34061,60974
1396381999,2026-03-21T12:09:36Z,2026-03-21T22:32:15Z,506,0.0009031208,Y,35871,57726
1396382200,2026-03-21T12:09:37Z,2026-03-22T04:29:28Z,207,0.0001090461,Y,35993,37550
1396384674,2026-03-21T12:09:52Z,2026-03-22T04:29:28Z,207,0.0001090461,Y,37550,35993
1396386507,2026-03-21T12:10:04Z,2026-03-22T16:17:53Z,362,0.000276214,Y,39093,15595
1396386978,2026-03-21T12:10:10Z,2026-03-21T21:55:07Z,184,0.0004155368,Y,39304,6392
1396389753,2026-03-21T12:10:31Z,2026-03-24T01:51:18Z,51,0.000146404,Y,40449,61286
1396391841,2026-03-21T12:10:46Z,2026-03-23T23:07:12Z,120,0.000138343,Y,41410,30503
1396391856,2026-03-21T12:10:48Z,2026-03-21T23:11:40Z,571,0.0002917274,Y,41415,10520
1396404441,2026-03-21T12:11:54Z,2026-03-22T23:12:48Z,551,0.0001889775,Y,47100,8458
1396447935,2026-03-21T12:14:08Z,2026-03-21T22:32:15Z,506,0.0009031208,Y,57726,35871
1396468964,2026-03-21T12:16:35Z,2026-03-23T08:41:56Z,39,0.0001066031,Y,60974,34061
1396470737,2026-03-21T12:16:45Z,2026-03-24T01:51:18Z,51,0.000146404,Y,61286,40449
1396471121,2026-03-21T12:16:48Z,2026-03-22T16:49:46Z,168,0.0001000877,Y,61381,30064
1396898018,2026-03-21T20:48:11Z,2026-03-22T14:22:24Z,2028,,Y,22738,34180
1396898850,2026-03-21T20:48:18Z,2026-03-22T13:22:07Z,3123,,Y,28634,43333
1396899265,2026-03-21T20:48:21Z,2026-03-22T14:22:24Z,2028,,Y,34180,22738
1396899728,2026-03-21T20:48:24Z,2026-03-22T07:08:56Z,4396,,Y,38653,43625
1396899821,2026-03-21T20:48:25Z,2026-03-22T15:40:05Z,2282,,Y,39342,43965
1396902340,2026-03-21T20:48:30Z,2026-03-22T13:22:07Z,3123,,Y,43333,28634
1396902530,2026-03-21T20:48:31Z,2026-03-22T07:08:56Z,4396,,Y,43625,38653
1396902638,2026-03-21T20:48:31Z,2026-03-22T15:40:05Z,2282,,Y,43965,39342
1396940145,2026-03-21T21:59:14Z,2026-03-23T02:08:04Z,106,0.000123522,Y,1272,33665
1396939951,2026-03-21T21:59:15Z,2026-03-23T11:18:39Z,206,0.0005736335,Y,446,30549
1396942257,2026-03-21T21:59:35Z,2026-03-21T21:55:07Z,176,0.0005035526,Y,6392,39304
1396950204,2026-03-21T22:00:56Z,2026-03-24T07:02:12Z,339,0.000773109,Y,24903,30465
1396950495,2026-03-21T22:00:58Z,2026-03-24T18:33:42Z,378,0.003140744,Y,25320,43610
1396961959,2026-03-21T22:02:53Z,2026-03-23T02:08:04Z,106,0.000123522,Y,33665,1272
1396962725,2026-03-21T22:03:00Z,2026-03-23T14:02:37Z,601,0.0001622933,Y,33953,66004
1396969745,2026-03-21T22:04:12Z,2026-03-23T13:15:26Z,281,0.0001066684,Y,37928,55551
1396971627,2026-03-21T22:04:30Z,2026-03-21T21:55:07Z,176,0.0005035526,Y,39304,6392
1396974634,2026-03-21T22:05:02Z,2026-03-24T01:51:18Z,257,0.0001469544,Y,40449,61286
1396976777,2026-03-21T22:05:22Z,2026-03-23T23:07:12Z,311,0.000156376,Y,41410,30503
1396977601,2026-03-21T22:05:32Z,2026-03-23T06:44:54Z,876,0.0001202322,Y,41858,270334
1396982083,2026-03-21T22:06:16Z,2026-03-22T01:45:04Z,180,0.0001345571,Y,43403,56601
1396982611,2026-03-21T22:06:20Z,2026-03-24T18:33:42Z,378,0.003140744,Y,43610,25320
1397009138,2026-03-21T22:09:02Z,2026-03-24T03:23:02Z,41,0.0004304195,Y,54277,60696
1397009870,2026-03-21T22:09:11Z,2026-03-21T23:21:56Z,48,0.00013396,Y,54446,30467
1397010636,2026-03-21T22:09:19Z,2026-03-24T01:42:31Z,128,0.0004287439,Y,54604,30661
1397014426,2026-03-21T22:09:55Z,2026-03-23T13:15:26Z,281,0.0001066684,Y,55551,37928
1397016740,2026-03-21T22:10:27Z,2026-03-22T01:45:04Z,180,0.0001345571,Y,56601,43403
1397054630,2026-03-21T22:14:43Z,2026-03-24T03:23:02Z,41,0.0004304195,Y,60696,54277
1397057863,2026-03-21T22:15:09Z,2026-03-24T01:51:18Z,257,0.0001469544,Y,61286,40449
1397058312,2026-03-21T22:15:15Z,2026-03-22T16:49:46Z,91,0.0002044145,Y,61381,30064
1397082728,2026-03-21T22:20:46Z,2026-03-23T14:02:37Z,601,0.0001622933,Y,66004,33953
1397310006,2026-03-22T04:01:13Z,2026-03-22T14:22:24Z,2018,,Y,22738,34180
1397311074,2026-03-22T04:01:21Z,2026-03-22T13:22:07Z,3260,,Y,28634,43333
1397311568,2026-03-22T04:01:27Z,2026-03-22T14:22:24Z,2018,,Y,34180,22738
1397312263,2026-03-22T04:01:29Z,2026-03-22T15:40:05Z,2276,,Y,39342,43965
1397312125,2026-03-22T04:01:30Z,2026-03-22T07:08:56Z,4396,,Y,38653,43625
1397312977,2026-03-22T04:01:33Z,2026-03-22T13:22:07Z,3260,,Y,43333,28634
1397313100,2026-03-22T04:01:34Z,2026-03-22T15:40:05Z,2276,,Y,43965,39342
1397313048,2026-03-22T04:01:35Z,2026-03-22T07:08:56Z,4396,,Y,43625,38653
1397319969,2026-03-22T05:02:45Z,2026-03-23T11:18:39Z,179,0.0008083595,Y,446,30549
1397320154,2026-03-22T05:02:47Z,2026-03-23T02:08:04Z,180,0.0001605581,Y,1272,33665
1397320851,2026-03-22T05:02:59Z,2026-03-22T06:15:20Z,135,0.0001848477,Y,3785,33848
1397329894,2026-03-22T05:04:51Z,2026-03-24T07:02:12Z,348,0.0006264983,Y,24903,30465
1397330188,2026-03-22T05:04:56Z,2026-03-24T18:33:42Z,610,0.002527943,Y,25320,43610
1397330930,2026-03-22T05:05:08Z,2026-03-24T23:11:30Z,725,0.0001134682,Y,26065,35895
1397333957,2026-03-22T05:06:03Z,2026-03-23T15:54:24Z,210,0.0002016749,Y,29215,29938
1397334871,2026-03-22T05:06:17Z,2026-03-23T15:54:24Z,210,0.0002016749,Y,29938,29215
1397336241,2026-03-22T05:06:31Z,2026-03-23T23:07:12Z,311,0.0001779331,Y,30503,41410
1397336168,2026-03-22T05:06:31Z,2026-03-24T07:02:12Z,348,0.0006264983,Y,30465,24903
1397336423,2026-03-22T05:06:36Z,2026-03-23T11:18:39Z,179,0.0008083595,Y,30549,446
1397336679,2026-03-22T05:06:39Z,2026-03-24T01:42:31Z,128,0.0002249728,Y,30661,54604
1397341412,2026-03-22T05:08:08Z,2026-03-23T02:08:04Z,180,0.0001605581,Y,33665,1272
1397341890,2026-03-22T05:08:17Z,2026-03-22T06:15:20Z,135,0.0001848477,Y,33848,3785
1397342172,2026-03-22T05:08:21Z,2026-03-23T14:02:37Z,799,0.0002300131,Y,33953,66004
1397342825,2026-03-22T05:08:31Z,2026-03-23T09:09:35Z,204,0.0001212357,Y,34389,40218
1397345798,2026-03-22T05:09:16Z,2026-03-24T23:11:30Z,725,0.0001134682,Y,35895,26065
1397353652,2026-03-22T05:10:37Z,2026-03-23T09:09:35Z,204,0.0001212357,Y,40218,34389
1397354033,2026-03-22T05:10:43Z,2026-03-24T01:51:18Z,299,0.0001356317,Y,40449,61286
1397356107,2026-03-22T05:11:13Z,2026-03-23T23:07:12Z,311,0.0001779331,Y,41410,30503
1397356933,2026-03-22T05:11:24Z,2026-03-23T06:44:54Z,885,0.0001192485,Y,41858,270334
1397381151,2026-03-22T05:16:41Z,2026-03-24T01:42:31Z,128,0.0002249728,Y,54604,30661
1397419136,2026-03-22T05:23:43Z,2026-03-24T01:51:18Z,299,0.0001356317,Y,61286,40449
1397455990,2026-03-22T05:29:49Z,2026-03-23T14:02:37Z,799,0.0002300131,Y,66004,33953
1397945673,2026-03-22T11:39:25Z,2026-03-25T06:27:32Z,3616,,Y,23045,19749
1397945405,2026-03-22T11:39:27Z,2026-03-25T06:27:32Z,3616,,Y,19749,23045
1397996613,2026-03-22T12:44:10Z,2026-03-23T11:18:39Z,84,0.0009663949,Y,446,30549
1397996792,2026-03-22T12:44:11Z,2026-03-23T02:08:04Z,17,0.0002211835,Y,1272,33665
1398002082,2026-03-22T12:45:02Z,2026-03-25T11:19:18Z,955,0.0003320956,Y,16681,41081
1398005157,2026-03-22T12:45:34Z,2026-03-24T17:48:23Z,572,0.0001336948,Y,22562,54897
1398006556,2026-03-22T12:45:44Z,2026-03-24T18:33:42Z,205,0.008975578,Y,25320,43610
1398006280,2026-03-22T12:45:44Z,2026-03-24T07:02:12Z,234,0.0009927287,Y,24903,30465
1398010246,2026-03-22T12:46:18Z,2026-03-23T15:54:24Z,154,0.0002763519,Y,29215,29938
1398011122,2026-03-22T12:46:25Z,2026-03-23T15:54:24Z,154,0.0002763519,Y,29938,29215
1398012374,2026-03-22T12:46:36Z,2026-03-24T07:02:12Z,234,0.0009927287,Y,30465,24903
1398012615,2026-03-22T12:46:38Z,2026-03-23T11:18:39Z,84,0.0009663949,Y,30549,446
1398017530,2026-03-22T12:47:26Z,2026-03-23T02:08:04Z,17,0.0002211835,Y,33665,1272
1398019172,2026-03-22T12:47:39Z,2026-03-23T03:17:25Z,234,0.0001206617,Y,34474,55234
1398018893,2026-03-22T12:47:39Z,2026-03-23T09:09:35Z,260,0.000107868,Y,34389,40218
1398030102,2026-03-22T12:49:09Z,2026-03-23T09:09:35Z,260,0.000107868,Y,40218,34389
1398030482,2026-03-22T12:49:13Z,2026-03-24T01:51:18Z,118,0.0001607261,Y,40449,61286
1398031514,2026-03-22T12:49:23Z,2026-03-25T11:19:18Z,955,0.0003320956,Y,41081,16681
1398033310,2026-03-22T12:49:40Z,2026-03-23T06:44:54Z,926,0.0001096506,Y,41858,270334
1398057848,2026-03-22T12:50:23Z,2026-03-24T18:33:42Z,205,0.008975578,Y,43610,25320
1398038716,2026-03-22T12:53:31Z,2026-03-24T17:48:23Z,572,0.0001336948,Y,54897,22562
1398041312,2026-03-22T12:53:54Z,2026-03-23T03:17:25Z,234,0.0001206617,Y,55234,34474
1398105543,2026-03-22T12:59:04Z,2026-03-24T01:51:18Z,118,0.0001607261,Y,61286,40449
1398849000,2026-03-22T20:34:45Z,2026-03-25T06:27:32Z,3616,,Y,19749,23045
1398849224,2026-03-22T20:34:47Z,2026-03-25T06:27:32Z,3616,,Y,23045,19749
1398936102,2026-03-22T21:42:22Z,2026-03-23T11:18:39Z,83,0.001061826,Y,446,30549
1398936290,2026-03-22T21:42:24Z,2026-03-23T02:08:04Z,60,0.0002727974,Y,1272,33665
1398945293,2026-03-22T21:44:13Z,2026-03-24T17:48:23Z,626,0.0002500955,Y,22562,54897
1398946470,2026-03-22T21:44:29Z,2026-03-23T13:15:58Z,465,0.0001267157,Y,24796,42265
1398946521,2026-03-22T21:44:30Z,2026-03-24T07:02:12Z,202,0.0009901031,Y,24903,30465
1398946833,2026-03-22T21:44:36Z,2026-03-24T18:33:42Z,74,0.01051227,Y,25320,43610
1398947211,2026-03-22T21:44:38Z,2026-03-23T08:19:56Z,346,0.0001668222,Y,25756,40254
1398965887,2026-03-22T21:48:06Z,2026-03-24T08:19:49Z,106,0.0001344371,Y,37330,34784
1398967300,2026-03-22T21:48:23Z,2026-03-25T13:33:22Z,197,0.0001648226,Y,38137,61421
1398971773,2026-03-22T21:49:21Z,2026-03-23T08:19:56Z,346,0.0001668222,Y,40254,25756
1398972110,2026-03-22T21:49:24Z,2026-03-24T01:51:18Z,81,0.0002306032,Y,40449,61286
1398972094,2026-03-22T21:49:24Z,2026-03-24T23:56:54Z,140,0.0001067869,Y,40447,61804
1398975068,2026-03-22T21:50:00Z,2026-03-23T06:44:54Z,982,0.0001096389,Y,41858,270334
1398975467,2026-03-22T21:50:04Z,2026-03-23T13:15:58Z,465,0.0001267157,Y,42265,24796
1398989871,2026-03-22T21:51:00Z,2026-03-24T18:33:42Z,74,0.01051227,Y,43610,25320
1398980915,2026-03-22T21:55:27Z,2026-03-24T17:48:23Z,626,0.0002500955,Y,54897,22562
1399037129,2026-03-22T22:01:53Z,2026-03-24T01:51:18Z,81,0.0002306032,Y,61286,40449
1399037822,2026-03-22T22:01:58Z,2026-03-25T13:33:22Z,197,0.0001648226,Y,61421,38137
1399039861,2026-03-22T22:02:21Z,2026-03-24T23:56:54Z,140,0.0001067869,Y,61804,40447
1399366349,2026-03-23T04:39:04Z,2026-03-25T06:27:32Z,3507,,Y,23045,19749
1399541814,2026-03-23T05:38:46Z,2026-03-26T03:01:41Z,737,0.0002434867,Y,118,30115
1399542049,2026-03-23T05:38:48Z,2026-03-23T11:18:39Z,181,0.001066252,Y,446,30549
1399543616,2026-03-23T05:38:58Z,2026-03-26T03:59:22Z,762,0.0002119219,Y,4774,11081
1399545264,2026-03-23T05:39:09Z,2026-03-26T03:59:22Z,762,0.0002119219,Y,11081,4774
1399547768,2026-03-23T05:39:26Z,2026-03-25T11:19:18Z,521,0.001357701,Y,16681,41081
1399549564,2026-03-23T05:39:38Z,2026-03-25T23:34:53Z,749,0.0001905208,Y,20432,36330
1399549698,2026-03-23T05:39:41Z,2026-03-24T15:58:13Z,652,0.0002307021,Y,20527,36647
1399550826,2026-03-23T05:39:50Z,2026-03-24T17:48:23Z,711,0.000206238,Y,22562,54897
1399560652,2026-03-23T05:39:54Z,2026-03-23T13:15:58Z,188,0.0001491221,Y,24796,42265
1399560708,2026-03-23T05:39:55Z,2026-03-24T07:02:12Z,163,0.0008076602,Y,24903,30465
1399561006,2026-03-23T05:39:59Z,2026-03-24T18:33:41Z,21,0.008867494,Y,25320,43610
1399561736,2026-03-23T05:40:01Z,2026-03-25T22:32:18Z,729,0.000471367,Y,26063,29976
1399564745,2026-03-23T05:40:40Z,2026-03-23T15:54:24Z,149,0.0001465953,Y,29215,29938
1399565644,2026-03-23T05:40:54Z,2026-03-23T15:54:24Z,149,0.0001465953,Y,29938,29215
1399566088,2026-03-23T05:40:56Z,2026-03-26T03:01:41Z,737,0.0002434867,Y,30115,118
1399565722,2026-03-23T05:40:56Z,2026-03-25T22:32:18Z,729,0.000471367,Y,29976,26063
1399566915,2026-03-23T05:41:01Z,2026-03-24T07:02:12Z,163,0.0008076602,Y,30465,24903
1399567181,2026-03-23T05:41:04Z,2026-03-23T11:18:39Z,181,0.001066252,Y,30549,446
1399567832,2026-03-23T05:41:11Z,2026-03-25T08:44:26Z,533,0.0001103184,Y,30789,34576
1399568525,2026-03-23T05:41:19Z,2026-03-25T01:28:13Z,239,0.0001635434,Y,31071,34387
1399592645,2026-03-23T05:42:44Z,2026-03-23T13:15:26Z,109,0.0002621112,Y,37928,55551
1399597844,2026-03-23T05:43:14Z,2026-03-24T23:56:54Z,127,0.0001579183,Y,40447,61804
1399597857,2026-03-23T05:43:14Z,2026-03-24T01:51:18Z,116,0.0002236152,Y,40449,61286
1399598906,2026-03-23T05:43:22Z,2026-03-25T11:19:18Z,521,0.001357701,Y,41081,16681
1399600688,2026-03-23T05:43:32Z,2026-03-23T06:44:54Z,872,0.00012065,Y,41858,270334
1399601071,2026-03-23T05:43:35Z,2026-03-23T13:15:58Z,188,0.0001491221,Y,42265,24796
1399605579,2026-03-23T05:44:02Z,2026-03-24T18:33:41Z,21,0.008867494,Y,43610,25320
1399645826,2026-03-23T05:46:20Z,2026-03-24T17:48:23Z,711,0.000206238,Y,54897,22562
1399648603,2026-03-23T05:46:34Z,2026-03-23T13:15:26Z,109,0.0002621112,Y,55551,37928
1399631582,2026-03-23T05:49:56Z,2026-03-24T01:51:18Z,116,0.0002236152,Y,61286,40449
1399674296,2026-03-23T05:50:17Z,2026-03-24T23:56:54Z,127,0.0001579183,Y,61804,40447
1399934201,2026-03-23T11:30:33Z,2026-03-25T06:27:32Z,3672,,Y,19749,23045
1399934453,2026-03-23T11:30:37Z,2026-03-25T06:27:32Z,3672,,Y,23045,19749
1400040401,2026-03-23T12:39:13Z,2026-03-26T03:01:41Z,668,0.000243828,Y,118,30115
1400040431,2026-03-23T12:39:13Z,2026-03-24T17:15:42Z,372,0.0001360511,Y,124,40479
1400041235,2026-03-23T12:39:28Z,2026-03-26T02:36:35Z,737,0.0001258571,Y,3047,41500
1400042668,2026-03-23T12:39:41Z,2026-03-25T19:11:48Z,213,0.000132134,Y,6020,28208
1400043001,2026-03-23T12:39:45Z,2026-03-25T01:53:00Z,73,0.0002163167,Y,7412,41165
1400046227,2026-03-23T12:40:26Z,2026-03-25T11:19:18Z,554,0.001210731,Y,16681,41081
1400046344,2026-03-23T12:40:27Z,2026-03-25T19:53:31Z,816,0.0001862583,Y,16969,31420
1400048092,2026-03-23T12:40:48Z,2026-03-24T15:58:13Z,483,0.0002721611,Y,20527,36647
1400050263,2026-03-23T12:41:13Z,2026-03-23T13:15:58Z,279,0.0001314333,Y,24796,42265
1400050319,2026-03-23T12:41:14Z,2026-03-24T07:02:12Z,78,0.00127145,Y,24903,30465
1400050597,2026-03-23T12:41:17Z,2026-03-24T18:33:42Z,196,0.00839301,Y,25320,43610
1400051310,2026-03-23T12:41:28Z,2026-03-25T22:32:18Z,680,0.0003492706,Y,26063,29976
1400052603,2026-03-23T12:41:38Z,2026-03-26T04:50:15Z,610,0.000125125,Y,27599,55716
1400052938,2026-03-23T12:41:42Z,2026-03-25T19:11:48Z,213,0.000132134,Y,28208,6020
1400053129,2026-03-23T12:41:44Z,2026-03-26T08:02:56Z,95,0.0001626733,Y,28307,58398
1400055207,2026-03-23T12:42:07Z,2026-03-25T22:32:18Z,680,0.0003492706,Y,29976,26063
1400055586,2026-03-23T12:42:11Z,2026-03-26T03:01:41Z,668,0.000243828,Y,30115,118
1400055830,2026-03-23T12:42:14Z,2026-03-24T01:28:43Z,150,0.0002032457,Y,30234,41138
1400056402,2026-03-23T12:42:19Z,2026-03-24T07:02:12Z,78,0.00127145,Y,30465,24903
1400058411,2026-03-23T12:42:44Z,2026-03-25T07:17:10Z,426,0.0004894352,Y,31235,85004
1400058943,2026-03-23T12:42:52Z,2026-03-25T19:53:31Z,816,0.0001862583,Y,31420,16969
1400067462,2026-03-23T12:44:25Z,2026-03-24T15:58:13Z,483,0.0002721611,Y,36647,20527
1400069295,2026-03-23T12:44:44Z,2026-03-23T13:15:26Z,122,0.0001101972,Y,37928,55551
1400075157,2026-03-23T12:45:34Z,2026-03-24T01:51:18Z,102,0.0002280317,Y,40449,61286
1400075145,2026-03-23T12:45:34Z,2026-03-24T23:56:54Z,55,0.0001775654,Y,40447,61804
1400075225,2026-03-23T12:45:35Z,2026-03-24T17:15:42Z,372,0.0001360511,Y,40479,124
1400076176,2026-03-23T12:45:46Z,2026-03-25T11:19:18Z,554,0.001210731,Y,41081,16681
1400076238,2026-03-23T12:45:46Z,2026-03-24T01:28:43Z,150,0.0002032457,Y,41138,30234
1400076339,2026-03-23T12:45:49Z,2026-03-25T01:53:00Z,73,0.0002163167,Y,41165,7412
1400077309,2026-03-23T12:45:56Z,2026-03-26T02:36:35Z,737,0.0001258571,Y,41500,3047
1400078288,2026-03-23T12:46:06Z,2026-03-23T13:15:58Z,279,0.0001314333,Y,42265,24796
1400092820,2026-03-23T12:46:50Z,2026-03-24T18:33:42Z,196,0.00839301,Y,43610,25320
1400085498,2026-03-23T12:50:35Z,2026-03-23T13:15:26Z,122,0.0001101972,Y,55551,37928
1400085576,2026-03-23T12:50:36Z,2026-03-26T04:50:15Z,610,0.000125125,Y,55716,27599
1400117059,2026-03-23T12:52:35Z,2026-03-26T08:02:56Z,95,0.0001626733,Y,58398,28307
1400147672,2026-03-23T12:55:54Z,2026-03-24T01:51:18Z,102,0.0002280317,Y,61286,40449
1400150254,2026-03-23T12:56:20Z,2026-03-24T23:56:54Z,55,0.0001775654,Y,61804,40447
1400580778,2026-03-23T20:47:25Z,2026-03-25T06:27:32Z,2529,,Y,19749,23045
1400581034,2026-03-23T20:47:28Z,2026-03-25T06:27:32Z,2529,,Y,23045,19749
1400656111,2026-03-23T21:53:01Z,2026-03-26T03:01:41Z,498,0.0002170977,Y,118,30115
1400656453,2026-03-23T21:53:05Z,2026-03-26T15:07:58Z,169,0.0001662614,Y,653,4718
1400657942,2026-03-23T21:53:20Z,2026-03-26T15:07:58Z,169,0.0001662614,Y,4718,653
1400658568,2026-03-23T21:53:26Z,2026-03-25T19:11:48Z,321,0.0001410877,Y,6020,28208
1400660669,2026-03-23T21:53:46Z,2026-03-26T07:54:11Z,843,0.0002569429,Y,13028,34722
1400662993,2026-03-23T21:54:08Z,2026-03-26T16:28:42Z,278,0.0001800059,Y,18519,61351
1400664196,2026-03-23T21:54:20Z,2026-03-24T15:58:13Z,67,0.0007407155,Y,20527,36647
1400664613,2026-03-23T21:54:27Z,2026-03-26T02:30:07Z,215,0.0001279244,Y,20890,31049
1400666834,2026-03-23T21:54:45Z,2026-03-24T18:33:42Z,232,0.0007379164,Y,25320,43610
1400668964,2026-03-23T21:55:10Z,2026-03-26T04:50:15Z,83,0.0001758248,Y,27599,55716
1400669328,2026-03-23T21:55:15Z,2026-03-25T19:11:48Z,321,0.0001410877,Y,28208,6020
1400669592,2026-03-23T21:55:18Z,2026-03-26T08:02:56Z,79,0.0002223076,Y,28307,58398
1400671915,2026-03-23T21:55:42Z,2026-03-26T06:58:40Z,941,0.0001083956,Y,30023,61815
1400672211,2026-03-23T21:55:45Z,2026-03-26T03:01:41Z,498,0.0002170977,Y,30115,118
1400672477,2026-03-23T21:55:49Z,2026-03-24T01:28:43Z,70,0.0008859209,Y,30234,41138
1400672698,2026-03-23T21:55:50Z,2026-03-24T20:02:21Z,137,0.001022894,Y,30315,39632
1400673496,2026-03-23T21:56:00Z,2026-03-24T21:30:22Z,209,0.0001794529,Y,30606,41060
1400674708,2026-03-23T21:56:15Z,2026-03-26T02:30:07Z,215,0.0001279244,Y,31049,20890
1400675234,2026-03-23T21:56:19Z,2026-03-25T07:17:10Z,679,0.000174704,Y,31235,85004
1400676078,2026-03-23T21:56:27Z,2026-03-24T13:42:01Z,261,0.0001026849,Y,31512,49478
1400681038,2026-03-23T21:57:23Z,2026-03-26T07:54:11Z,843,0.0002569429,Y,34722,13028
1400684772,2026-03-23T21:57:56Z,2026-03-24T15:58:13Z,67,0.0007407155,Y,36647,20527
1400690259,2026-03-23T21:58:49Z,2026-03-24T20:02:21Z,137,0.001022894,Y,39632,30315
1400692033,2026-03-23T21:59:05Z,2026-03-24T01:51:18Z,112,0.0002453346,Y,40449,61286
1400692021,2026-03-23T21:59:06Z,2026-03-24T23:56:54Z,114,0.0002612225,Y,40447,61804
1400693063,2026-03-23T21:59:14Z,2026-03-24T21:30:22Z,209,0.0001794529,Y,41060,30606
1400693015,2026-03-23T21:59:14Z,2026-03-24T18:29:55Z,31,0.0001480517,Y,41045,47007
1400693183,2026-03-23T21:59:15Z,2026-03-24T01:28:43Z,70,0.0008859209,Y,41138,30234
1400695599,2026-03-23T21:59:35Z,2026-03-24T16:27:48Z,62,0.0001728408,Y,42327,61103
1400699859,2026-03-23T22:00:20Z,2026-03-24T18:33:42Z,232,0.0007379164,Y,43610,25320
1400705670,2026-03-23T22:01:13Z,2026-03-24T18:29:55Z,31,0.0001480517,Y,47007,41045
1400711368,2026-03-23T22:02:10Z,2026-03-24T13:42:01Z,261,0.0001026849,Y,49478,31512
1400722950,2026-03-23T22:04:22Z,2026-03-26T04:50:15Z,83,0.0001758248,Y,55716,27599
1400745052,2026-03-23T22:06:27Z,2026-03-26T08:02:56Z,79,0.0002223076,Y,58398,28307
1400765341,2026-03-23T22:10:54Z,2026-03-24T16:27:48Z,62,0.0001728408,Y,61103,42327
1401287028,2026-03-24T04:27:53Z,2026-03-25T06:27:32Z,2529,,Y,19749,23045
1401287261,2026-03-24T04:27:55Z,2026-03-25T06:27:32Z,2529,,Y,23045,19749
1401368802,2026-03-24T05:46:18Z,2026-03-27T01:02:53Z,124,0.0002612923,Y,120,33272
1401369144,2026-03-24T05:46:21Z,2026-03-26T15:07:58Z,164,0.0001704339,Y,653,4718
1401370519,2026-03-24T05:46:35Z,2026-03-27T00:27:54Z,398,0.001305572,Y,4588,39663
1401370514,2026-03-24T05:46:35Z,2026-03-27T01:30:55Z,291,0.0002088771,Y,4588,24870
1401370649,2026-03-24T05:46:36Z,2026-03-26T15:07:58Z,164,0.0001704339,Y,4718,653
1401371317,2026-03-24T05:46:43Z,2026-03-25T19:11:48Z,232,0.0001510496,Y,6020,28208
1401371828,2026-03-24T05:46:50Z,2026-03-27T02:05:53Z,342,0.0002393147,Y,8458,23259
1401373437,2026-03-24T05:47:05Z,2026-03-26T07:54:11Z,528,0.0006734622,Y,13028,34722
1401375841,2026-03-24T05:47:32Z,2026-03-26T16:28:42Z,138,0.0002048729,Y,18519,61351
1401376924,2026-03-24T05:47:44Z,2026-03-25T23:34:53Z,641,0.0006509212,Y,20432,36330
1401377091,2026-03-24T05:47:44Z,2026-03-24T15:58:13Z,315,0.0003454785,Y,20527,36647
1401377517,2026-03-24T05:47:50Z,2026-03-26T02:30:07Z,275,0.0001264462,Y,20890,31049
1401378521,2026-03-24T05:48:00Z,2026-03-27T02:05:53Z,342,0.0002393147,Y,23259,8458
1401399376,2026-03-24T05:48:09Z,2026-03-27T01:30:55Z,291,0.0002088771,Y,24870,4588
1401399750,2026-03-24T05:48:14Z,2026-03-27T01:00:54Z,231,0.0009541442,Y,25407,54301
1401399709,2026-03-24T05:48:14Z,2026-03-24T18:33:42Z,234,0.0001959953,Y,25320,43610
1401402249,2026-03-24T05:48:40Z,2026-03-25T19:11:48Z,232,0.0001510496,Y,28208,6020
1401402465,2026-03-24T05:48:42Z,2026-03-26T08:02:56Z,80,0.0001312184,Y,28307,58398
1401403866,2026-03-24T05:48:56Z,2026-03-26T21:49:51Z,67,0.0003481322,Y,29525,61312
1401405571,2026-03-24T05:49:14Z,2026-03-24T20:02:21Z,17,0.001805691,Y,30315,39632
1401406377,2026-03-24T05:49:22Z,2026-03-24T21:30:22Z,92,0.000250288,Y,30606,41060
1401407595,2026-03-24T05:49:33Z,2026-03-26T02:30:07Z,275,0.0001264462,Y,31049,20890
1401408125,2026-03-24T05:49:37Z,2026-03-25T07:17:10Z,501,0.0003111888,Y,31235,85004
1401411359,2026-03-24T05:50:11Z,2026-03-27T01:02:53Z,124,0.0002612923,Y,33272,120
1401414099,2026-03-24T05:50:42Z,2026-03-26T07:54:11Z,528,0.0006734622,Y,34722,13028
1401414576,2026-03-24T05:50:46Z,2026-03-24T05:18:15Z,60,0.0004880577,Y,35028,41146
1401417297,2026-03-24T05:51:12Z,2026-03-25T23:34:53Z,641,0.0006509212,Y,36330,20432
1401417864,2026-03-24T05:51:17Z,2026-03-24T15:58:13Z,315,0.0003454785,Y,36647,20527
1401423409,2026-03-24T05:52:14Z,2026-03-24T20:02:21Z,17,0.001805691,Y,39632,30315
1401423513,2026-03-24T05:52:15Z,2026-03-27T00:27:54Z,398,0.001305572,Y,39663,4588
1401425080,2026-03-24T05:52:29Z,2026-03-24T23:56:54Z,49,0.0004145191,Y,40447,61804
1401426206,2026-03-24T05:52:40Z,2026-03-24T21:30:22Z,92,0.000250288,Y,41060,30606
1401426159,2026-03-24T05:52:40Z,2026-03-24T18:29:55Z,94,0.0001597073,Y,41045,47007
1401426373,2026-03-24T05:52:41Z,2026-03-24T05:18:15Z,60,0.0004880577,Y,41146,35028
1401811230,2026-03-24T11:22:23Z,2026-03-25T06:27:32Z,2529,,Y,19749,23045
1401811447,2026-03-24T11:22:26Z,2026-03-25T06:27:32Z,2529,,Y,23045,19749
1401869776,2026-03-24T12:26:01Z,2026-03-27T01:02:53Z,216,0.0001635472,Y,120,33272
1401870088,2026-03-24T12:26:06Z,2026-03-26T15:07:58Z,138,0.0001965273,Y,653,4718
1401871439,2026-03-24T12:26:39Z,2026-03-27T01:30:55Z,284,0.0001779081,Y,4588,24870
1401871573,2026-03-24T12:26:43Z,2026-03-26T15:07:58Z,138,0.0001965273,Y,4718,653
1401872682,2026-03-24T12:27:02Z,2026-03-27T02:05:53Z,147,0.0003243384,Y,8458,23259
1401874248,2026-03-24T12:27:29Z,2026-03-26T07:54:11Z,549,0.0004823086,Y,13028,34722
1401876620,2026-03-24T12:27:50Z,2026-03-26T16:28:42Z,401,0.0002115389,Y,18519,61351
1401877624,2026-03-24T12:28:02Z,2026-03-25T23:34:53Z,864,0.0008238702,Y,20432,36330
1401877796,2026-03-24T12:28:06Z,2026-03-24T15:58:13Z,278,0.0003386103,Y,20527,36647
1401878242,2026-03-24T12:28:13Z,2026-03-26T02:30:07Z,247,0.0001485831,Y,20890,31049
1401879213,2026-03-24T12:28:23Z,2026-03-27T02:05:53Z,147,0.0003243384,Y,23259,8458
1401879811,2026-03-24T12:28:29Z,2026-03-26T03:15:42Z,180,0.0001069937,Y,24378,54583
1401880069,2026-03-24T12:28:34Z,2026-03-27T01:30:55Z,284,0.0001779081,Y,24870,4588
1401880417,2026-03-24T12:28:38Z,2026-03-27T01:00:54Z,350,0.0009905112,Y,25407,54301
1401883026,2026-03-24T12:29:07Z,2026-03-26T08:02:56Z,64,0.000293689,Y,28307,58398
1401884387,2026-03-24T12:29:21Z,2026-03-26T21:49:51Z,99,0.0006487551,Y,29525,61312
1401886103,2026-03-24T12:29:33Z,2026-03-24T20:02:21Z,1,0.003421283,Y,30315,39632
1401886875,2026-03-24T12:29:39Z,2026-03-24T21:30:22Z,225,0.0001637426,Y,30606,41060
1401888063,2026-03-24T12:29:45Z,2026-03-26T02:30:07Z,247,0.0001485831,Y,31049,20890
1401888575,2026-03-24T12:29:49Z,2026-03-25T07:17:10Z,273,0.0002613946,Y,31235,85004
1401891508,2026-03-24T12:30:02Z,2026-03-24T22:25:54Z,327,0.0001137572,Y,31948,62237
1401891932,2026-03-24T12:30:08Z,2026-03-25T16:33:54Z,148,0.0001114848,Y,32324,36336
1401892520,2026-03-24T12:30:14Z,2026-03-27T01:02:53Z,216,0.0001635472,Y,33272,120
1401895178,2026-03-24T12:30:40Z,2026-03-26T07:54:11Z,549,0.0004823086,Y,34722,13028
1401898293,2026-03-24T12:31:05Z,2026-03-25T23:34:53Z,864,0.0008238702,Y,36330,20432
1401898334,2026-03-24T12:31:06Z,2026-03-25T16:33:54Z,148,0.0001114848,Y,36336,32324
1401898858,2026-03-24T12:31:10Z,2026-03-24T15:58:13Z,278,0.0003386103,Y,36647,20527
1401930016,2026-03-24T12:32:02Z,2026-03-24T20:02:21Z,1,0.003421283,Y,39632,30315
1401930116,2026-03-24T12:32:03Z,2026-03-27T00:27:54Z,316,0.0007291805,Y,39663,4588
1401931652,2026-03-24T12:32:21Z,2026-03-24T23:56:54Z,55,0.00050513,Y,40447,61804
1401932645,2026-03-24T12:32:30Z,2026-03-24T18:29:55Z,105,0.0001625848,Y,41045,47007
1401932690,2026-03-24T12:32:31Z,2026-03-24T21:30:22Z,225,0.0001637426,Y,41060,30606
1401906212,2026-03-24T12:36:17Z,2026-03-27T01:00:54Z,350,0.0009905112,Y,54301,25407
1401907376,2026-03-24T12:36:28Z,2026-03-25T05:10:48Z,143,0.0001018513,Y,54545,56262
1401907742,2026-03-24T12:36:34Z,2026-03-26T03:15:42Z,180,0.0001069937,Y,54583,24378
1401913118,2026-03-24T12:37:22Z,2026-03-25T05:10:48Z,143,0.0001018513,Y,56262,54545
1401963837,2026-03-24T12:39:04Z,2026-03-26T08:02:56Z,64,0.000293689,Y,58398,28307
1401981713,2026-03-24T12:41:20Z,2026-03-25T08:13:50Z,120,0.0001133447,Y,60644,52155
1402441103,2026-03-24T21:00:16Z,2026-03-25T06:27:33Z,2692,,Y,23045,19749
1402440904,2026-03-24T21:00:17Z,2026-03-25T06:27:33Z,2692,,Y,19749,23045
1402468365,2026-03-24T22:16:10Z,2026-03-27T17:14:43Z,564,0.0005061931,Y,715,2122
1402468022,2026-03-24T22:16:10Z,2026-03-27T01:02:53Z,251,0.0001521565,Y,120,33272
1402468344,2026-03-24T22:16:12Z,2026-03-26T15:07:58Z,147,0.0001595967,Y,653,4718
1402468701,2026-03-24T22:16:13Z,2026-03-27T17:14:43Z,564,0.0005061931,Y,2122,715
1402469235,2026-03-24T22:16:20Z,2026-03-25T10:12:47Z,53,0.0001615046,Y,3744,39724
1402469713,2026-03-24T22:16:22Z,2026-03-27T01:30:55Z,213,0.0001539369,Y,4588,24870
1402469830,2026-03-24T22:16:23Z,2026-03-26T15:07:58Z,147,0.0001595967,Y,4718,653
1402470940,2026-03-24T22:16:34Z,2026-03-27T02:05:53Z,186,0.0003167917,Y,8458,23259
1402472285,2026-03-24T22:16:47Z,2026-03-27T14:54:22Z,95,0.0002015048,Y,12720,15506
1402473772,2026-03-24T22:17:01Z,2026-03-27T14:54:22Z,95,0.0002015048,Y,15506,12720
1402474011,2026-03-24T22:17:03Z,2026-03-27T21:43:26Z,430,0.0006755505,Y,16457,28983
1402475980,2026-03-24T22:17:23Z,2026-03-25T23:34:53Z,436,0.001241166,Y,20432,36330
1402476615,2026-03-24T22:17:28Z,2026-03-26T02:30:07Z,253,0.0001522365,Y,20890,31049
1402477577,2026-03-24T22:17:38Z,2026-03-27T02:05:53Z,186,0.0003167917,Y,23259,8458
1402478160,2026-03-24T22:17:43Z,2026-03-26T03:15:41Z,98,0.0001539284,Y,24378,54583
1402478461,2026-03-24T22:17:46Z,2026-03-27T01:30:55Z,213,0.0001539369,Y,24870,4588
1402478708,2026-03-24T22:17:48Z,2026-03-27T10:03:15Z,279,0.0001037718,Y,25135,40612
1402478816,2026-03-24T22:17:49Z,2026-03-26T02:18:14Z,394,0.0001403187,Y,25400,41412
1402478823,2026-03-24T22:17:50Z,2026-03-27T01:00:54Z,404,0.0009256624,Y,25407,54301
1402481513,2026-03-24T22:18:16Z,2026-03-26T08:02:56Z,69,0.0002432577,Y,28307,58398
1402482257,2026-03-24T22:18:24Z,2026-03-27T21:43:26Z,430,0.0006755505,Y,28983,16457
1402482942,2026-03-24T22:18:26Z,2026-03-26T21:49:51Z,96,0.0008802723,Y,29525,61312
1402483842,2026-03-24T22:18:35Z,2026-03-27T21:50:47Z,54,0.0003129442,Y,29962,10120
1402486692,2026-03-24T22:19:00Z,2026-03-26T02:30:07Z,253,0.0001522365,Y,31049,20890
1402487183,2026-03-24T22:19:05Z,2026-03-25T07:17:10Z,212,0.0002562303,Y,31235,85004
1402489840,2026-03-24T22:19:31Z,2026-03-25T16:33:54Z,155,0.0001123737,Y,32324,36336
1402490393,2026-03-24T22:19:36Z,2026-03-27T01:02:53Z,251,0.0001521565,Y,33272,120
1402491919,2026-03-24T22:19:54Z,2026-03-24T23:19:22Z,29,0.001200005,Y,34056,56657
1402496176,2026-03-24T22:20:47Z,2026-03-25T23:34:53Z,436,0.001241166,Y,36330,20432
1402496209,2026-03-24T22:20:47Z,2026-03-25T16:33:54Z,155,0.0001123737,Y,36336,32324
1402502713,2026-03-24T22:21:56Z,2026-03-25T10:12:47Z,53,0.0001615046,Y,39724,3744
1402504161,2026-03-24T22:22:09Z,2026-03-24T23:56:54Z,72,0.0003730023,Y,40447,61804
1402504585,2026-03-24T22:22:13Z,2026-03-27T10:03:15Z,279,0.0001037718,Y,40612,25135
1402506401,2026-03-24T22:22:30Z,2026-03-26T02:18:14Z,394,0.0001403187,Y,41412,25400
1402528926,2026-03-24T22:25:59Z,2026-03-27T01:00:54Z,404,0.0009256624,Y,54301,25407
1402530113,2026-03-24T22:26:09Z,2026-03-25T05:10:48Z,63,0.0002173037,Y,54545,56262
1402530528,2026-03-24T22:26:14Z,2026-03-26T03:15:41Z,98,0.0001539284,Y,54583,24378
1402536233,2026-03-24T22:27:06Z,2026-03-25T05:10:48Z,63,0.0002173037,Y,56262,54545
1402536918,2026-03-24T22:27:15Z,2026-03-24T23:19:22Z,29,0.001200005,Y,56657,34056
1402547656,2026-03-24T22:28:45Z,2026-03-26T08:02:56Z,69,0.0002432577,Y,58398,28307
1402575307,2026-03-24T22:32:05Z,2026-03-25T08:13:50Z,238,0.0001849503,Y,60644,52155
1402884481,2026-03-25T04:39:28Z,2026-03-25T06:27:33Z,2684,,Y,19749,23045
1402884749,2026-03-25T04:39:31Z,2026-03-25T06:27:33Z,2684,,Y,23045,19749
1402975877,2026-03-25T05:55:23Z,2026-03-26T15:07:58Z,154,0.0001141614,Y,653,4718
1402975893,2026-03-25T05:55:25Z,2026-03-27T17:14:43Z,495,0.0001763678,Y,715,2122
1402976213,2026-03-25T05:55:30Z,2026-03-27T17:14:43Z,495,0.0001763678,Y,2122,715
1402976739,2026-03-25T05:55:35Z,2026-03-25T10:12:47Z,53,0.0001614751,Y,3744,39724
1402977281,2026-03-25T05:55:41Z,2026-03-26T15:07:58Z,154,0.0001141614,Y,4718,653
1402978717,2026-03-25T05:56:01Z,2026-03-27T21:50:47Z,31,0.00101004,Y,10120,29962
1402979643,2026-03-25T05:56:13Z,2026-03-27T14:54:22Z,86,0.000206181,Y,12720,15506
1402981085,2026-03-25T05:56:27Z,2026-03-27T14:54:22Z,86,0.000206181,Y,15506,12720
1402981339,2026-03-25T05:56:30Z,2026-03-28T01:27:00Z,483,0.0002505421,Y,16615,61368
1402982302,2026-03-25T05:56:43Z,2026-03-26T19:22:18Z,48,0.001154686,Y,18665,26446
1402983197,2026-03-25T05:56:50Z,2026-03-25T23:34:53Z,586,0.001398176,Y,20432,36330
1402983746,2026-03-25T05:56:59Z,2026-03-26T02:30:07Z,254,0.0001621689,Y,20890,31049
1402985186,2026-03-25T05:57:11Z,2026-03-26T03:15:41Z,40,0.0001971538,Y,24378,54583
1402985729,2026-03-25T05:57:16Z,2026-03-27T10:03:15Z,486,0.0001258937,Y,25135,40612
1402985841,2026-03-25T05:57:17Z,2026-03-27T01:00:54Z,423,0.0005874763,Y,25407,54301
1402985834,2026-03-25T05:57:19Z,2026-03-26T02:18:14Z,439,0.0001569523,Y,25400,41412
1402987381,2026-03-25T05:57:34Z,2026-03-26T19:22:18Z,48,0.001154686,Y,26446,18665
1402988514,2026-03-25T05:57:47Z,2026-03-26T08:02:56Z,59,0.0003485565,Y,28307,58398
1402989922,2026-03-25T05:58:02Z,2026-03-26T21:49:51Z,80,0.001062256,Y,29525,61312
1402990791,2026-03-25T05:58:11Z,2026-03-27T21:50:47Z,31,0.00101004,Y,29962,10120
1402993543,2026-03-25T05:58:44Z,2026-03-26T02:30:07Z,254,0.0001621689,Y,31049,20890
1402996662,2026-03-25T05:59:18Z,2026-03-25T16:33:54Z,134,0.0001059435,Y,32324,36336
1403002853,2026-03-25T06:00:31Z,2026-03-25T23:34:53Z,586,0.001398176,Y,36330,20432
1403002880,2026-03-25T06:00:31Z,2026-03-25T16:33:54Z,134,0.0001059435,Y,36336,32324
1403009108,2026-03-25T06:01:43Z,2026-03-25T10:12:47Z,53,0.0001614751,Y,39724,3744
1403010913,2026-03-25T06:02:03Z,2026-03-28T01:11:14Z,51,0.000370271,Y,40608,61296
1403010943,2026-03-25T06:02:05Z,2026-03-27T10:03:15Z,486,0.0001258937,Y,40612,25135
1403012767,2026-03-25T06:02:25Z,2026-03-26T02:18:14Z,439,0.0001569523,Y,41412,25400
1403035928,2026-03-25T06:06:46Z,2026-03-27T01:00:54Z,423,0.0005874763,Y,54301,25407
1403037440,2026-03-25T06:07:04Z,2026-03-26T03:15:41Z,40,0.0001971538,Y,54583,24378
1403053516,2026-03-25T06:10:18Z,2026-03-26T08:02:56Z,59,0.0003473195,Y,58398,28307
1403416268,2026-03-25T11:40:48Z,2026-03-28T10:24:15Z,3934,,Y,27593,29026
1403416530,2026-03-25T11:40:52Z,2026-03-28T10:24:15Z,3934,,Y,29026,27593
1403490572,2026-03-25T12:38:34Z,2026-03-28T00:12:09Z,183,0.0003920749,Y,1931,4084
1403491261,2026-03-25T12:38:42Z,2026-03-28T00:12:09Z,183,0.0003920749,Y,4084,1931
1403491524,2026-03-25T12:38:44Z,2026-03-28T08:04:59Z,149,0.0008395707,Y,4419,30822
1403492489,2026-03-25T12:38:49Z,2026-03-28T08:00:07Z,609,0.0001327501,Y,6392,30718
1403493119,2026-03-25T12:38:55Z,2026-03-27T21:50:47Z,32,0.001033905,Y,10120,29962
1403493990,2026-03-25T12:39:02Z,2026-03-27T14:54:22Z,513,0.0001721631,Y,12720,15506
1403494347,2026-03-25T12:39:05Z,2026-03-28T06:59:08Z,516,0.0001405898,Y,13241,43415
1403494728,2026-03-25T12:39:09Z,2026-03-25T14:21:57Z,319,0.0001029111,Y,13801,31535
1403495468,2026-03-25T12:39:16Z,2026-03-27T14:54:22Z,513,0.0001721631,Y,15506,12720
1403495726,2026-03-25T12:39:21Z,2026-03-28T01:27:00Z,481,0.0001661019,Y,16615,61368
1403496017,2026-03-25T12:39:23Z,2026-03-28T07:42:39Z,81,0.00017653,Y,17303,42259
1403496619,2026-03-25T12:39:28Z,2026-03-26T19:22:18Z,80,0.0001319847,Y,18665,26446
1403497533,2026-03-25T12:39:34Z,2026-03-25T23:34:53Z,407,0.001927231,Y,20432,36330
1403498101,2026-03-25T12:39:40Z,2026-03-26T02:30:07Z,250,0.0001701936,Y,20890,31049
1403498139,2026-03-25T12:39:43Z,2026-03-27T16:59:47Z,74,0.0003109545,Y,20915,36861
1403499504,2026-03-25T12:39:56Z,2026-03-26T03:15:41Z,103,0.0002415606,Y,24378,54583
1403500041,2026-03-25T12:39:58Z,2026-03-27T10:03:15Z,414,0.0003024447,Y,25135,40612
1403500778,2026-03-25T12:40:08Z,2026-03-28T02:38:46Z,512,0.0001150016,Y,25993,4070
1403501630,2026-03-25T12:40:16Z,2026-03-26T19:22:18Z,80,0.0001319847,Y,26446,18665
1403502803,2026-03-25T12:40:24Z,2026-03-26T08:02:56Z,72,0.0002604602,Y,28307,58398
1403504171,2026-03-25T12:40:36Z,2026-03-26T21:49:51Z,117,0.0005597368,Y,29525,61312
1403505003,2026-03-25T12:40:46Z,2026-03-27T21:50:47Z,32,0.001033905,Y,29962,10120
1403506821,2026-03-25T12:41:00Z,2026-03-28T08:00:07Z,609,0.0001327501,Y,30718,6392
1403507113,2026-03-25T12:41:02Z,2026-03-28T08:04:59Z,149,0.0008395707,Y,30822,4419
1403507676,2026-03-25T12:41:09Z,2026-03-26T02:30:07Z,250,0.0001701936,Y,31049,20890
1403508971,2026-03-25T12:41:19Z,2026-03-25T14:21:57Z,319,0.0001029111,Y,31535,13801
1403510707,2026-03-25T12:41:35Z,2026-03-25T16:33:54Z,106,0.0001219764,Y,32324,36336
1403512682,2026-03-25T12:41:52Z,2026-03-27T23:18:49Z,582,0.0001031738,Y,34024,270315
1403516864,2026-03-25T12:42:33Z,2026-03-25T16:33:54Z,106,0.0001219764,Y,36336,32324
1403516841,2026-03-25T12:42:35Z,2026-03-25T23:34:53Z,407,0.001927231,Y,36330,20432
1403517865,2026-03-25T12:42:40Z,2026-03-27T16:59:47Z,74,0.0003109545,Y,36861,20915
1403525507,2026-03-25T12:43:48Z,2026-03-28T01:11:14Z,52,0.0003813359,Y,40608,61296
1403525536,2026-03-25T12:43:50Z,2026-03-27T10:03:15Z,414,0.0003024447,Y,40612,25135
1403528456,2026-03-25T12:44:16Z,2026-03-28T07:42:39Z,81,0.00017653,Y,42259,17303
1403542309,2026-03-25T12:44:51Z,2026-03-28T06:59:08Z,516,0.0001405898,Y,43415,13241
1403535782,2026-03-25T12:50:28Z,2026-03-26T08:02:56Z,72,0.0002604602,Y,58398,28307
1403596297,2026-03-25T12:54:05Z,2026-03-28T01:11:14Z,52,0.0003813359,Y,61296,40608
1403596396,2026-03-25T12:54:06Z,2026-03-26T21:49:51Z,117,0.0005597368,Y,61312,29525
1403596672,2026-03-25T12:54:10Z,2026-03-28T01:27:00Z,481,0.0001661019,Y,61368,16615
1404224552,2026-03-25T23:06:45Z,2026-03-28T16:16:20Z,4654,,Y,16398,23735
1404225119,2026-03-25T23:06:50Z,2026-03-28T16:16:20Z,4654,,Y,23735,16398
1404225541,2026-03-25T23:06:52Z,2026-03-28T10:24:15Z,3844,,Y,27593,29026
1404225789,2026-03-25T23:06:53Z,2026-03-28T10:24:15Z,3844,,Y,29026,27593
1404328157,2026-03-26T00:01:31Z,2026-03-28T00:12:09Z,329,0.0002987966,Y,1931,4084
1404328905,2026-03-26T00:01:37Z,2026-03-28T02:38:46Z,935,0.0001474864,Y,4070,25993
1404328918,2026-03-26T00:01:38Z,2026-03-28T00:12:09Z,329,0.0002987966,Y,4084,1931
1404329161,2026-03-26T00:01:39Z,2026-03-26T23:00:01Z,458,0.0002370161,Y,4385,26027
1404329162,2026-03-26T00:01:42Z,2026-03-28T08:04:59Z,164,0.0001075145,Y,4419,30822
1404330815,2026-03-26T00:01:54Z,2026-03-27T21:50:47Z,41,0.0003627607,Y,10120,29962
1404332151,2026-03-26T00:02:06Z,2026-03-28T06:59:08Z,434,0.0002233692,Y,13241,43415
1404332930,2026-03-26T00:02:15Z,2026-03-27T07:49:58Z,63,0.000114468,Y,14406,35453
1404333572,2026-03-26T00:02:19Z,2026-03-27T21:43:26Z,116,0.001240354,Y,16457,28983
1404334630,2026-03-26T00:02:28Z,2026-03-26T19:22:18Z,77,0.000442096,Y,18665,26446
1404335564,2026-03-26T00:02:35Z,2026-03-25T23:34:53Z,295,0.002598051,Y,20432,36330
1404336082,2026-03-26T00:02:39Z,2026-03-26T02:30:07Z,243,0.0001749786,Y,20890,31049
1404336124,2026-03-26T00:02:42Z,2026-03-27T16:59:47Z,121,0.000217922,Y,20915,36861
1404338027,2026-03-26T00:02:56Z,2026-03-27T10:03:15Z,325,0.0001527666,Y,25135,40612
1404338827,2026-03-26T00:03:02Z,2026-03-26T23:00:01Z,458,0.0002370161,Y,26027,4385
1404338814,2026-03-26T00:03:02Z,2026-03-28T02:38:46Z,935,0.0001474864,Y,25993,4070
1404339665,2026-03-26T00:03:10Z,2026-03-26T19:22:18Z,77,0.000442096,Y,26446,18665
1404340879,2026-03-26T00:03:19Z,2026-03-26T08:02:56Z,67,0.0003142549,Y,28307,58398
1404340940,2026-03-26T00:03:21Z,2026-03-26T03:18:06Z,43,0.0003525778,Y,28330,39094
1404341665,2026-03-26T00:03:28Z,2026-03-27T21:43:26Z,116,0.001240354,Y,28983,16457
1404342075,2026-03-26T00:03:29Z,2026-03-28T02:02:58Z,809,0.00022213,Y,29269,56153
1404342804,2026-03-26T00:03:36Z,2026-03-27T01:19:25Z,77,0.0001397075,Y,29841,32223
1404343134,2026-03-26T00:03:37Z,2026-03-27T06:03:08Z,234,0.0001472491,Y,29975,34346
1404343095,2026-03-26T00:03:38Z,2026-03-27T21:50:47Z,41,0.0003627607,Y,29962,10120
1404345303,2026-03-26T00:03:56Z,2026-03-28T08:04:59Z,164,0.0001075145,Y,30822,4419
1404345832,2026-03-26T00:04:02Z,2026-03-26T02:30:07Z,243,0.0001749786,Y,31049,20890
1404348801,2026-03-26T00:04:27Z,2026-03-27T01:19:25Z,77,0.0001397075,Y,32223,29841
1404350895,2026-03-26T00:04:45Z,2026-03-27T23:18:49Z,553,0.0001186035,Y,34024,270315
1404351282,2026-03-26T00:04:48Z,2026-03-27T06:03:08Z,234,0.0001472491,Y,34346,29975
1404353584,2026-03-26T00:05:07Z,2026-03-27T07:49:58Z,63,0.000114468,Y,35453,14406
1404355128,2026-03-26T00:05:22Z,2026-03-25T23:34:53Z,295,0.002598051,Y,36330,20432
1404356239,2026-03-26T00:05:30Z,2026-03-27T16:59:47Z,121,0.000217922,Y,36861,20915
1404359061,2026-03-26T00:05:54Z,2026-03-26T03:18:06Z,43,0.0003525778,Y,39094,28330
1404363293,2026-03-26T00:06:33Z,2026-03-28T01:11:14Z,53,0.0004930793,Y,40608,61296
1404363321,2026-03-26T00:06:34Z,2026-03-27T10:03:15Z,325,0.0001527666,Y,40612,25135
1404370109,2026-03-26T00:07:33Z,2026-03-28T06:59:08Z,434,0.0002233692,Y,43415,13241
1404380628,2026-03-26T00:08:57Z,2026-03-27T14:21:57Z,372,0.0001061449,Y,48625,11788
1404414769,2026-03-26T00:10:35Z,2026-03-26T15:06:46Z,214,0.0001021046,Y,54614,61239
1404497730,2026-03-26T00:13:23Z,2026-03-26T08:02:56Z,67,0.0003142549,Y,58398,28307
1404518283,2026-03-26T00:16:32Z,2026-03-28T01:11:14Z,53,0.0004930793,Y,61296,40608
1404677759,2026-03-26T04:26:08Z,2026-03-28T16:16:20Z,4654,,Y,16398,23735
1404678463,2026-03-26T04:26:14Z,2026-03-28T16:16:20Z,4654,,Y,23735,16398
1404679002,2026-03-26T04:26:22Z,2026-03-28T10:24:15Z,3913,,Y,27593,29026
1404679349,2026-03-26T04:26:24Z,2026-03-28T10:24:15Z,3913,,Y,29026,27593
1404680271,2026-03-26T04:26:32Z,2026-03-28T03:56:30Z,3968,,Y,38585,39192
1404680411,2026-03-26T04:26:33Z,2026-03-28T03:56:30Z,3968,,Y,39192,38585
1404709453,2026-03-26T05:16:44Z,2026-03-28T16:16:20Z,4654,,Y,16398,23735
1404710103,2026-03-26T05:16:50Z,2026-03-28T16:16:20Z,4654,,Y,23735,16398
1404710604,2026-03-26T05:16:55Z,2026-03-28T10:24:15Z,3891,,Y,27593,29026
1404710899,2026-03-26T05:16:58Z,2026-03-28T10:24:15Z,3891,,Y,29026,27593
1404979611,2026-03-26T05:24:24Z,2026-03-28T00:12:09Z,360,0.0002595015,Y,1931,4084
1404980373,2026-03-26T05:24:33Z,2026-03-28T02:38:46Z,936,0.0001493646,Y,4070,25993
1404980386,2026-03-26T05:24:35Z,2026-03-28T00:12:09Z,360,0.0002595015,Y,4084,1931
1404982201,2026-03-26T05:24:55Z,2026-03-27T21:50:47Z,27,0.003731962,Y,10120,29962
1404982582,2026-03-26T05:24:58Z,2026-03-27T14:21:57Z,372,0.0001061449,Y,11788,48625
1404984242,2026-03-26T05:25:22Z,2026-03-27T07:49:58Z,35,0.0001134173,Y,14406,35453
1404984865,2026-03-26T05:25:27Z,2026-03-27T21:43:26Z,149,0.001174552,Y,16457,28983
1404985039,2026-03-26T05:25:28Z,2026-03-29T01:36:32Z,975,0.0001344692,Y,16953,61108
1404985920,2026-03-26T05:25:38Z,2026-03-26T19:22:18Z,111,0.0002939253,Y,18665,26446
1404987396,2026-03-26T05:25:55Z,2026-03-27T16:59:47Z,121,0.0002179227,Y,20915,36861
1404988186,2026-03-26T05:26:04Z,2026-03-29T03:44:23Z,39,0.0002564501,Y,23106,55532
1405000044,2026-03-26T05:26:24Z,2026-03-26T23:00:01Z,481,0.0002247235,Y,26027,4385
1405000029,2026-03-26T05:26:24Z,2026-03-28T02:38:46Z,936,0.0001493646,Y,25993,4070
1405000877,2026-03-26T05:26:36Z,2026-03-26T19:22:18Z,111,0.0002939253,Y,26446,18665
1405002148,2026-03-26T05:26:47Z,2026-03-26T08:02:56Z,67,0.0003167421,Y,28307,58398
1405002914,2026-03-26T05:26:59Z,2026-03-27T21:43:26Z,149,0.001174552,Y,28983,16457
1405003312,2026-03-26T05:27:03Z,2026-03-28T02:02:58Z,809,0.000222132,Y,29269,56153
1405004098,2026-03-26T05:27:09Z,2026-03-27T01:19:25Z,53,0.000160272,Y,29841,32223
1405004378,2026-03-26T05:27:13Z,2026-03-27T21:50:47Z,27,0.003731962,Y,29962,10120
1405004417,2026-03-26T05:27:14Z,2026-03-27T06:03:08Z,231,0.0001504818,Y,29975,34346
1405005383,2026-03-26T05:27:25Z,2026-03-28T19:50:53Z,806,0.0002078107,Y,30392,82617
1405006555,2026-03-26T05:27:37Z,2026-03-28T08:04:59Z,161,0.0001209289,Y,30822,4419
1405009868,2026-03-26T05:28:16Z,2026-03-27T14:28:47Z,771,0.0003191757,Y,32137,59806
1405010054,2026-03-26T05:28:19Z,2026-03-27T01:19:25Z,53,0.000160272,Y,32223,29841
1405012165,2026-03-26T05:28:40Z,2026-03-27T23:18:49Z,555,0.0001185163,Y,34024,270315
1405012548,2026-03-26T05:28:45Z,2026-03-27T06:03:08Z,231,0.0001504818,Y,34346,29975
1405014778,2026-03-26T05:29:07Z,2026-03-27T07:49:58Z,35,0.0001134173,Y,35453,14406
1405017364,2026-03-26T05:29:35Z,2026-03-27T16:59:47Z,121,0.0002179227,Y,36861,20915
1405024375,2026-03-26T05:31:00Z,2026-03-28T01:11:14Z,54,0.0004930795,Y,40608,61296
1404749651,2026-03-26T05:34:04Z,2026-03-27T14:21:57Z,372,0.0001061449,Y,48625,11788
1404761303,2026-03-26T05:36:08Z,2026-03-29T03:44:23Z,39,0.0002564501,Y,55532,23106
1404774008,2026-03-26T05:38:22Z,2026-03-26T08:02:56Z,67,0.0003167421,Y,58398,28307
1404800290,2026-03-26T05:41:58Z,2026-03-29T01:36:32Z,975,0.0001344692,Y,61108,16953
1404801544,2026-03-26T05:42:14Z,2026-03-28T01:11:14Z,54,0.0004930795,Y,61296,40608
1405035591,2026-03-26T06:37:09Z,2026-03-27T14:21:57Z,372,0.0001061449,Y,48625,11788
1405047346,2026-03-26T06:39:22Z,2026-03-29T03:44:22Z,136,0.00025826,Y,55532,23106
1405060488,2026-03-26T06:42:02Z,2026-03-26T08:02:56Z,67,0.0003168044,Y,58398,28307
1405079669,2026-03-26T06:46:17Z,2026-03-29T01:36:32Z,974,0.0001350973,Y,61108,16953
1405080932,2026-03-26T06:46:30Z,2026-03-28T01:11:14Z,53,0.0004930794,Y,61296,40608
1405414458,2026-03-26T11:23:53Z,2026-03-28T16:16:20Z,4654,,Y,16398,23735
1405414603,2026-03-26T11:23:54Z,2026-03-29T06:44:13Z,2432,,Y,20024,21221
1405415064,2026-03-26T11:23:59Z,2026-03-28T16:16:20Z,4654,,Y,23735,16398
1405429442,2026-03-26T12:31:46Z,2026-03-28T00:12:09Z,479,0.0001365443,Y,1931,4084
1405430211,2026-03-26T12:31:52Z,2026-03-28T00:12:09Z,479,0.0001365443,Y,4084,1931
1405430430,2026-03-26T12:31:54Z,2026-03-26T23:00:01Z,381,0.0001995803,Y,4385,26027
1405432030,2026-03-26T12:32:12Z,2026-03-27T21:50:47Z,37,0.002318691,Y,10120,29962
1405434612,2026-03-26T12:32:32Z,2026-03-27T21:43:26Z,306,0.001203366,Y,16457,28983
1405434805,2026-03-26T12:32:37Z,2026-03-29T01:36:32Z,813,0.000211431,Y,16953,61108
1405435640,2026-03-26T12:32:43Z,2026-03-26T19:22:18Z,79,0.000580167,Y,18665,26446
1405437089,2026-03-26T12:32:57Z,2026-03-27T16:59:47Z,89,0.0003126673,Y,20915,36861
1405437875,2026-03-26T12:33:05Z,2026-03-29T03:44:22Z,136,0.0002582531,Y,23106,55532
1405459406,2026-03-26T12:33:28Z,2026-03-26T23:00:01Z,381,0.0001995803,Y,26027,4385
1405460243,2026-03-26T12:33:35Z,2026-03-26T19:22:18Z,79,0.000580167,Y,26446,18665
1405462338,2026-03-26T12:33:59Z,2026-03-27T21:43:26Z,306,0.001203366,Y,28983,16457
1405463503,2026-03-26T12:34:13Z,2026-03-27T01:19:25Z,88,0.0002054042,Y,29841,32223
1405463792,2026-03-26T12:34:15Z,2026-03-27T21:50:47Z,37,0.002318691,Y,29962,10120
1405463831,2026-03-26T12:34:18Z,2026-03-27T06:03:08Z,362,0.0001291008,Y,29975,34346
1405464762,2026-03-26T12:34:28Z,2026-03-28T19:50:53Z,524,0.0003975845,Y,30392,82617
1405479578,2026-03-26T12:35:18Z,2026-03-27T01:19:25Z,88,0.0002054042,Y,32223,29841
1405481661,2026-03-26T12:35:38Z,2026-03-27T23:18:49Z,637,0.0001117388,Y,34024,270315
1405482043,2026-03-26T12:35:41Z,2026-03-27T06:03:08Z,362,0.0001291008,Y,34346,29975
1405486872,2026-03-26T12:36:29Z,2026-03-27T16:59:47Z,89,0.0003126673,Y,36861,20915
1405473776,2026-03-26T12:37:35Z,2026-03-28T01:11:14Z,60,0.0004683534,Y,40608,61296
1405637564,2026-03-26T12:41:46Z,2026-03-29T03:44:22Z,136,0.0002582531,Y,55532,23106
1405933944,2026-03-26T22:16:37Z,2026-03-28T16:16:20Z,4654,,Y,16398,23735
1405934072,2026-03-26T22:16:38Z,2026-03-29T06:44:13Z,2432,,Y,20024,21221
1405934483,2026-03-26T22:16:41Z,2026-03-28T16:16:20Z,4654,,Y,23735,16398
1406189187,2026-03-26T23:13:34Z,2026-03-28T05:40:29Z,442,0.0001826314,Y,475,60784
1406190486,2026-03-26T23:13:48Z,2026-03-26T23:00:01Z,386,0.0001921374,Y,4385,26027
1406192406,2026-03-26T23:14:05Z,2026-03-29T12:33:59Z,404,0.0001203185,Y,11112,41152
1406192154,2026-03-26T23:14:07Z,2026-03-27T21:50:47Z,41,0.00496597,Y,10120,29962
1406193312,2026-03-26T23:14:15Z,2026-03-28T06:59:08Z,958,0.000396989,Y,13241,43415
1406194129,2026-03-26T23:14:25Z,2026-03-27T07:49:58Z,76,0.000136399,Y,14406,35453
1406194751,2026-03-26T23:14:32Z,2026-03-27T21:43:26Z,352,0.0003401613,Y,16457,28983
1406195530,2026-03-26T23:14:36Z,2026-03-27T12:18:15Z,196,0.0001310857,Y,18153,56600
1406194965,2026-03-26T23:14:36Z,2026-03-29T01:36:32Z,409,0.0002515352,Y,16953,61108
1406197216,2026-03-26T23:14:54Z,2026-03-27T16:59:47Z,114,0.0001973923,Y,20915,36861
1406198034,2026-03-26T23:15:02Z,2026-03-29T03:44:21Z,368,0.0001184865,Y,23106,55532
1406198294,2026-03-26T23:15:06Z,2026-03-28T13:11:02Z,159,0.0002256089,Y,23561,41244
1406199862,2026-03-26T23:15:25Z,2026-03-26T23:00:01Z,386,0.0001921374,Y,26027,4385
1406202825,2026-03-26T23:15:52Z,2026-03-27T21:43:26Z,352,0.0003425455,Y,28983,16457
1406203886,2026-03-26T23:16:01Z,2026-03-27T01:19:25Z,108,0.0002042972,Y,29841,32223
1406204194,2026-03-26T23:16:05Z,2026-03-27T06:03:08Z,393,0.000122928,Y,29975,34346
1406204148,2026-03-26T23:16:06Z,2026-03-27T21:50:47Z,41,0.00496597,Y,29962,10120
1406205098,2026-03-26T23:16:14Z,2026-03-27T17:28:04Z,66,0.0004500522,Y,30380,33063
1406205144,2026-03-26T23:16:15Z,2026-03-28T19:50:52Z,331,0.0004885311,Y,30392,82617
1406227174,2026-03-26T23:17:05Z,2026-03-27T01:19:25Z,108,0.0002042972,Y,32223,29841
1406227574,2026-03-26T23:17:10Z,2026-03-27T17:28:04Z,66,0.0004500522,Y,33063,30380
1406229274,2026-03-26T23:17:25Z,2026-03-27T23:18:48Z,676,0.0001074847,Y,34024,270315
1406229653,2026-03-26T23:17:27Z,2026-03-27T06:03:08Z,393,0.000122928,Y,34346,29975
1406231845,2026-03-26T23:17:48Z,2026-03-27T07:49:58Z,76,0.000136399,Y,35453,14406
1406234501,2026-03-26T23:18:16Z,2026-03-27T16:59:47Z,114,0.0001973923,Y,36861,20915
1406241692,2026-03-26T23:19:23Z,2026-03-28T01:11:14Z,66,0.0004452442,Y,40608,61296
1406242600,2026-03-26T23:19:33Z,2026-03-29T12:33:59Z,404,0.0001203185,Y,41152,11112
1406243094,2026-03-26T23:19:36Z,2026-03-28T13:11:02Z,159,0.0002256089,Y,41244,23561
1406248559,2026-03-26T23:20:30Z,2026-03-28T06:59:08Z,958,0.000396989,Y,43415,13241
1406270413,2026-03-26T23:23:52Z,2026-03-29T03:44:21Z,368,0.0001184865,Y,55532,23106
1406272829,2026-03-26T23:24:14Z,2026-03-29T18:11:09Z,24,0.0002494828,Y,56592,60706
1406272873,2026-03-26T23:24:15Z,2026-03-27T12:18:15Z,196,0.0001310857,Y,56600,18153
1406351027,2026-03-26T23:28:01Z,2026-03-29T18:11:09Z,24,0.0002494828,Y,60706,56592
1406351518,2026-03-26T23:28:09Z,2026-03-28T05:40:29Z,442,0.0001826314,Y,60784,475
1406352822,2026-03-26T23:28:18Z,2026-03-29T01:36:32Z,409,0.0002515352,Y,61108,16953
1406354024,2026-03-26T23:28:29Z,2026-03-28T01:11:14Z,66,0.0004452442,Y,61296,40608
1406673681,2026-03-27T04:08:07Z,2026-03-28T16:16:20Z,4654,,Y,16398,23735
1406673836,2026-03-27T04:08:09Z,2026-03-29T06:44:13Z,2432,,Y,20024,21221
1406673970,2026-03-27T04:08:10Z,2026-03-29T06:44:13Z,2432,,Y,21221,20024
1406674385,2026-03-27T04:08:15Z,2026-03-28T16:16:20Z,4654,,Y,23735,16398
1406675298,2026-03-27T04:08:23Z,2026-03-28T10:24:15Z,4267,,Y,29026,27593
1406674944,2026-03-27T04:08:23Z,2026-03-28T10:24:15Z,4267,,Y,27593,29026
1406793230,2026-03-27T05:13:02Z,2026-03-28T16:16:20Z,4654,,Y,16398,23735
1406793382,2026-03-27T05:13:07Z,2026-03-29T06:44:13Z,2432,,Y,20024,21221
1406793513,2026-03-27T05:13:09Z,2026-03-29T06:44:13Z,2432,,Y,21221,20024
1406793926,2026-03-27T05:13:14Z,2026-03-28T16:16:20Z,4654,,Y,23735,16398
1406794477,2026-03-27T05:13:20Z,2026-03-28T10:24:15Z,4267,,Y,27593,29026
1406794786,2026-03-27T05:13:28Z,2026-03-28T10:24:15Z,4267,,Y,29026,27593
1406864813,2026-03-27T05:33:22Z,2026-03-28T05:40:29Z,421,0.0001848127,Y,475,60784
1406867240,2026-03-27T05:33:59Z,2026-03-27T18:21:34Z,204,0.0001277587,Y,8072,19324
1406867697,2026-03-27T05:34:03Z,2026-03-27T21:50:47Z,55,0.005394175,Y,10120,29962
1406867935,2026-03-27T05:34:05Z,2026-03-29T12:33:59Z,405,0.0001177384,Y,11112,41152
1406869624,2026-03-27T05:34:24Z,2026-03-27T07:49:58Z,65,0.0002046921,Y,14406,35453
1406870439,2026-03-27T05:34:33Z,2026-03-29T01:36:32Z,510,0.0003546928,Y,16953,61108
1406870991,2026-03-27T05:34:40Z,2026-03-27T12:18:15Z,201,0.0001226932,Y,18153,56600
1406871731,2026-03-27T05:34:48Z,2026-03-27T18:21:34Z,204,0.0001277587,Y,19324,8072
1406872630,2026-03-27T05:34:57Z,2026-03-27T16:59:47Z,108,0.0001986878,Y,20915,36861
1406872683,2026-03-27T05:34:58Z,2026-03-30T05:14:48Z,38,0.000926092,Y,21131,54442
1406873445,2026-03-27T05:35:06Z,2026-03-29T03:44:21Z,332,0.0001062964,Y,23106,55532
1406873681,2026-03-27T05:35:09Z,2026-03-28T13:11:02Z,151,0.0002349081,Y,23561,41244
1406876524,2026-03-27T05:35:42Z,2026-03-30T03:55:17Z,331,0.0001291182,Y,27561,46430
1406879406,2026-03-27T05:36:13Z,2026-03-27T21:50:47Z,55,0.005394175,Y,29962,10120
1406879449,2026-03-27T05:36:14Z,2026-03-27T06:03:08Z,384,0.0001230308,Y,29975,34346
1406880318,2026-03-27T05:36:22Z,2026-03-27T17:28:04Z,67,0.003949288,Y,30380,33063
1406880363,2026-03-27T05:36:22Z,2026-03-28T19:50:52Z,234,0.0006678562,Y,30392,82617
1406884002,2026-03-27T05:36:59Z,2026-03-30T00:52:51Z,189,0.0001307294,Y,31660,60652
1406885583,2026-03-27T05:37:16Z,2026-03-27T17:28:04Z,67,0.003949288,Y,33063,30380
1406887302,2026-03-27T05:37:34Z,2026-03-27T23:18:48Z,685,0.000104462,Y,34024,270315
1406887685,2026-03-27T05:37:38Z,2026-03-27T06:03:08Z,384,0.0001230308,Y,34346,29975
1406889839,2026-03-27T05:37:59Z,2026-03-27T07:49:58Z,65,0.0002046921,Y,35453,14406
1406892423,2026-03-27T05:38:23Z,2026-03-27T16:59:47Z,108,0.0001986878,Y,36861,20915
1406899494,2026-03-27T05:39:35Z,2026-03-28T01:11:14Z,66,0.0004452443,Y,40608,61296
1406900413,2026-03-27T05:39:44Z,2026-03-29T12:33:59Z,405,0.0001177384,Y,41152,11112
1406900901,2026-03-27T05:39:49Z,2026-03-28T13:11:02Z,151,0.0002349081,Y,41244,23561
1406928509,2026-03-27T05:44:23Z,2026-03-29T03:44:21Z,332,0.0001062964,Y,55532,23106
1406930884,2026-03-27T05:44:50Z,2026-03-27T12:18:15Z,201,0.0001226932,Y,56600,18153
1406988603,2026-03-27T05:49:15Z,2026-03-30T00:52:51Z,189,0.0001307294,Y,60652,31660
1406989436,2026-03-27T05:49:24Z,2026-03-28T05:40:29Z,421,0.0001848127,Y,60784,475
1406990668,2026-03-27T05:49:41Z,2026-03-29T01:36:32Z,510,0.0003546928,Y,61108,16953
1406991870,2026-03-27T05:49:57Z,2026-03-28T01:11:14Z,66,0.0004452443,Y,61296,40608
1407154776,2026-03-27T06:04:01Z,2026-03-28T05:40:29Z,421,0.000184813,Y,475,60784
1407157365,2026-03-27T06:04:26Z,2026-03-27T18:21:34Z,204,0.0001277584,Y,8072,19324
1407157846,2026-03-27T06:04:27Z,2026-03-27T21:50:47Z,36,0.001220804,Y,10120,29962
1407158106,2026-03-27T06:04:31Z,2026-03-29T12:33:59Z,405,0.0001177401,Y,11112,41152
1407159917,2026-03-27T06:04:42Z,2026-03-27T07:49:58Z,65,0.000204692,Y,14406,35453
1407160767,2026-03-27T06:04:49Z,2026-03-29T01:36:32Z,510,0.0003547002,Y,16953,61108
1407161337,2026-03-27T06:04:52Z,2026-03-27T12:18:15Z,201,0.0001226931,Y,18153,56600
1407162117,2026-03-27T06:04:58Z,2026-03-27T18:21:34Z,204,0.0001277584,Y,19324,8072
1407163041,2026-03-27T06:05:04Z,2026-03-27T16:59:47Z,108,0.0001986881,Y,20915,36861
1407163096,2026-03-27T06:05:05Z,2026-03-30T05:14:48Z,38,0.0009260921,Y,21131,54442
1406947884,2026-03-27T06:05:35Z,2026-03-30T03:55:17Z,331,0.0001291181,Y,27561,46430
1406957218,2026-03-27T06:06:43Z,2026-03-27T17:28:04Z,67,0.003949294,Y,33063,30380
1407004027,2026-03-27T06:10:48Z,2026-03-30T03:55:17Z,331,0.0001291181,Y,46430,27561
1407075897,2026-03-27T06:12:53Z,2026-03-30T05:14:48Z,38,0.0009260921,Y,54442,21131
1407080304,2026-03-27T06:13:32Z,2026-03-29T03:44:21Z,332,0.0001062963,Y,55532,23106
1407082723,2026-03-27T06:13:54Z,2026-03-27T12:18:15Z,201,0.0001226931,Y,56600,18153
1407010725,2026-03-27T06:17:35Z,2026-03-30T00:52:51Z,189,0.0001307293,Y,60652,31660
1407011591,2026-03-27T06:17:40Z,2026-03-28T05:40:29Z,421,0.000184813,Y,60784,475
1407012892,2026-03-27T06:17:52Z,2026-03-29T01:36:32Z,510,0.0003547002,Y,61108,16953
1407014126,2026-03-27T06:18:04Z,2026-03-28T01:11:14Z,66,0.0004452442,Y,61296,40608
1407387319,2026-03-27T11:35:52Z,2026-03-28T16:16:20Z,4654,,Y,16398,23735
1407387459,2026-03-27T11:35:53Z,2026-03-29T06:44:13Z,2432,,Y,20024,21221
1407387568,2026-03-27T11:35:57Z,2026-03-29T06:44:13Z,2432,,Y,21221,20024
1407387938,2026-03-27T11:35:59Z,2026-03-28T16:16:20Z,4654,,Y,23735,16398
1407388415,2026-03-27T11:36:02Z,2026-03-28T10:24:15Z,4190,,Y,27593,29026
1407388720,2026-03-27T11:36:06Z,2026-03-28T10:24:15Z,4190,,Y,29026,27593
1407494820,2026-03-27T12:34:32Z,2026-03-28T18:42:36Z,253,0.0001578308,Y,2422,61314
1407495244,2026-03-27T12:34:36Z,2026-03-30T11:48:44Z,723,0.0001800054,Y,3561,49003
1407497346,2026-03-27T12:34:52Z,2026-03-27T21:50:47Z,98,0.0003181767,Y,10120,29962
1407497826,2026-03-27T12:34:56Z,2026-03-28T22:17:46Z,383,0.0001159849,Y,12217,37108
1407500822,2026-03-27T12:35:20Z,2026-03-27T12:18:15Z,167,0.000187116,Y,18153,56600
1407502481,2026-03-27T12:35:36Z,2026-03-27T16:59:47Z,101,0.0002145358,Y,20915,36861
1407502534,2026-03-27T12:35:38Z,2026-03-30T05:14:48Z,40,0.0003573745,Y,21131,54442
1407503266,2026-03-27T12:35:45Z,2026-03-29T03:44:22Z,258,0.0001277399,Y,23106,55532
1407503514,2026-03-27T12:35:48Z,2026-03-28T13:11:02Z,716,0.0002076228,Y,23561,41244
1407509275,2026-03-27T12:36:46Z,2026-03-27T21:50:47Z,98,0.0003181767,Y,29962,10120
1407510224,2026-03-27T12:36:55Z,2026-03-27T17:28:04Z,149,0.0003158504,Y,30380,33063
1407510270,2026-03-27T12:36:57Z,2026-03-28T19:50:53Z,337,0.0006942765,Y,30392,82617
1407515531,2026-03-27T12:38:10Z,2026-03-27T17:28:04Z,149,0.0003158504,Y,33063,30380
1407517256,2026-03-27T12:38:28Z,2026-03-27T23:18:49Z,661,0.0001091157,Y,34024,270315
1407522401,2026-03-27T12:39:19Z,2026-03-27T16:59:47Z,101,0.0002145358,Y,36861,20915
1407522593,2026-03-27T12:39:21Z,2026-03-28T22:17:46Z,383,0.0001159849,Y,37108,12217
1407530445,2026-03-27T12:40:25Z,2026-03-28T01:11:14Z,63,0.00047366,Y,40608,61296
1407531860,2026-03-27T12:40:34Z,2026-03-28T13:11:02Z,716,0.0002076228,Y,41244,23561
1407590070,2026-03-27T12:43:44Z,2026-03-30T05:14:48Z,40,0.0003573745,Y,54442,21131
1407594331,2026-03-27T12:44:19Z,2026-03-29T03:44:22Z,258,0.0001277399,Y,55532,23106
1407596710,2026-03-27T12:44:38Z,2026-03-27T12:18:15Z,167,0.000187116,Y,56600,18153
1407988162,2026-03-27T20:38:20Z,2026-03-28T16:16:20Z,4448,,Y,16398,23735
1407988302,2026-03-27T20:38:21Z,2026-03-29T06:44:13Z,2432,,Y,20024,21221
1407988408,2026-03-27T20:38:22Z,2026-03-29T06:44:13Z,2432,,Y,21221,20024
1407988766,2026-03-27T20:38:25Z,2026-03-28T16:16:20Z,4448,,Y,23735,16398
1407989198,2026-03-27T20:38:29Z,2026-03-28T10:24:15Z,3551,,Y,27593,29026
1407989485,2026-03-27T20:38:31Z,2026-03-28T10:24:15Z,3551,,Y,29026,27593
1407990242,2026-03-27T20:38:36Z,2026-03-30T19:44:28Z,4247,,Y,39156,52985
1407995727,2026-03-27T20:38:44Z,2026-03-30T19:44:28Z,4247,,Y,52985,39156
1408054225,2026-03-27T21:50:07Z,2026-03-28T18:42:36Z,262,0.0007128414,Y,2422,61314
1408054676,2026-03-27T21:50:15Z,2026-03-30T11:48:44Z,370,0.0004657113,Y,3561,49003
1408054865,2026-03-27T21:50:16Z,2026-03-30T12:10:05Z,806,0.0001325857,Y,4070,29906
1408059900,2026-03-27T21:50:56Z,2026-03-30T19:16:17Z,286,0.0003555877,Y,17303,41428
1408062061,2026-03-27T21:51:15Z,2026-03-30T05:14:48Z,42,0.0001968874,Y,21131,54442
1408063145,2026-03-27T21:51:25Z,2026-03-28T13:11:02Z,584,0.0002886084,Y,23561,41244
1408063419,2026-03-27T21:51:27Z,2026-03-30T14:58:10Z,96,0.003684508,Y,24277,60894
1408064036,2026-03-27T21:51:35Z,2026-03-30T21:07:44Z,511,0.0002755917,Y,25395,33905
1408090360,2026-03-27T21:55:36Z,2026-03-28T01:11:14Z,64,0.0004736109,Y,40608,61296
1408091844,2026-03-27T21:55:59Z,2026-03-28T13:11:02Z,584,0.0002886084,Y,41244,23561
1408092508,2026-03-27T21:56:05Z,2026-03-30T19:16:17Z,286,0.0003555877,Y,41428,17303
1408092998,2026-03-27T21:56:17Z,2026-03-28T01:10:14Z,149,0.0002630428,Y,41822,54562
1408102494,2026-03-27T21:58:23Z,2026-03-29T08:39:14Z,105,0.0001621063,Y,45722,56661
1408114788,2026-03-27T22:00:35Z,2026-03-30T05:14:48Z,42,0.0001968874,Y,54442,21131
1408115206,2026-03-27T22:00:39Z,2026-03-28T01:10:14Z,149,0.0002630428,Y,54562,41822
1408121665,2026-03-27T22:01:31Z,2026-03-29T08:39:14Z,105,0.0001621063,Y,56661,45722
1408128043,2026-03-27T22:02:31Z,2026-03-28T21:54:51Z,50,0.0002271771,Y,57541,31262
1408149352,2026-03-27T22:05:32Z,2026-03-30T00:52:51Z,262,0.0001067214,Y,60652,31660
1408150830,2026-03-27T22:05:46Z,2026-03-30T14:58:10Z,96,0.003684508,Y,60894,24277
1408152809,2026-03-27T22:06:03Z,2026-03-28T01:11:14Z,64,0.0004736109,Y,61296,40608
1408152929,2026-03-27T22:06:04Z,2026-03-28T18:42:36Z,262,0.0007128414,Y,61314,2422
1408719346,2026-03-28T04:21:10Z,2026-03-29T06:44:13Z,2432,,Y,20024,21221
1408719468,2026-03-28T04:21:12Z,2026-03-29T06:44:13Z,2432,,Y,21221,20024
1408720445,2026-03-28T04:21:19Z,2026-03-28T10:24:15Z,3543,,Y,27593,29026
1408720799,2026-03-28T04:21:23Z,2026-03-28T10:24:15Z,3543,,Y,29026,27593
1408721768,2026-03-28T04:21:31Z,2026-03-30T19:44:28Z,4247,,Y,39156,52985
1408760166,2026-03-28T04:21:44Z,2026-03-30T19:44:28Z,4247,,Y,52985,39156
1408835177,2026-03-28T05:49:40Z,2026-03-29T21:40:20Z,383,0.0002027505,Y,227,61361
1408835778,2026-03-28T05:49:46Z,2026-03-28T18:42:36Z,154,0.001140889,Y,2422,61314
1408836181,2026-03-28T05:49:49Z,2026-03-30T11:48:44Z,145,0.0001281624,Y,3561,49003
1408839206,2026-03-28T05:50:21Z,2026-03-29T15:19:18Z,558,0.0001011851,Y,12792,61488
1408840211,2026-03-28T05:50:34Z,2026-03-30T22:27:46Z,487,0.0004259692,Y,14240,37657
1408841197,2026-03-28T05:50:40Z,2026-03-30T19:16:17Z,553,0.0001781666,Y,17303,41428
1408842602,2026-03-28T05:50:52Z,2026-03-30T21:59:57Z,221,0.0001887207,Y,20261,34963
1408843236,2026-03-28T05:50:58Z,2026-03-30T05:14:48Z,40,0.0006445256,Y,21131,54442
1408844504,2026-03-28T05:51:09Z,2026-03-30T14:58:10Z,44,0.008072563,Y,24277,60894
1408855078,2026-03-28T05:51:13Z,2026-03-30T21:07:44Z,968,0.0001760289,Y,25395,33905
1408856877,2026-03-28T05:51:28Z,2026-03-30T03:55:17Z,773,0.0001582512,Y,27561,46430
1408856840,2026-03-28T05:51:28Z,2026-03-30T09:05:20Z,78,0.0002378798,Y,27492,35051
1408860740,2026-03-28T05:52:01Z,2026-03-28T19:50:53Z,71,0.002316286,Y,30392,82617
1408862978,2026-03-28T05:52:19Z,2026-03-28T21:54:51Z,51,0.0002319607,Y,31262,57541
1408864235,2026-03-28T05:52:30Z,2026-03-30T00:52:51Z,225,0.0001439902,Y,31660,60652
1408847958,2026-03-28T05:52:53Z,2026-03-30T21:07:44Z,968,0.0001760289,Y,33905,25395
1408849700,2026-03-28T05:53:07Z,2026-03-30T21:59:57Z,221,0.0001887207,Y,34963,20261
1408849852,2026-03-28T05:53:08Z,2026-03-30T09:05:20Z,78,0.0002378798,Y,35051,27492
1408854311,2026-03-28T05:53:43Z,2026-03-30T22:27:46Z,487,0.0004259692,Y,37657,14240
1408895692,2026-03-28T05:54:39Z,2026-03-30T06:42:47Z,122,0.0002645851,Y,41058,61368
1408897212,2026-03-28T05:54:52Z,2026-03-30T19:16:17Z,553,0.0001781666,Y,41428,17303
1408919313,2026-03-28T05:59:00Z,2026-03-30T05:14:48Z,40,0.0006445256,Y,54442,21131
1408956263,2026-03-28T06:00:14Z,2026-03-29T08:39:14Z,73,0.0002645985,Y,56661,45722
1408962537,2026-03-28T06:01:12Z,2026-03-28T21:54:51Z,51,0.0002319607,Y,57541,31262
1408923180,2026-03-28T06:04:13Z,2026-03-30T00:52:51Z,225,0.0001439902,Y,60652,31660
1408924535,2026-03-28T06:04:29Z,2026-03-30T14:58:10Z,44,0.008072563,Y,60894,24277
1408926550,2026-03-28T06:04:52Z,2026-03-28T18:42:36Z,154,0.001140889,Y,61314,2422
1408926750,2026-03-28T06:04:54Z,2026-03-29T21:40:20Z,383,0.0002027505,Y,61361,227
1408926798,2026-03-28T06:04:55Z,2026-03-30T06:42:47Z,122,0.0002645851,Y,61368,41058
1408927376,2026-03-28T06:05:01Z,2026-03-29T15:19:18Z,558,0.0001011851,Y,61488,12792
1409233793,2026-03-28T11:22:15Z,2026-03-29T06:44:13Z,2432,,Y,20024,21221
1409233897,2026-03-28T11:22:16Z,2026-03-29T06:44:13Z,2432,,Y,21221,20024
1409235887,2026-03-28T11:22:37Z,2026-03-30T19:44:28Z,4149,,Y,39156,52985
1409238655,2026-03-28T11:22:43Z,2026-03-30T19:44:28Z,4149,,Y,52985,39156
1409323645,2026-03-28T12:27:08Z,2026-03-29T21:40:19Z,128,0.0003101957,Y,227,61361
1409323488,2026-03-28T12:27:09Z,2026-03-30T01:07:24Z,533,0.0004125299,Y,22,43682
1409324207,2026-03-28T12:27:12Z,2026-03-28T18:42:36Z,469,0.0007351737,Y,2422,61314
1409325688,2026-03-28T12:27:27Z,2026-03-30T00:06:51Z,424,0.000107889,Y,5560,28335
1409328640,2026-03-28T12:28:01Z,2026-03-30T22:27:46Z,80,0.0006292401,Y,14240,37657
1409330959,2026-03-28T12:28:25Z,2026-03-30T21:59:57Z,476,0.0001717968,Y,20261,34963
1409331592,2026-03-28T12:28:33Z,2026-03-30T05:14:48Z,40,0.000500524,Y,21131,54442
1409332787,2026-03-28T12:28:47Z,2026-03-30T14:58:10Z,28,0.0117569,Y,24277,60894
1409335093,2026-03-28T12:29:10Z,2026-03-30T09:05:19Z,74,0.00023293,Y,27492,35051
1409335129,2026-03-28T12:29:13Z,2026-03-30T03:55:17Z,327,0.0002714759,Y,27561,46430
1409335957,2026-03-28T12:29:19Z,2026-03-30T00:06:51Z,424,0.000107889,Y,28335,5560
1409338941,2026-03-28T12:29:46Z,2026-03-28T19:50:53Z,13,0.00466299,Y,30392,82617
1409339842,2026-03-28T12:29:54Z,2026-03-31T09:21:54Z,69,0.0001204577,Y,30726,60889
1409342125,2026-03-28T12:30:16Z,2026-03-28T22:05:28Z,341,0.0001629604,Y,31540,60770
1409342375,2026-03-28T12:30:18Z,2026-03-30T00:52:51Z,180,0.0002033787,Y,31660,60652
1409347007,2026-03-28T12:31:02Z,2026-03-30T21:59:57Z,476,0.0001717968,Y,34963,20261
1409347165,2026-03-28T12:31:04Z,2026-03-30T09:05:19Z,74,0.00023293,Y,35051,27492
1409351541,2026-03-28T12:31:44Z,2026-03-30T22:27:46Z,80,0.0006292401,Y,37657,14240
1409359390,2026-03-28T12:32:53Z,2026-03-30T06:42:47Z,95,0.0003397064,Y,41058,61368
1409386356,2026-03-28T12:33:57Z,2026-03-30T01:07:24Z,533,0.0004125299,Y,43682,22
1409390650,2026-03-28T12:34:40Z,2026-03-29T08:39:14Z,84,0.0002100341,Y,45722,56661
1409391267,2026-03-28T12:34:43Z,2026-03-30T03:55:17Z,327,0.0002714759,Y,46430,27561
1409402747,2026-03-28T12:36:30Z,2026-03-30T05:14:48Z,40,0.000500524,Y,54442,21131
1409369522,2026-03-28T12:37:32Z,2026-03-29T08:39:14Z,84,0.0002100341,Y,56661,45722
1409376320,2026-03-28T12:41:40Z,2026-03-30T00:52:51Z,210,0.0001629744,Y,60652,31660
1409376993,2026-03-28T12:41:45Z,2026-03-28T22:05:28Z,341,0.0001629604,Y,60770,31540
1409377623,2026-03-28T12:41:51Z,2026-03-30T14:58:10Z,28,0.0117569,Y,60894,24277
1409377614,2026-03-28T12:41:51Z,2026-03-31T09:21:54Z,69,0.0001204577,Y,60889,30726
1409379588,2026-03-28T12:42:07Z,2026-03-28T18:42:36Z,469,0.0007351737,Y,61314,2422
1409379783,2026-03-28T12:42:09Z,2026-03-29T21:40:19Z,128,0.0003101957,Y,61361,227
1409379829,2026-03-28T12:42:12Z,2026-03-30T06:42:47Z,95,0.0003397064,Y,61368,41058
1409790939,2026-03-28T21:39:39Z,2026-03-29T06:44:13Z,2432,,Y,20024,21221
1409791033,2026-03-28T21:39:40Z,2026-03-29T06:44:13Z,2432,,Y,21221,20024
1409791146,2026-03-28T21:39:42Z,2026-03-31T14:45:51Z,2626,,Y,23203,26569
1409791687,2026-03-28T21:39:49Z,2026-03-31T14:45:51Z,2626,,Y,26569,23203
1409793182,2026-03-28T21:39:58Z,2026-03-30T19:44:28Z,4152,,Y,39156,52985
1409805974,2026-03-28T21:40:04Z,2026-03-30T19:44:28Z,4152,,Y,52985,39156
1409839395,2026-03-28T22:41:58Z,2026-03-29T21:40:19Z,31,0.0007719601,Y,227,61361
1409839240,2026-03-28T22:41:59Z,2026-03-30T01:07:24Z,576,0.002886996,Y,22,43682
1409840425,2026-03-28T22:42:10Z,2026-03-30T11:48:44Z,28,0.0004544575,Y,3561,49003
1409841930,2026-03-28T22:42:20Z,2026-03-31T13:54:17Z,178,0.0001955375,Y,6828,29896
1409842422,2026-03-28T22:42:24Z,2026-03-31T17:50:28Z,317,0.0001233599,Y,9443,40498
1409843986,2026-03-28T22:42:35Z,2026-03-30T05:48:07Z,145,0.0008870648,Y,13464,19038
1409844749,2026-03-28T22:42:41Z,2026-03-30T22:27:46Z,140,0.0008151354,Y,14240,37657
1409844794,2026-03-28T22:42:41Z,2026-03-30T04:24:52Z,298,0.0001149466,Y,14398,30044
1409846418,2026-03-28T22:42:58Z,2026-03-30T05:48:07Z,145,0.0008582318,Y,19038,13464
1409847668,2026-03-28T22:43:09Z,2026-03-31T16:41:09Z,206,0.0001893486,Y,20888,26507
1409848983,2026-03-28T22:43:18Z,2026-03-30T14:58:10Z,63,0.0165189,Y,24277,60894
1409850067,2026-03-28T22:43:26Z,2026-03-31T05:22:36Z,65,0.0002922661,Y,25940,61497
1409850902,2026-03-28T22:43:33Z,2026-03-31T16:41:09Z,206,0.0001893486,Y,26507,20888
1409851264,2026-03-28T22:43:36Z,2026-03-30T14:19:04Z,218,0.0002938944,Y,27453,57541
1409851314,2026-03-28T22:43:37Z,2026-03-30T03:55:17Z,109,0.0004273685,Y,27561,46430
1409851282,2026-03-28T22:43:37Z,2026-03-30T09:05:19Z,76,0.0003475744,Y,27492,35051
1409853434,2026-03-28T22:43:55Z,2026-03-31T13:46:16Z,67,0.0002168007,Y,29299,30331
1409854163,2026-03-28T22:44:01Z,2026-03-31T13:54:17Z,178,0.0001955375,Y,29896,6828
1409854552,2026-03-28T22:44:06Z,2026-03-29T17:09:54Z,70,0.0001411331,Y,30056,56605
1409854531,2026-03-28T22:44:06Z,2026-03-30T04:24:52Z,298,0.0001149466,Y,30044,14398
1409855240,2026-03-28T22:44:11Z,2026-03-31T13:46:16Z,67,0.0002168007,Y,30331,29299
1409864135,2026-03-28T22:45:37Z,2026-03-30T09:05:19Z,76,0.0003475744,Y,35051,27492
1409865898,2026-03-28T22:45:52Z,2026-03-31T16:15:29Z,779,0.0006489369,Y,35905,61900
1409869383,2026-03-28T22:46:22Z,2026-03-30T22:27:46Z,140,0.0008151354,Y,37657,14240
1409875929,2026-03-28T22:47:13Z,2026-03-31T17:50:28Z,316,0.0001228136,Y,40498,9443
1409876957,2026-03-28T22:47:21Z,2026-03-30T06:42:47Z,55,0.0006100938,Y,41058,61368
1409894174,2026-03-28T22:48:16Z,2026-03-30T01:07:24Z,349,0.002047824,Y,43682,22
1409899089,2026-03-28T22:48:50Z,2026-03-30T03:55:17Z,109,0.0004273685,Y,46430,27561
1409885498,2026-03-28T22:50:51Z,2026-03-29T01:58:58Z,198,0.0001466339,Y,55898,49050
1409887472,2026-03-28T22:51:04Z,2026-03-29T17:09:54Z,70,0.0001411331,Y,56605,30056
1409924279,2026-03-28T22:52:00Z,2026-03-30T14:19:04Z,218,0.0002938944,Y,57541,27453
1409946428,2026-03-28T22:54:36Z,2026-03-30T14:58:10Z,63,0.0165189,Y,60894,24277
1409948765,2026-03-28T22:54:53Z,2026-03-29T21:40:19Z,31,0.0007719601,Y,61361,227
1409948815,2026-03-28T22:54:54Z,2026-03-30T06:42:47Z,55,0.0006100938,Y,61368,41058
1410231678,2026-03-29T05:54:58Z,2026-03-29T06:44:13Z,2432,,Y,20024,21221
1410231934,2026-03-29T05:55:02Z,2026-03-31T14:45:51Z,2626,,Y,23203,26569
1410355718,2026-03-29T07:23:55Z,2026-03-31T13:54:17Z,137,0.0007431538,Y,6828,29896
1410355825,2026-03-29T07:23:57Z,2026-04-01T01:31:18Z,57,0.0002630132,Y,7442,15621
1410358419,2026-03-29T07:24:24Z,2026-03-30T22:27:46Z,605,0.0007379643,Y,14240,37657
1410358934,2026-03-29T07:24:27Z,2026-04-01T01:31:18Z,57,0.0002630132,Y,15621,7442
1410359014,2026-03-29T07:24:28Z,2026-04-01T05:08:07Z,228,0.001272355,Y,16142,20233
1410360740,2026-03-29T07:24:44Z,2026-03-31T23:55:04Z,587,0.000555831,Y,20232,34878
1410360741,2026-03-29T07:24:44Z,2026-04-01T05:08:07Z,228,0.001272355,Y,20233,16142
1410363697,2026-03-29T07:25:15Z,2026-03-31T05:22:36Z,179,0.0003051704,Y,25940,61497
1410364899,2026-03-29T07:25:26Z,2026-03-30T03:55:17Z,45,0.0007157928,Y,27561,46430
1410368679,2026-03-29T07:26:02Z,2026-03-31T13:46:16Z,76,0.0002121307,Y,30331,29299
1410374731,2026-03-29T07:27:04Z,2026-03-31T03:18:09Z,61,0.0001048027,Y,33718,22292
1410376961,2026-03-29T07:27:25Z,2026-03-31T23:55:04Z,587,0.000555831,Y,34878,20232
1410376967,2026-03-29T07:27:27Z,2026-03-29T09:23:08Z,59,0.0001604822,Y,34882,61266
1410377263,2026-03-29T07:27:28Z,2026-03-30T09:05:19Z,113,0.0001178293,Y,35051,27492
1410378982,2026-03-29T07:27:43Z,2026-03-31T16:15:27Z,959,0.0003707073,Y,35905,61900
1410381557,2026-03-29T07:28:08Z,2026-03-30T22:27:46Z,605,0.0007379643,Y,37657,14240
1410384734,2026-03-29T07:28:33Z,2026-03-31T14:24:02Z,398,0.0001150164,Y,39203,54881
1410389492,2026-03-29T07:29:19Z,2026-03-30T06:42:47Z,26,0.000932966,Y,41058,61368
1410396487,2026-03-29T07:30:29Z,2026-03-30T01:07:24Z,98,0.003912184,Y,43682,22
1410401222,2026-03-29T07:31:20Z,2026-03-30T03:55:17Z,45,0.0007157928,Y,46430,27561
1410414611,2026-03-29T07:33:36Z,2026-03-31T14:24:02Z,398,0.0001150164,Y,54881,39203
1410459506,2026-03-29T07:39:24Z,2026-03-29T09:23:08Z,59,0.0001604822,Y,61266,34882
1410459953,2026-03-29T07:39:30Z,2026-03-30T06:42:47Z,26,0.000932966,Y,61368,41058
1410460582,2026-03-29T07:39:35Z,2026-03-31T05:22:36Z,179,0.0003051704,Y,61497,25940
1410488183,2026-03-29T07:44:28Z,2026-03-31T10:52:18Z,995,0.0001477275,Y,64692,14222
1410488182,2026-03-29T07:44:28Z,2026-03-31T10:03:26Z,378,0.0006272681,Y,64692,14222
1410488185,2026-03-29T07:44:28Z,2026-03-31T12:30:06Z,211,0.0004394088,Y,64692,14222
1410535457,2026-03-29T11:33:28Z,2026-03-31T14:45:51Z,2665,,Y,23203,26569
1410536003,2026-03-29T11:33:33Z,2026-03-31T14:45:51Z,2665,,Y,26569,23203
1410537714,2026-03-29T11:33:47Z,2026-03-30T19:44:28Z,4152,,Y,39156,52985
1410543609,2026-03-29T11:33:57Z,2026-03-30T19:44:28Z,4152,,Y,52985,39156
1410570406,2026-03-29T12:41:57Z,2026-03-31T13:54:17Z,128,0.0008355712,Y,6828,29896
1410570497,2026-03-29T12:41:58Z,2026-04-01T01:31:18Z,68,0.0005535238,Y,7442,15621
1410572935,2026-03-29T12:42:25Z,2026-03-31T12:30:06Z,136,0.0004204002,Y,14222,64692
1410572933,2026-03-29T12:42:25Z,2026-03-31T10:52:18Z,921,0.0001413889,Y,14222,64692
1410573023,2026-03-29T12:42:26Z,2026-03-30T22:27:46Z,510,0.0008552046,Y,14240,37657
1410572932,2026-03-29T12:42:27Z,2026-03-31T10:03:26Z,451,0.0004339107,Y,14222,64692
1410573537,2026-03-29T12:42:31Z,2026-04-01T01:31:18Z,68,0.0005535238,Y,15621,7442
1410573615,2026-03-29T12:42:32Z,2026-04-01T05:08:07Z,236,0.0007818663,Y,16142,20233
1410575274,2026-03-29T12:42:46Z,2026-03-31T23:55:04Z,567,0.0005621868,Y,20232,34878
1410575275,2026-03-29T12:42:46Z,2026-04-01T05:08:07Z,236,0.0007818663,Y,20233,16142
1410575945,2026-03-29T12:42:53Z,2026-03-30T05:14:48Z,34,0.0004881954,Y,21131,54442
1410576269,2026-03-29T12:42:56Z,2026-03-31T03:18:09Z,61,0.0001048027,Y,22292,33718
1410577633,2026-03-29T12:43:07Z,2026-03-31T14:28:52Z,172,0.0001722178,Y,25320,36724
1410579291,2026-03-29T12:43:23Z,2026-03-30T09:05:19Z,113,0.0001178292,Y,27492,35051
1410579324,2026-03-29T12:43:24Z,2026-03-30T03:55:17Z,46,0.0007151318,Y,27561,46430
1410580212,2026-03-29T12:43:33Z,2026-03-31T05:33:35Z,60,0.0003295209,Y,28335,28480
1410580419,2026-03-29T12:43:34Z,2026-03-31T05:33:35Z,60,0.0003295209,Y,28480,28335
1410581358,2026-03-29T12:43:43Z,2026-03-31T13:46:16Z,78,0.0002040586,Y,29299,30331
1410582018,2026-03-29T12:43:51Z,2026-03-31T13:54:17Z,128,0.0008355712,Y,29896,6828
1410583016,2026-03-29T12:44:02Z,2026-03-31T13:46:16Z,78,0.0002040586,Y,30331,29299
1410588922,2026-03-29T12:45:00Z,2026-03-31T03:18:09Z,61,0.0001048027,Y,33718,22292
1410590021,2026-03-29T12:45:14Z,2026-03-31T16:49:44Z,478,0.0001194452,Y,34270,60857
1410591067,2026-03-29T12:45:29Z,2026-03-31T23:55:04Z,567,0.0005621868,Y,34878,20232
1410591359,2026-03-29T12:45:30Z,2026-03-30T09:05:19Z,113,0.0001178292,Y,35051,27492
1410593039,2026-03-29T12:45:51Z,2026-03-31T16:15:27Z,938,0.0005280331,Y,35905,61900
1410594384,2026-03-29T12:46:07Z,2026-03-31T14:28:52Z,172,0.0001722178,Y,36724,25320
1410595539,2026-03-29T12:46:23Z,2026-03-30T22:27:46Z,510,0.0008552046,Y,37657,14240
1410603195,2026-03-29T12:47:53Z,2026-03-30T06:42:47Z,21,0.0009513567,Y,41058,61368
1410620114,2026-03-29T12:49:10Z,2026-03-30T01:07:24Z,104,0.007958102,Y,43682,22
1410624866,2026-03-29T12:50:16Z,2026-03-30T03:55:17Z,46,0.0007151318,Y,46430,27561
1410636214,2026-03-29T12:52:38Z,2026-03-30T05:14:48Z,34,0.0004881954,Y,54442,21131
1410640427,2026-03-29T12:59:36Z,2026-03-31T16:49:44Z,478,0.0001194452,Y,60857,34270
1410642894,2026-03-29T13:00:06Z,2026-03-30T06:42:47Z,21,0.0009513567,Y,61368,41058
1410691201,2026-03-29T13:05:44Z,2026-03-31T10:03:26Z,451,0.0004339107,Y,64692,14222
1410691204,2026-03-29T13:05:44Z,2026-03-31T12:30:06Z,136,0.0004204002,Y,64692,14222
1410691202,2026-03-29T13:05:44Z,2026-03-31T10:52:18Z,921,0.0001413889,Y,64692,14222
1411048262,2026-03-29T21:38:49Z,2026-03-31T14:45:51Z,2665,,Y,23203,26569
1411048746,2026-03-29T21:38:54Z,2026-03-31T14:45:51Z,2665,,Y,26569,23203
1411050207,2026-03-29T21:39:04Z,2026-03-30T19:44:28Z,4152,,Y,39156,52985
1411051345,2026-03-29T21:39:12Z,2026-03-30T19:44:28Z,4152,,Y,52985,39156
1411070841,2026-03-29T22:31:11Z,2026-03-31T13:54:17Z,184,0.0004691925,Y,6828,29896
1411070954,2026-03-29T22:31:12Z,2026-04-01T01:31:18Z,78,0.0001050377,Y,7442,15621
1411070974,2026-03-29T22:31:13Z,2026-04-01T20:07:40Z,446,0.000174025,Y,7715,29926
1411070993,2026-03-29T22:31:13Z,2026-03-31T13:36:43Z,581,0.0001473511,Y,7817,30214
1411071046,2026-03-29T22:31:14Z,2026-04-01T14:17:56Z,200,0.0001359939,Y,8159,84406
1411073490,2026-03-29T22:31:28Z,2026-03-31T12:30:06Z,96,0.0009895531,Y,14222,64692
1411073487,2026-03-29T22:31:29Z,2026-03-31T10:03:26Z,486,0.0003094288,Y,14222,64692
1411073584,2026-03-29T22:31:29Z,2026-03-30T22:27:46Z,492,0.0008387107,Y,14240,37657
1411073492,2026-03-29T22:31:29Z,2026-03-31T14:07:54Z,576,0.0001141521,Y,14222,64692
1411074253,2026-03-29T22:31:33Z,2026-04-01T05:08:07Z,248,0.001041278,Y,16142,20233
1411074164,2026-03-29T22:31:35Z,2026-04-01T01:31:18Z,78,0.0001050377,Y,15621,7442
1411074603,2026-03-29T22:31:36Z,2026-03-30T16:44:38Z,382,0.000117867,Y,17296,34556
1411076045,2026-03-29T22:31:46Z,2026-04-01T05:08:07Z,248,0.001041278,Y,20233,16142
1411077091,2026-03-29T22:31:54Z,2026-03-31T03:18:09Z,58,0.0001510224,Y,22292,33718
1411079065,2026-03-29T22:32:24Z,2026-03-31T05:22:36Z,186,0.000549734,Y,25940,61497
1411080131,2026-03-29T22:32:33Z,2026-04-01T14:23:17Z,790,0.0002921163,Y,26819,43335
1411080382,2026-03-29T22:32:35Z,2026-03-30T03:55:17Z,60,0.00102052,Y,27561,46430
1411081252,2026-03-29T22:32:38Z,2026-03-31T05:33:35Z,182,0.000505531,Y,28335,28480
1411081572,2026-03-29T22:32:43Z,2026-03-31T05:33:35Z,182,0.000505531,Y,28480,28335
1411082542,2026-03-29T22:32:49Z,2026-03-31T13:46:16Z,79,0.0001998396,Y,29299,30331
1411083233,2026-03-29T22:32:52Z,2026-03-31T13:54:17Z,184,0.0004691925,Y,29896,6828
1411083296,2026-03-29T22:32:54Z,2026-04-01T20:07:40Z,446,0.000174025,Y,29926,7715
1411083997,2026-03-29T22:32:57Z,2026-03-31T13:36:43Z,581,0.0001473511,Y,30214,7817
1411084341,2026-03-29T22:32:59Z,2026-03-31T13:46:16Z,79,0.0001998396,Y,30331,29299
1411090819,2026-03-29T22:33:45Z,2026-04-01T21:29:35Z,530,0.0001492801,Y,33776,34056
1411090578,2026-03-29T22:33:45Z,2026-03-31T03:18:09Z,58,0.0001510224,Y,33718,22292
1411091614,2026-03-29T22:33:52Z,2026-04-01T21:29:35Z,530,0.0001492801,Y,34056,33776
1411091939,2026-03-29T22:33:54Z,2026-03-30T14:04:13Z,380,0.0001804706,Y,34346,51103
1411092567,2026-03-29T22:33:58Z,2026-03-30T16:44:38Z,382,0.000117867,Y,34556,17296
1411095034,2026-03-29T22:34:16Z,2026-03-31T16:15:28Z,938,0.0004050724,Y,35905,61900
1411098436,2026-03-29T22:34:34Z,2026-03-30T22:27:46Z,492,0.0008387107,Y,37657,14240
1411101033,2026-03-29T22:34:51Z,2026-03-31T14:24:02Z,199,0.0001676115,Y,39203,54881
1411105845,2026-03-29T22:35:32Z,2026-03-30T06:42:47Z,24,0.0006363941,Y,41058,61368
1411112455,2026-03-29T22:36:28Z,2026-04-01T14:23:17Z,790,0.0002921163,Y,43335,26819
1411112493,2026-03-29T22:36:28Z,2026-03-30T14:37:52Z,19,0.0001058345,Y,43413,27511
1411112692,2026-03-29T22:36:30Z,2026-03-30T13:57:52Z,31,0.0001025851,Y,43500,61451
1411118283,2026-03-29T22:37:10Z,2026-03-30T03:55:17Z,60,0.00102052,Y,46430,27561
1411125514,2026-03-29T22:38:04Z,2026-03-30T14:04:13Z,380,0.0001804706,Y,51103,34346
1411131766,2026-03-29T22:38:51Z,2026-03-31T14:24:02Z,199,0.0001676115,Y,54881,39203
1411177864,2026-03-29T22:43:36Z,2026-03-30T06:42:47Z,24,0.0006363941,Y,61368,41058
1411178310,2026-03-29T22:43:38Z,2026-03-30T13:57:52Z,31,0.0001025851,Y,61451,43500
1411138509,2026-03-29T22:43:41Z,2026-03-31T05:22:36Z,186,0.000549734,Y,61497,25940
1411197000,2026-03-29T22:46:55Z,2026-03-31T10:03:26Z,486,0.0003094288,Y,64692,14222
1411197005,2026-03-29T22:46:55Z,2026-03-31T14:07:54Z,576,0.0001141521,Y,64692,14222
1411197003,2026-03-29T22:46:55Z,2026-03-31T12:30:06Z,96,0.0009895531,Y,64692,14222
1411641751,2026-03-30T04:18:46Z,2026-03-31T14:45:51Z,2637,,Y,23203,26569
1411642025,2026-03-30T04:18:50Z,2026-04-02T02:37:21Z,3786,,Y,23766,32026
1411642432,2026-03-30T04:18:51Z,2026-03-31T14:45:51Z,2637,,Y,26569,23203
1411643055,2026-03-30T04:18:56Z,2026-04-02T02:37:21Z,3786,,Y,32026,23766
1411644303,2026-03-30T04:19:05Z,2026-03-30T19:44:28Z,4282,,Y,39156,52985
1411646961,2026-03-30T04:19:12Z,2026-03-30T19:44:28Z,4282,,Y,52985,39156
1411743141,2026-03-30T05:35:38Z,2026-03-31T13:54:17Z,212,0.000395722,Y,6828,29896
1411743264,2026-03-30T05:35:39Z,2026-04-01T20:07:40Z,426,0.0002017483,Y,7715,29926
1411743280,2026-03-30T05:35:40Z,2026-03-31T13:36:43Z,596,0.000136135,Y,7817,30214
1411743327,2026-03-30T05:35:41Z,2026-04-01T14:17:56Z,200,0.0001359939,Y,8159,84406
1411745676,2026-03-30T05:36:18Z,2026-03-31T10:03:26Z,496,0.0002484496,Y,14222,64692
1411745679,2026-03-30T05:36:18Z,2026-03-31T12:30:06Z,97,0.001083505,Y,14222,64692
1411745681,2026-03-30T05:36:18Z,2026-03-31T14:07:54Z,575,0.0002006007,Y,14222,64692
1411745774,2026-03-30T05:36:19Z,2026-03-30T22:27:46Z,511,0.0007302787,Y,14240,37657
1411746296,2026-03-30T05:36:27Z,2026-03-30T13:53:06Z,495,0.0001795456,Y,15593,26147
1411746769,2026-03-30T05:36:37Z,2026-03-30T16:44:38Z,357,0.0001257147,Y,17296,34556
1411748232,2026-03-30T05:36:57Z,2026-04-02T00:06:05Z,275,0.0002517551,Y,20440,61158
1411749166,2026-03-30T05:37:11Z,2026-03-31T03:18:09Z,51,0.0001722341,Y,22292,33718
1411751058,2026-03-30T05:37:39Z,2026-03-31T05:22:36Z,176,0.0004270866,Y,25940,61497
1411751436,2026-03-30T05:37:47Z,2026-03-30T13:53:06Z,495,0.0001795456,Y,26147,15593
1411752174,2026-03-30T05:37:55Z,2026-04-01T14:23:17Z,821,0.0002845601,Y,26819,43335
1411753218,2026-03-30T05:38:13Z,2026-03-31T05:33:35Z,182,0.0005055305,Y,28335,28480
1411753527,2026-03-30T05:38:14Z,2026-03-31T05:33:35Z,182,0.0005055305,Y,28480,28335
1411754490,2026-03-30T05:38:27Z,2026-03-31T13:46:16Z,80,0.0001993699,Y,29299,30331
1411755153,2026-03-30T05:38:34Z,2026-03-31T13:54:17Z,212,0.000395722,Y,29896,6828
1411755219,2026-03-30T05:38:34Z,2026-04-01T20:07:40Z,426,0.0002017483,Y,29926,7715
1411755564,2026-03-30T05:38:40Z,2026-04-02T04:09:59Z,64,0.000859022,Y,30053,36509
1411755904,2026-03-30T05:38:48Z,2026-03-31T13:36:43Z,596,0.000136135,Y,30214,7817
1411756242,2026-03-30T05:38:49Z,2026-03-31T13:46:16Z,80,0.0001993699,Y,30331,29299
1411764286,2026-03-30T05:40:26Z,2026-03-31T03:18:09Z,51,0.0001722341,Y,33718,22292
1411764526,2026-03-30T05:40:39Z,2026-04-01T21:29:35Z,473,0.0001183331,Y,33776,34056
1411765284,2026-03-30T05:41:03Z,2026-04-01T21:29:35Z,473,0.0001183331,Y,34056,33776
1411765600,2026-03-30T05:41:09Z,2026-03-30T14:04:13Z,233,0.0001971029,Y,34346,51103
1411766201,2026-03-30T05:41:22Z,2026-03-30T16:44:38Z,357,0.0001257147,Y,34556,17296
1411768680,2026-03-30T05:41:57Z,2026-03-31T16:15:28Z,835,0.0004082721,Y,35905,61900
1411769726,2026-03-30T05:42:10Z,2026-04-02T04:09:59Z,64,0.000859022,Y,36509,30053
1411771321,2026-03-30T05:42:27Z,2026-03-30T22:27:46Z,511,0.0007302787,Y,37657,14240
1411771954,2026-03-30T05:42:34Z,2026-04-01T21:22:26Z,808,0.0001768861,Y,37925,44889
1411773934,2026-03-30T05:42:59Z,2026-03-31T14:24:02Z,374,0.0001965694,Y,39203,54881
1411778716,2026-03-30T05:44:29Z,2026-03-30T06:42:47Z,54,0.0006147207,Y,41058,61368
1411785142,2026-03-30T05:46:30Z,2026-04-01T14:23:17Z,821,0.0002845601,Y,43335,26819
1411785179,2026-03-30T05:46:31Z,2026-03-30T14:37:52Z,10,0.0001051298,Y,43413,27511
1411785369,2026-03-30T05:46:33Z,2026-03-30T13:57:52Z,223,0.0001826296,Y,43500,61451
1411798446,2026-03-30T05:50:39Z,2026-03-30T14:04:13Z,233,0.0001971029,Y,51103,34346
1411824214,2026-03-30T05:52:49Z,2026-03-31T14:24:02Z,374,0.0001965694,Y,54881,39203
1411826958,2026-03-30T05:53:40Z,2026-04-02T05:38:41Z,218,0.0001332226,Y,55511,57831
1411837033,2026-03-30T05:56:42Z,2026-04-02T05:38:41Z,218,0.0001332226,Y,57831,55511
1411809228,2026-03-30T06:03:15Z,2026-04-02T00:06:05Z,275,0.0002517551,Y,61158,20440
1411810517,2026-03-30T06:03:38Z,2026-03-30T06:42:47Z,54,0.0006147207,Y,61368,41058
1411810995,2026-03-30T06:03:47Z,2026-03-30T13:57:52Z,223,0.0001826296,Y,61451,43500
1411811177,2026-03-30T06:03:47Z,2026-03-31T05:22:36Z,176,0.0004270866,Y,61497,25940
1411889941,2026-03-30T06:11:30Z,2026-03-31T14:07:54Z,575,0.0002006007,Y,64692,14222
1411889939,2026-03-30T06:11:30Z,2026-03-31T12:30:06Z,97,0.001083505,Y,64692,14222
1411889936,2026-03-30T06:11:32Z,2026-03-31T10:03:26Z,496,0.0002484496,Y,64692,14222
1412203837,2026-03-30T11:25:49Z,2026-03-31T14:45:51Z,2637,,Y,23203,26569
1412204079,2026-03-30T11:25:53Z,2026-04-02T02:37:21Z,3859,,Y,23766,32026
1412204412,2026-03-30T11:25:56Z,2026-03-31T14:45:51Z,2637,,Y,26569,23203
1412204984,2026-03-30T11:26:02Z,2026-04-02T02:37:21Z,3859,,Y,32026,23766
1412206055,2026-03-30T11:26:12Z,2026-03-30T19:44:28Z,4282,,Y,39156,52985
1412208511,2026-03-30T11:26:25Z,2026-03-30T19:44:28Z,4282,,Y,52985,39156
1412355406,2026-03-30T12:18:20Z,2026-04-01T13:40:41Z,513,0.0001228592,Y,4686,21377
1412356226,2026-03-30T12:18:26Z,2026-03-31T13:54:17Z,193,0.0004843589,Y,6828,29896
1412356348,2026-03-30T12:18:29Z,2026-04-01T20:07:40Z,773,0.0003313891,Y,7715,29926
1412356414,2026-03-30T12:18:29Z,2026-04-01T14:17:56Z,193,0.0001389439,Y,8159,84406
1412358688,2026-03-30T12:18:46Z,2026-03-31T12:30:06Z,94,0.002233058,Y,14222,64692
1412358782,2026-03-30T12:18:47Z,2026-03-30T22:27:46Z,480,0.0007596461,Y,14240,37657
1412359279,2026-03-30T12:18:51Z,2026-03-30T13:53:06Z,206,0.0003550166,Y,15593,26147
1412359747,2026-03-30T12:18:53Z,2026-04-02T06:55:02Z,17,0.04614379,Y,17359,21279
1412359730,2026-03-30T12:18:55Z,2026-03-30T16:44:38Z,829,0.0001220942,Y,17296,34556
1412361187,2026-03-30T12:19:06Z,2026-04-02T00:06:05Z,237,0.0006326358,Y,20440,61158
1412361821,2026-03-30T12:19:10Z,2026-04-02T06:55:02Z,17,0.04614379,Y,21279,17359
1412361841,2026-03-30T12:19:12Z,2026-04-01T13:40:41Z,513,0.0001228592,Y,21377,4686
1412364070,2026-03-30T12:19:27Z,2026-04-02T03:20:50Z,893,0.0003166404,Y,26065,34721
1412363911,2026-03-30T12:19:27Z,2026-03-31T05:22:36Z,145,0.00049126,Y,25940,61497
1412364319,2026-03-30T12:19:31Z,2026-03-30T13:53:06Z,206,0.0003550166,Y,26147,15593
1412364981,2026-03-30T12:19:37Z,2026-04-01T14:23:17Z,596,0.0003510897,Y,26819,43335
1412366021,2026-03-30T12:19:42Z,2026-03-31T05:33:35Z,219,0.0004647673,Y,28335,28480
1412366358,2026-03-30T12:19:47Z,2026-03-31T05:33:35Z,219,0.0004647673,Y,28480,28335
1412367936,2026-03-30T12:19:57Z,2026-03-31T13:54:17Z,193,0.0004843589,Y,29896,6828
1412368001,2026-03-30T12:20:00Z,2026-04-01T20:07:40Z,773,0.0003313891,Y,29926,7715
1412368338,2026-03-30T12:20:01Z,2026-04-02T04:09:59Z,315,0.0006313394,Y,30053,36509
1412376878,2026-03-30T12:21:09Z,2026-03-30T16:44:38Z,829,0.0001220942,Y,34556,17296
1412377056,2026-03-30T12:21:12Z,2026-04-02T03:20:50Z,893,0.0003166404,Y,34721,26065
1412379266,2026-03-30T12:21:30Z,2026-03-31T16:15:28Z,963,0.0001074285,Y,35905,61900
1412380333,2026-03-30T12:21:39Z,2026-04-02T04:09:59Z,315,0.0006313394,Y,36509,30053
1412381859,2026-03-30T12:21:52Z,2026-03-30T22:27:46Z,480,0.0007596461,Y,37657,14240
1412384488,2026-03-30T12:22:11Z,2026-03-31T14:24:03Z,64,0.0002782093,Y,39203,54881
1412392897,2026-03-30T12:23:12Z,2026-03-31T14:39:57Z,989,0.0001371997,Y,42619,89379
1412295458,2026-03-30T12:26:11Z,2026-03-31T14:24:03Z,64,0.0002782093,Y,54881,39203
1412298104,2026-03-30T12:26:34Z,2026-04-02T05:38:41Z,189,0.0001706847,Y,55511,57831
1412308143,2026-03-30T12:27:56Z,2026-04-02T05:38:41Z,189,0.0001706847,Y,57831,55511
1412329745,2026-03-30T12:30:40Z,2026-04-02T00:06:05Z,237,0.0006326358,Y,61158,20440
1412331572,2026-03-30T12:30:53Z,2026-03-30T13:57:52Z,74,0.000294387,Y,61451,43500
1412331756,2026-03-30T12:30:54Z,2026-03-31T05:22:36Z,145,0.00049126,Y,61497,25940
1412401611,2026-03-30T12:34:31Z,2026-03-31T12:30:06Z,94,0.002233058,Y,64692,14222
1412828974,2026-03-30T20:54:09Z,2026-03-31T14:45:51Z,2637,,Y,23203,26569
1412880731,2026-03-30T22:12:04Z,2026-04-01T13:40:41Z,507,0.0001293819,Y,4686,21377
1412881040,2026-03-30T22:12:14Z,2026-04-02T11:49:43Z,83,0.0001043351,Y,5097,35332
1412881639,2026-03-30T22:12:22Z,2026-03-31T13:54:17Z,186,0.0006083913,Y,6828,29896
1412881768,2026-03-30T22:12:28Z,2026-04-01T20:07:40Z,637,0.0003729168,Y,7715,29926
1412884268,2026-03-30T22:13:10Z,2026-03-31T12:30:06Z,151,0.001033487,Y,14222,64692
1412884366,2026-03-30T22:13:12Z,2026-03-30T22:27:46Z,467,0.0008063343,Y,14240,37657
1412885344,2026-03-30T22:13:25Z,2026-04-02T06:55:02Z,18,0.04743978,Y,17359,21279
1412886838,2026-03-30T22:13:48Z,2026-04-02T00:06:05Z,30,0.0006697769,Y,20440,61158
1412887490,2026-03-30T22:13:54Z,2026-04-01T13:40:41Z,507,0.0001293819,Y,21377,4686
1412887465,2026-03-30T22:13:54Z,2026-04-02T06:55:02Z,18,0.04743978,Y,21279,17359
1412887666,2026-03-30T22:13:56Z,2026-04-02T22:02:34Z,322,0.0005382483,Y,21797,22502
1412888041,2026-03-30T22:14:02Z,2026-04-02T22:02:34Z,322,0.0005382483,Y,22502,21797
1412887817,2026-03-30T22:14:03Z,2026-03-31T03:18:09Z,41,0.000392215,Y,22292,33718
1412889516,2026-03-30T22:14:23Z,2026-04-02T22:11:44Z,935,0.0003710512,Y,25634,37662
1412889954,2026-03-30T22:14:30Z,2026-04-02T03:20:50Z,876,0.0001662429,Y,26065,34721
1412892163,2026-03-30T22:15:01Z,2026-03-31T05:33:35Z,18,0.001859787,Y,28335,28480
1412892533,2026-03-30T22:15:08Z,2026-03-31T05:33:35Z,18,0.001859787,Y,28480,28335
1412894052,2026-03-30T22:15:32Z,2026-03-31T22:32:46Z,269,0.0001071509,Y,29841,30847
1412894290,2026-03-30T22:15:36Z,2026-04-01T20:07:40Z,637,0.0003729168,Y,29926,7715
1412894225,2026-03-30T22:15:40Z,2026-03-31T13:54:17Z,186,0.0006083913,Y,29896,6828
1412894628,2026-03-30T22:15:41Z,2026-04-02T04:09:59Z,334,0.0006094428,Y,30053,36509
1412896879,2026-03-30T22:16:11Z,2026-03-31T22:32:46Z,269,0.0001071509,Y,30847,29841
1412899189,2026-03-30T22:16:33Z,2026-04-02T02:12:50Z,286,0.0001607662,Y,31372,34302
1412902590,2026-03-30T22:17:21Z,2026-03-31T03:18:09Z,41,0.000392215,Y,33718,22292
1412902842,2026-03-30T22:17:28Z,2026-04-01T21:29:35Z,505,0.0001086154,Y,33776,34056
1412903656,2026-03-30T22:17:36Z,2026-04-01T21:29:35Z,505,0.0001086154,Y,34056,33776
1412903875,2026-03-30T22:17:38Z,2026-04-02T02:12:50Z,286,0.0001607662,Y,34302,31372
1412904691,2026-03-30T22:17:49Z,2026-04-02T03:20:50Z,876,0.0001662429,Y,34721,26065
1412905837,2026-03-30T22:18:12Z,2026-04-02T11:49:43Z,83,0.0001043351,Y,35332,5097
1412908125,2026-03-30T22:18:45Z,2026-04-02T04:09:59Z,334,0.0006094428,Y,36509,30053
1412909750,2026-03-30T22:19:12Z,2026-03-30T22:27:46Z,467,0.0008063343,Y,37657,14240
1412909771,2026-03-30T22:19:13Z,2026-04-02T22:11:44Z,935,0.0003710512,Y,37662,25634
1412910389,2026-03-30T22:19:20Z,2026-04-01T21:22:26Z,914,0.0002654778,Y,37925,44889
1412912452,2026-03-30T22:19:45Z,2026-03-31T14:24:02Z,249,0.0004490145,Y,39203,54881
1412920766,2026-03-30T22:21:26Z,2026-03-31T14:39:57Z,932,0.0001440759,Y,42619,89379
1412943504,2026-03-30T22:26:17Z,2026-03-31T14:24:02Z,249,0.0004490145,Y,54881,39203
1412946216,2026-03-30T22:26:53Z,2026-04-02T05:38:41Z,195,0.0001319873,Y,55511,57831
1412976879,2026-03-30T22:29:12Z,2026-04-02T05:38:41Z,195,0.0001319873,Y,57831,55511
1413029429,2026-03-30T22:34:41Z,2026-04-02T00:06:05Z,30,0.0006697769,Y,61158,20440
1412991710,2026-03-30T22:43:24Z,2026-03-31T12:30:06Z,151,0.001033487,Y,64692,14222
1413425490,2026-03-31T04:52:36Z,2026-03-31T14:45:51Z,2637,,Y,23203,26569
1413425756,2026-03-31T04:52:41Z,2026-04-02T02:37:21Z,3692,,Y,23766,32026
1413426151,2026-03-31T04:52:43Z,2026-03-31T14:45:51Z,2637,,Y,26569,23203
1413426762,2026-03-31T04:52:51Z,2026-04-02T02:37:21Z,3692,,Y,32026,23766
1413622763,2026-03-31T05:56:12Z,2026-04-01T15:07:22Z,421,0.0001005673,Y,409,30259
1413624063,2026-03-31T05:56:23Z,2026-04-02T08:53:56Z,206,0.0001246008,Y,4214,35240
1413625141,2026-03-31T05:56:34Z,2026-03-31T13:54:17Z,181,0.0006224346,Y,6828,29896
1413625268,2026-03-31T05:56:35Z,2026-04-01T20:07:40Z,105,0.001197735,Y,7715,29926
1413625666,2026-03-31T05:56:40Z,2026-04-01T21:53:52Z,302,0.0003037499,Y,9443,55512
1413627660,2026-03-31T05:56:58Z,2026-03-31T12:30:06Z,110,0.001011006,Y,14222,64692
1413628722,2026-03-31T05:57:12Z,2026-04-02T06:55:02Z,19,0.05898211,Y,17359,21279
1413630104,2026-03-31T05:57:24Z,2026-04-02T00:06:05Z,54,0.0005949786,Y,20440,61158
1413630706,2026-03-31T05:57:30Z,2026-04-02T06:55:02Z,19,0.05898211,Y,21279,17359
1413709935,2026-03-31T05:57:48Z,2026-04-02T14:28:33Z,738,0.0001247316,Y,25636,31456
1413763582,2026-03-31T06:00:27Z,2026-04-02T07:49:14Z,856,0.0001387808,Y,33992,25490
1413763962,2026-03-31T06:00:31Z,2026-04-03T01:02:34Z,810,0.0001049794,Y,34297,61428
1413763974,2026-03-31T06:00:32Z,2026-04-02T02:12:50Z,254,0.0001440449,Y,34302,31372
1413765609,2026-03-31T06:00:50Z,2026-04-02T08:53:56Z,206,0.0001246008,Y,35240,4214
1413768123,2026-03-31T06:01:15Z,2026-04-02T04:09:59Z,206,0.0009083134,Y,36509,30053
1413769509,2026-03-31T06:01:31Z,2026-03-31T16:42:30Z,40,0.0001365913,Y,37532,54400
1413868148,2026-03-31T06:02:07Z,2026-03-31T14:24:02Z,291,0.0001630508,Y,39203,54881
1413770703,2026-03-31T06:03:37Z,2026-03-31T14:39:57Z,850,0.0001697146,Y,42619,89379
1413891531,2026-03-31T06:07:54Z,2026-04-01T21:53:52Z,302,0.0003037499,Y,55512,9443
1413914602,2026-03-31T06:13:56Z,2026-04-02T00:06:05Z,54,0.0005949786,Y,61158,20440
1413790437,2026-03-31T06:14:17Z,2026-04-03T01:02:34Z,810,0.0001049794,Y,61428,34297
1413936369,2026-03-31T06:20:40Z,2026-03-31T12:30:06Z,110,0.001011006,Y,64692,14222
1413997705,2026-03-31T11:23:18Z,2026-03-31T14:45:51Z,2637,,Y,23203,26569
1413997953,2026-03-31T11:23:23Z,2026-04-02T02:37:21Z,4043,,Y,23766,32026
1413998300,2026-03-31T11:23:31Z,2026-03-31T14:45:51Z,2637,,Y,26569,23203
1413998864,2026-03-31T11:23:42Z,2026-04-02T02:37:21Z,4043,,Y,32026,23766
1414044681,2026-03-31T12:23:11Z,2026-04-01T21:53:52Z,674,0.0001290637,Y,9443,55512
1414047667,2026-03-31T12:23:36Z,2026-04-02T06:55:02Z,22,0.04205537,Y,17359,21279
1414048992,2026-03-31T12:23:52Z,2026-04-02T00:06:05Z,256,0.0002382741,Y,20440,61158
1414051479,2026-03-31T12:24:15Z,2026-04-02T22:11:44Z,983,0.0006391152,Y,25634,37662
1414066587,2026-03-31T12:26:23Z,2026-04-02T02:12:50Z,282,0.0001010252,Y,34302,31372
1414066580,2026-03-31T12:26:25Z,2026-04-03T01:02:34Z,580,0.0001416059,Y,34297,61428
1414068198,2026-03-31T12:26:40Z,2026-04-02T08:53:56Z,68,0.0001640908,Y,35240,4214
1414068472,2026-03-31T12:26:43Z,2026-04-02T11:49:43Z,21,0.0001931308,Y,35332,5097
1414070679,2026-03-31T12:27:05Z,2026-04-02T04:09:59Z,242,0.0006497084,Y,36509,30053
1414072222,2026-03-31T12:27:22Z,2026-04-02T22:11:44Z,983,0.0006391152,Y,37662,25634
1414104806,2026-03-31T12:27:49Z,2026-03-31T14:24:02Z,223,0.000145036,Y,39203,54881
1414085306,2026-03-31T12:32:40Z,2026-03-31T14:24:02Z,223,0.000145036,Y,54881,39203
1414087958,2026-03-31T12:33:07Z,2026-04-01T21:53:52Z,674,0.0001290637,Y,55512,9443
1414170641,2026-03-31T12:38:19Z,2026-04-02T00:06:05Z,256,0.0002382741,Y,61158,20440
1414172275,2026-03-31T12:38:36Z,2026-04-03T01:02:34Z,580,0.0001416059,Y,61428,34297
1414142193,2026-03-31T12:43:18Z,2026-03-31T12:30:06Z,113,0.0006771844,Y,64692,14222
1414730290,2026-03-31T21:30:36Z,2026-04-02T02:37:21Z,3189,,Y,23766,32026
1414731125,2026-03-31T21:30:55Z,2026-04-02T02:37:21Z,3189,,Y,32026,23766
1414894302,2026-03-31T22:45:36Z,2026-04-03T16:30:19Z,580,0.0001230699,Y,5174,270209
1414895433,2026-03-31T22:45:50Z,2026-04-01T21:53:52Z,660,0.000101752,Y,9443,55512
1414898596,2026-03-31T22:46:28Z,2026-04-02T06:55:02Z,19,0.05150068,Y,17359,21279
1414900039,2026-03-31T22:46:43Z,2026-04-02T00:06:05Z,210,0.0002679456,Y,20440,61158
1414962227,2026-03-31T22:47:07Z,2026-04-03T19:11:34Z,90,0.0006614285,Y,24871,64659
1414962775,2026-03-31T22:47:13Z,2026-04-02T22:11:44Z,963,0.0006089471,Y,25634,37662
1414963006,2026-03-31T22:47:18Z,2026-04-01T00:03:40Z,150,0.0009633788,Y,25893,37406
1414964085,2026-03-31T22:47:25Z,2026-04-03T21:12:46Z,303,0.0001033301,Y,26550,30251
1414964098,2026-03-31T22:47:25Z,2026-04-02T01:14:29Z,374,0.0002949056,Y,26621,13472
1414967412,2026-03-31T22:48:04Z,2026-04-01T20:07:40Z,38,0.002598364,Y,29926,7715
1414967814,2026-03-31T22:48:10Z,2026-04-03T01:34:14Z,116,0.0001116677,Y,30077,3561
1414967776,2026-03-31T22:48:10Z,2026-04-02T04:09:59Z,250,0.0004695216,Y,30053,36509
1414968287,2026-03-31T22:48:15Z,2026-04-03T21:12:46Z,303,0.0001033301,Y,30251,26550
1414970864,2026-03-31T22:48:40Z,2026-04-03T20:24:15Z,410,0.0003190887,Y,31133,61143
1414972928,2026-03-31T22:49:04Z,2026-04-02T23:12:41Z,11,0.0008137976,Y,31819,10121
1414976437,2026-03-31T22:49:40Z,2026-04-03T01:02:34Z,568,0.0001523524,Y,34297,61428
1414977972,2026-03-31T22:49:53Z,2026-04-02T02:43:11Z,186,0.0002598675,Y,35160,54289
1414978128,2026-03-31T22:49:55Z,2026-04-02T08:53:56Z,99,0.0001090024,Y,35240,4214
1414978398,2026-03-31T22:49:57Z,2026-04-02T11:49:43Z,31,0.0002685269,Y,35332,5097
1414980728,2026-03-31T22:50:21Z,2026-04-02T04:09:59Z,250,0.0004695216,Y,36509,30053
1414862811,2026-03-31T22:50:39Z,2026-04-01T00:03:40Z,150,0.0009633788,Y,37406,25893
1414863213,2026-03-31T22:50:43Z,2026-04-02T22:11:44Z,963,0.0006089471,Y,37662,25634
1414873801,2026-03-31T22:52:41Z,2026-04-03T17:02:27Z,977,0.00015048,Y,42384,14760
1414922044,2026-03-31T23:10:38Z,2026-04-03T22:57:48Z,591,0.0001207233,Y,60796,43416
1415033595,2026-03-31T23:11:02Z,2026-04-03T20:24:15Z,410,0.0003190887,Y,61143,31133
1415033637,2026-03-31T23:11:03Z,2026-04-03T20:20:58Z,121,0.0001954989,Y,61146,54558
1415033701,2026-03-31T23:11:05Z,2026-04-02T00:06:05Z,210,0.0002679456,Y,61158,20440
1415035362,2026-03-31T23:11:35Z,2026-04-03T01:02:34Z,568,0.0001523524,Y,61428,34297
1415066186,2026-03-31T23:17:12Z,2026-04-03T19:11:34Z,90,0.0006614285,Y,64659,24871
1415279165,2026-04-01T05:55:14Z,2026-04-02T19:37:52Z,123,0.0001061749,Y,10514,56612
1415281909,2026-04-01T05:55:46Z,2026-04-02T06:55:02Z,21,0.03333232,Y,17359,21279
1415282480,2026-04-01T05:55:53Z,2026-04-04T02:02:36Z,85,0.0003695916,Y,18749,25977
1415283346,2026-04-01T05:56:04Z,2026-04-02T00:06:05Z,281,0.0002143333,Y,20440,61158
1415283250,2026-04-01T05:56:05Z,2026-04-03T01:21:41Z,39,0.0002134936,Y,20032,20527
1415283444,2026-04-01T05:56:08Z,2026-04-03T01:21:41Z,39,0.0002134936,Y,20527,20032
1415283978,2026-04-01T05:56:11Z,2026-04-02T06:55:02Z,21,0.03333232,Y,21279,17359
1415285460,2026-04-01T05:56:28Z,2026-04-03T19:11:34Z,74,0.001067809,Y,24871,64659
1415285957,2026-04-01T05:56:37Z,2026-04-02T22:11:44Z,948,0.0003448509,Y,25634,37662
1415286263,2026-04-01T05:56:40Z,2026-04-04T02:02:36Z,85,0.0003695916,Y,25977,18749
1415287116,2026-04-01T05:56:46Z,2026-04-01T22:43:48Z,138,0.0001211448,Y,26375,29207
1415287302,2026-04-01T05:56:47Z,2026-04-02T01:14:29Z,402,0.0003153452,Y,26621,13472
1415287285,2026-04-01T05:56:48Z,2026-04-03T21:12:46Z,422,0.0001323577,Y,26550,30251
1415289693,2026-04-01T05:57:06Z,2026-04-01T22:43:48Z,138,0.0001211448,Y,29207,26375
1415290535,2026-04-01T05:57:15Z,2026-04-01T20:07:40Z,15,0.002620547,Y,29926,7715
1415291332,2026-04-01T05:57:19Z,2026-04-03T21:12:46Z,422,0.0001323577,Y,30251,26550
1415291028,2026-04-01T05:57:20Z,2026-04-02T09:23:37Z,100,0.0001368634,Y,30114,31487
1415291696,2026-04-01T05:57:22Z,2026-04-02T08:38:37Z,153,0.0001253904,Y,30371,34497
1415293870,2026-04-01T05:57:36Z,2026-04-03T20:24:16Z,17,0.0004543262,Y,31133,61143
1415294869,2026-04-01T05:57:43Z,2026-04-02T09:23:37Z,100,0.0001368634,Y,31487,30114
1415295850,2026-04-01T05:57:48Z,2026-04-02T23:12:41Z,36,0.000982562,Y,31819,10121
1415296452,2026-04-01T05:57:53Z,2026-04-04T00:52:04Z,95,0.0002457277,Y,32141,61425
1415299795,2026-04-01T05:58:16Z,2026-04-02T08:38:37Z,153,0.0001253904,Y,34497,30371
1415300931,2026-04-01T05:58:24Z,2026-04-02T08:53:56Z,116,0.0001033157,Y,35240,4214
1415301226,2026-04-01T05:58:29Z,2026-04-02T11:49:43Z,174,0.0002729408,Y,35332,5097
1415306014,2026-04-01T05:58:53Z,2026-04-02T22:11:44Z,948,0.0003448509,Y,37662,25634
1415307052,2026-04-01T05:59:02Z,2026-04-02T15:53:50Z,33,0.0001654776,Y,38180,61132
1415324670,2026-04-01T06:03:51Z,2026-04-02T19:37:52Z,123,0.0001061749,Y,56612,10514
1415355645,2026-04-01T06:08:11Z,2026-04-02T15:53:50Z,33,0.0001654776,Y,61132,38180
1415355690,2026-04-01T06:08:13Z,2026-04-03T20:24:16Z,17,0.0004543262,Y,61143,31133
1415385778,2026-04-01T06:08:18Z,2026-04-02T00:06:05Z,281,0.0002143333,Y,61158,20440
1415387339,2026-04-01T06:08:26Z,2026-04-04T00:52:04Z,95,0.0002457277,Y,61425,32141
