cdm_id,created_utc,tca_utc,min_rng_m,pc,emergency_reportable,norad_id_1,norad_id_2
1451519303,2026-04-24T20:47:53Z,2026-04-25T07:31:17Z,2378,,Y,12897,26394
1451519596,2026-04-24T20:47:54Z,2026-04-27T02:57:55Z,4499,,Y,16769,12564
1451519464,2026-04-24T20:47:54Z,2026-04-26T04:37:38Z,2224,,Y,15057,18384
1451519630,2026-04-24T20:47:55Z,2026-04-26T04:37:38Z,2224,,Y,18384,15057
1451520556,2026-04-24T20:48:02Z,2026-04-25T07:31:17Z,2378,,Y,26394,12897
1451542676,2026-04-24T21:50:55Z,2026-04-27T17:04:48Z,252,0.0003118045,Y,2801,46972
1451544492,2026-04-24T21:51:14Z,2026-04-26T22:06:10Z,243,0.0005907764,Y,10520,58398
1451549054,2026-04-24T21:52:06Z,2026-04-25T03:51:41Z,537,0.0001392052,Y,22080,36255
1451549992,2026-04-24T21:52:20Z,2026-04-27T07:07:31Z,54,0.001469173,Y,24677,17638
1451550951,2026-04-24T21:52:26Z,2026-04-27T14:24:04Z,796,0.0001952922,Y,26065,61813
1451574782,2026-04-24T21:53:09Z,2026-04-26T11:23:44Z,279,0.0002645438,Y,30088,416
1451578118,2026-04-24T21:53:44Z,2026-04-25T10:37:55Z,37,0.0002316688,Y,31510,54473
1451579201,2026-04-24T21:53:57Z,2026-04-26T12:29:03Z,174,0.0001188521,Y,31949,39639
1451579562,2026-04-24T21:54:01Z,2026-04-24T20:49:09Z,47,0.0001376893,Y,32315,36272
1451581156,2026-04-24T21:54:21Z,2026-04-25T14:50:12Z,32,0.0002828899,Y,33793,54506
1451585295,2026-04-24T21:55:08Z,2026-04-25T03:51:41Z,537,0.0001392052,Y,36255,22080
1451585322,2026-04-24T21:55:10Z,2026-04-24T20:49:09Z,47,0.0001376893,Y,36272,32315
1451556685,2026-04-24T21:59:01Z,2026-04-27T17:04:48Z,252,0.0003118045,Y,46972,2801
1451565594,2026-04-24T22:00:36Z,2026-04-25T10:37:55Z,37,0.0002316688,Y,54473,31510
1451565674,2026-04-24T22:00:37Z,2026-04-25T14:50:12Z,32,0.0002828899,Y,54506,33793
1451570855,2026-04-24T22:01:29Z,2026-04-27T05:26:59Z,63,0.0004514775,Y,55901,11289
1451592384,2026-04-24T22:01:41Z,2026-04-26T15:24:24Z,150,0.0008836104,Y,56644,67245
1451644237,2026-04-24T22:03:31Z,2026-04-26T22:06:10Z,243,0.0005907764,Y,58398,10520
1451605067,2026-04-24T22:06:55Z,2026-04-25T20:39:51Z,171,0.0005631222,Y,61493,68138
1451606330,2026-04-24T22:07:06Z,2026-04-27T14:24:04Z,796,0.0001952922,Y,61813,26065
1451690518,2026-04-24T22:13:55Z,2026-04-25T20:39:51Z,171,0.0005631222,Y,68138,61493
1451830969,2026-04-25T03:43:57Z,2026-04-27T02:57:55Z,4434,,Y,12564,16769
1451832684,2026-04-25T03:44:01Z,2026-04-26T04:37:38Z,2236,,Y,15057,18384
1451833033,2026-04-25T03:44:02Z,2026-04-27T02:57:55Z,4434,,Y,16769,12564
1451833629,2026-04-25T03:44:04Z,2026-04-26T04:37:38Z,2236,,Y,18384,15057
1451839034,2026-04-25T03:44:15Z,2026-04-25T07:31:17Z,2386,,Y,26394,12897
1451827902,2026-04-25T04:24:07Z,2026-04-26T11:23:44Z,270,0.0002192144,Y,416,30088
1451828463,2026-04-25T04:24:15Z,2026-04-27T17:04:48Z,339,0.0003182465,Y,2801,46972
1451828417,2026-04-25T04:24:15Z,2026-04-25T18:48:03Z,176,0.0001448109,Y,2422,42371
1451830419,2026-04-25T04:24:39Z,2026-04-26T16:20:20Z,96,0.001159993,Y,10293,270224
1451830648,2026-04-25T04:24:46Z,2026-04-27T05:26:59Z,71,0.0005132268,Y,11289,55901
1451830891,2026-04-25T04:24:50Z,2026-04-25T19:47:26Z,23,0.0002078454,Y,12372,14812
1451831890,2026-04-25T04:25:03Z,2026-04-26T06:43:17Z,96,0.0006938659,Y,13801,22397
1451832613,2026-04-25T04:25:11Z,2026-04-25T19:47:26Z,23,0.0002078454,Y,14812,12372
1451833390,2026-04-25T04:25:20Z,2026-04-27T07:07:31Z,66,0.001532981,Y,17638,24677
1451835872,2026-04-25T04:25:50Z,2026-04-26T06:43:17Z,96,0.0006938659,Y,22397,13801
1451835889,2026-04-25T04:25:50Z,2026-04-27T19:52:56Z,171,0.0001080186,Y,22410,87884
1451837161,2026-04-25T04:26:00Z,2026-04-27T07:07:31Z,66,0.001532981,Y,24677,17638
1451837908,2026-04-25T04:26:09Z,2026-04-27T22:12:44Z,84,0.0001644021,Y,25759,41512
1451838295,2026-04-25T04:26:12Z,2026-04-27T14:24:03Z,208,0.0002606197,Y,26065,61813
1451838297,2026-04-25T04:26:12Z,2026-04-28T04:21:56Z,102,0.000237427,Y,26069,29754
1451838439,2026-04-25T04:26:14Z,2026-04-26T19:33:19Z,30,0.0001089294,Y,26132,36273
1451842045,2026-04-25T04:26:56Z,2026-04-28T04:21:56Z,102,0.000237427,Y,29754,26069
1451842621,2026-04-25T04:27:05Z,2026-04-26T11:23:44Z,270,0.0002192144,Y,30088,416
1451845784,2026-04-25T04:27:47Z,2026-04-25T10:37:55Z,45,0.0002267603,Y,31510,54473
1451846540,2026-04-25T04:27:59Z,2026-04-25T10:08:37Z,194,0.0001534508,Y,31826,41289
1451846559,2026-04-25T04:27:59Z,2026-04-25T14:50:14Z,69,0.0001205339,Y,31844,36860
1451846841,2026-04-25T04:28:03Z,2026-04-26T12:29:03Z,128,0.0001433689,Y,31949,39639
1451849117,2026-04-25T04:28:32Z,2026-04-25T14:50:12Z,82,0.0003025899,Y,33793,54506
1451857215,2026-04-25T04:29:30Z,2026-04-26T19:33:19Z,30,0.0001089294,Y,36273,26132
1451858313,2026-04-25T04:29:44Z,2026-04-25T14:50:14Z,69,0.0001205339,Y,36860,31844
1451863545,2026-04-25T04:31:00Z,2026-04-26T12:29:03Z,128,0.0001433689,Y,39639,31949
1451876793,2026-04-25T04:31:46Z,2026-04-25T10:08:37Z,194,0.0001534508,Y,41289,31826
1451877318,2026-04-25T04:31:54Z,2026-04-27T22:12:44Z,84,0.0001644021,Y,41512,25759
1451878470,2026-04-25T04:32:09Z,2026-04-25T18:48:03Z,176,0.0001448109,Y,42371,2422
1451887653,2026-04-25T04:34:11Z,2026-04-27T17:04:48Z,339,0.0003182465,Y,46972,2801
1451871801,2026-04-25T04:44:02Z,2026-04-27T15:09:40Z,969,0.0002001168,Y,60661,66421
1451896162,2026-04-25T04:44:59Z,2026-04-27T14:24:03Z,208,0.0002606197,Y,61813,26065
1452248867,2026-04-25T11:04:45Z,2026-04-27T02:57:55Z,4516,,Y,12564,16769
1452249067,2026-04-25T11:04:47Z,2026-04-26T04:37:38Z,2272,,Y,15057,18384
1452249185,2026-04-25T11:04:49Z,2026-04-27T02:57:55Z,4516,,Y,16769,12564
1452249232,2026-04-25T11:04:50Z,2026-04-26T04:37:38Z,2272,,Y,18384,15057
1452316147,2026-04-25T12:04:04Z,2026-04-26T11:23:44Z,220,0.0001585993,Y,416,30088
1452316588,2026-04-25T12:04:08Z,2026-04-27T17:04:48Z,609,0.0001131306,Y,2801,46972
1452318213,2026-04-25T12:04:26Z,2026-04-26T16:20:20Z,140,0.0009468445,Y,10293,270224
1452318312,2026-04-25T12:04:26Z,2026-04-27T12:36:24Z,166,0.0001086515,Y,10621,31053
1452318392,2026-04-25T12:04:27Z,2026-04-27T05:26:59Z,88,0.0007061284,Y,11289,55901
1452319371,2026-04-25T12:04:38Z,2026-04-26T06:43:17Z,232,0.0002908775,Y,13801,22397
1452320151,2026-04-25T12:04:49Z,2026-04-27T12:44:10Z,286,0.0002378213,Y,16682,31088
1452320470,2026-04-25T12:04:51Z,2026-04-27T07:07:31Z,371,0.0008417568,Y,17638,24677
1452322498,2026-04-25T12:05:08Z,2026-04-26T06:43:17Z,232,0.0002908775,Y,22397,13801
1452323339,2026-04-25T12:05:15Z,2026-04-27T07:07:31Z,371,0.0008417568,Y,24677,17638
1452323015,2026-04-25T12:05:15Z,2026-04-27T15:12:44Z,172,0.000179955,Y,23751,41164
1452327878,2026-04-25T12:05:56Z,2026-04-26T11:23:44Z,220,0.0001585993,Y,30088,416
1452329797,2026-04-25T12:06:17Z,2026-04-27T12:44:10Z,286,0.0002378213,Y,31088,16682
1452329736,2026-04-25T12:06:18Z,2026-04-27T12:36:24Z,166,0.0001086515,Y,31053,10621
1452331000,2026-04-25T12:06:30Z,2026-04-27T13:59:27Z,143,0.0001036011,Y,31627,35846
1452331847,2026-04-25T12:06:40Z,2026-04-26T12:29:03Z,90,0.0001371387,Y,31949,39639
1452333654,2026-04-25T12:06:58Z,2026-04-25T14:50:12Z,106,0.0002025451,Y,33793,54506
1452336808,2026-04-25T12:07:35Z,2026-04-27T13:59:27Z,143,0.0001036011,Y,35846,31627
1452343504,2026-04-25T12:08:41Z,2026-04-26T12:29:03Z,90,0.0001371387,Y,39639,31949
1452346679,2026-04-25T12:09:05Z,2026-04-27T15:12:44Z,172,0.000179955,Y,41164,23751
1452357930,2026-04-25T12:10:54Z,2026-04-27T17:04:48Z,609,0.0001131306,Y,46972,2801
1452366785,2026-04-25T12:12:16Z,2026-04-25T14:50:12Z,106,0.0002025451,Y,54506,33793
1452371659,2026-04-25T12:13:04Z,2026-04-27T05:26:59Z,88,0.0007061284,Y,55901,11289
1452373082,2026-04-25T12:13:17Z,2026-04-26T15:24:24Z,168,0.0007849719,Y,56644,67245
1452403935,2026-04-25T12:32:34Z,2026-04-26T15:24:24Z,168,0.0007849719,Y,67245,56644
1452808970,2026-04-25T20:37:27Z,2026-04-26T04:37:38Z,2255,,Y,15057,18384
1452809126,2026-04-25T20:37:29Z,2026-04-26T04:37:38Z,2255,,Y,18384,15057
1452809091,2026-04-25T20:37:30Z,2026-04-27T02:57:55Z,4445,,Y,16769,12564
1452917010,2026-04-25T21:44:19Z,2026-04-27T17:04:48Z,486,0.0002078397,Y,2801,46972
1452917831,2026-04-25T21:44:28Z,2026-04-27T16:14:49Z,77,0.0004010024,Y,5174,31888
1452924549,2026-04-25T21:45:42Z,2026-04-27T07:07:31Z,228,0.001196878,Y,24677,17638
1452925547,2026-04-25T21:45:52Z,2026-04-28T04:21:56Z,253,0.0002590496,Y,26069,29754
1452925545,2026-04-25T21:45:52Z,2026-04-27T14:24:03Z,404,0.0002603541,Y,26065,61813
1452958877,2026-04-25T21:46:25Z,2026-04-28T04:21:56Z,253,0.0002590496,Y,29754,26069
1452961518,2026-04-25T21:46:53Z,2026-04-27T12:36:24Z,62,0.0001600317,Y,31053,10621
1452963582,2026-04-25T21:47:10Z,2026-04-27T16:14:49Z,77,0.0004010024,Y,31888,5174
1452963846,2026-04-25T21:47:13Z,2026-04-26T12:29:03Z,108,0.0001724617,Y,31949,39639
1452964797,2026-04-25T21:47:21Z,2026-04-26T17:50:38Z,802,0.0003727957,Y,33061,35793
1452969084,2026-04-25T21:48:02Z,2026-04-26T17:50:38Z,802,0.0003727957,Y,35793,33061
1452928582,2026-04-25T21:50:38Z,2026-04-27T15:50:58Z,445,0.0001134838,Y,44518,20360
1452931475,2026-04-25T21:51:02Z,2026-04-27T17:04:48Z,486,0.0002078397,Y,46972,2801
1452945645,2026-04-25T21:53:08Z,2026-04-27T05:26:59Z,76,0.0006586246,Y,55901,11289
1452997193,2026-04-25T21:53:23Z,2026-04-26T15:24:24Z,200,0.0005116351,Y,56644,67245
1452997233,2026-04-25T21:53:24Z,2026-04-28T16:40:22Z,152,0.0001304062,Y,56657,22609
1453033147,2026-04-25T21:58:38Z,2026-04-27T14:24:03Z,404,0.0002603541,Y,61813,26065
1453061349,2026-04-25T22:04:00Z,2026-04-26T15:24:24Z,200,0.0005116351,Y,67245,56644
1453271908,2026-04-26T03:54:11Z,2026-04-26T04:37:38Z,2227,,Y,15057,18384
1453272097,2026-04-26T03:54:12Z,2026-04-26T04:37:38Z,2227,,Y,18384,15057
1453272056,2026-04-26T03:54:12Z,2026-04-27T02:57:55Z,4345,,Y,16769,12564
1453344597,2026-04-26T04:44:06Z,2026-04-27T16:14:49Z,474,0.000275648,Y,5174,31888
1453350712,2026-04-26T04:44:54Z,2026-04-27T15:12:44Z,561,0.0002440256,Y,23751,41164
1453351291,2026-04-26T04:44:56Z,2026-04-28T16:59:14Z,260,0.00012417,Y,25260,12265
1453386904,2026-04-26T04:46:38Z,2026-04-27T23:49:27Z,539,0.0001876772,Y,34971,6216
1453388403,2026-04-26T04:46:48Z,2026-04-27T13:59:27Z,165,0.0001151693,Y,35846,31627
1453391224,2026-04-26T04:47:12Z,2026-04-28T14:12:52Z,49,0.0005155871,Y,37766,66411
1453395281,2026-04-26T04:47:43Z,2026-04-26T12:29:03Z,88,0.0001674796,Y,39639,31949
1453397886,2026-04-26T04:48:05Z,2026-04-27T15:12:44Z,561,0.0002440256,Y,41164,23751
1453398959,2026-04-26T04:48:12Z,2026-04-27T23:51:43Z,913,0.0001054995,Y,41512,25759
1453376540,2026-04-26T04:49:07Z,2026-04-27T15:50:57Z,543,0.0001096791,Y,44518,20360
1453385512,2026-04-26T04:50:18Z,2026-04-26T05:40:43Z,48,0.0001164951,Y,52037,55534
1453437812,2026-04-26T04:50:36Z,2026-04-28T01:01:24Z,136,0.0001254531,Y,54273,30151
1453437846,2026-04-26T04:50:36Z,2026-04-27T08:53:26Z,630,0.0001701269,Y,54282,4579
1453442895,2026-04-26T04:51:17Z,2026-04-26T05:40:43Z,48,0.0001164951,Y,55534,52037
1453443376,2026-04-26T04:51:21Z,2026-04-27T05:26:59Z,81,0.0006945195,Y,55901,11289
1453444921,2026-04-26T04:51:33Z,2026-04-26T15:24:24Z,204,0.0005155088,Y,56644,67245
1453490450,2026-04-26T04:59:21Z,2026-04-28T14:12:52Z,49,0.0005155871,Y,66411,37766
1453495646,2026-04-26T04:59:56Z,2026-04-26T15:24:24Z,204,0.0005155088,Y,67245,56644
1453836218,2026-04-26T11:08:29Z,2026-04-27T02:57:55Z,4364,,Y,16769,12564
1453836852,2026-04-26T11:08:32Z,2026-04-29T05:00:22Z,4886,,Y,23398,23205
1453836624,2026-04-26T11:08:32Z,2026-04-29T05:00:22Z,4886,,Y,23205,23398
1453893799,2026-04-26T12:08:54Z,2026-04-29T08:09:49Z,62,0.000957861,Y,727,82073
1453894222,2026-04-26T12:08:59Z,2026-04-29T05:00:02Z,864,0.0002245296,Y,3271,29850
1453894621,2026-04-26T12:09:04Z,2026-04-27T08:53:26Z,573,0.0001773832,Y,4579,54282
1453894935,2026-04-26T12:09:08Z,2026-04-27T16:14:49Z,94,0.0004302842,Y,5174,31888
1453895241,2026-04-26T12:09:12Z,2026-04-27T23:49:27Z,236,0.0001267889,Y,6216,34971
1453895943,2026-04-26T12:09:20Z,2026-04-26T16:20:20Z,238,0.0005128829,Y,10293,270224
1453896021,2026-04-26T12:09:23Z,2026-04-27T12:36:24Z,120,0.0001674783,Y,10621,31053
1453896245,2026-04-26T12:09:24Z,2026-04-28T16:59:14Z,517,0.0001459083,Y,12265,25260
1453897688,2026-04-26T12:09:40Z,2026-04-29T09:16:23Z,223,0.0006569373,Y,15427,33917
1453897875,2026-04-26T12:09:42Z,2026-04-27T12:44:10Z,146,0.0004785279,Y,16682,31088
1453900818,2026-04-26T12:10:14Z,2026-04-27T15:12:44Z,143,0.0002999205,Y,23751,41164
1453901369,2026-04-26T12:10:18Z,2026-04-28T16:59:14Z,517,0.0001459083,Y,25260,12265
1453905285,2026-04-26T12:10:53Z,2026-04-29T05:00:02Z,864,0.0002245296,Y,29850,3271
1453905846,2026-04-26T12:10:55Z,2026-04-28T01:01:24Z,13,0.0001392745,Y,30151,54273
1453907579,2026-04-26T12:11:10Z,2026-04-27T12:36:24Z,120,0.0001674783,Y,31053,10621
1453907625,2026-04-26T12:11:11Z,2026-04-27T12:44:10Z,146,0.0004785279,Y,31088,16682
1453908898,2026-04-26T12:11:23Z,2026-04-27T13:59:27Z,157,0.0001374404,Y,31627,35846
1453909542,2026-04-26T12:11:28Z,2026-04-27T16:14:49Z,94,0.0004302842,Y,31888,5174
1453909816,2026-04-26T12:11:28Z,2026-04-26T12:29:03Z,91,0.0001704532,Y,31949,39639
1453911879,2026-04-26T12:11:45Z,2026-04-27T21:58:47Z,978,0.0001231244,Y,33905,270302
1453911905,2026-04-26T12:11:45Z,2026-04-29T09:16:23Z,223,0.0006569373,Y,33917,15427
1453913312,2026-04-26T12:11:57Z,2026-04-27T23:49:27Z,236,0.0001267889,Y,34971,6216
1453914770,2026-04-26T12:12:09Z,2026-04-27T13:59:27Z,157,0.0001374404,Y,35846,31627
1453917574,2026-04-26T12:12:33Z,2026-04-28T14:12:52Z,326,0.0005764957,Y,37766,66411
1453919403,2026-04-26T12:12:50Z,2026-04-29T07:54:01Z,270,0.0004469354,Y,39106,270412
1453921604,2026-04-26T12:13:06Z,2026-04-26T12:29:03Z,91,0.0001704532,Y,39639,31949
1453924709,2026-04-26T12:13:27Z,2026-04-27T15:12:44Z,143,0.0002999205,Y,41164,23751
1453926615,2026-04-26T12:13:41Z,2026-04-28T07:02:05Z,77,0.0001206482,Y,42178,60688
1453974558,2026-04-26T12:15:59Z,2026-04-27T08:53:26Z,573,0.0001773832,Y,54282,4579
1453974526,2026-04-26T12:16:01Z,2026-04-28T01:01:24Z,13,0.0001392745,Y,54273,30151
1453955950,2026-04-26T12:25:46Z,2026-04-28T14:12:52Z,326,0.0005764957,Y,66411,37766
1453961348,2026-04-26T12:26:43Z,2026-04-26T15:24:24Z,40,0.002568739,Y,67245,56644
1454187498,2026-04-26T20:33:14Z,2026-04-27T02:57:55Z,4371,,Y,12564,16769
1454187815,2026-04-26T20:33:16Z,2026-04-27T02:57:55Z,4371,,Y,16769,12564
1454188190,2026-04-26T20:33:18Z,2026-04-29T16:16:06Z,4162,,Y,23205,23398
1454188189,2026-04-26T20:33:18Z,2026-04-29T05:00:22Z,4886,,Y,23205,23398
1454188391,2026-04-26T20:33:19Z,2026-04-29T05:00:22Z,4886,,Y,23398,23205
1454188392,2026-04-26T20:33:20Z,2026-04-29T16:16:06Z,4162,,Y,23398,23205
1454430548,2026-04-26T21:43:01Z,2026-04-29T08:09:49Z,41,0.0003189108,Y,727,82073
1454431027,2026-04-26T21:43:03Z,2026-04-29T05:00:02Z,988,0.0002160574,Y,3271,29850
1454431529,2026-04-26T21:43:10Z,2026-04-27T08:53:26Z,623,0.0001372118,Y,4579,54282
1454431928,2026-04-26T21:43:18Z,2026-04-27T16:14:49Z,106,0.0005076605,Y,5174,31888
1454432290,2026-04-26T21:43:43Z,2026-04-27T23:49:27Z,370,0.0001301854,Y,6216,34971
1454433189,2026-04-26T21:44:22Z,2026-04-27T12:36:24Z,99,0.0001969441,Y,10621,31053
1454433496,2026-04-26T21:44:39Z,2026-04-28T16:59:14Z,19,0.0002303476,Y,12265,25260
1454435090,2026-04-26T21:46:19Z,2026-04-29T09:16:23Z,518,0.0002057855,Y,15427,33917
1454435309,2026-04-26T21:46:26Z,2026-04-27T12:44:10Z,170,0.000326442,Y,16682,31088
1454438669,2026-04-26T21:47:47Z,2026-04-27T15:12:44Z,266,0.0004098556,Y,23751,41164
1454439241,2026-04-26T21:47:53Z,2026-04-28T16:59:14Z,19,0.0002303476,Y,25260,12265
1454460874,2026-04-26T21:50:05Z,2026-04-29T09:16:23Z,518,0.0002057855,Y,33917,15427
1454460846,2026-04-26T21:50:06Z,2026-04-27T21:58:47Z,946,0.0001294742,Y,33905,270302
1454462474,2026-04-26T21:50:22Z,2026-04-27T23:49:27Z,370,0.0001301854,Y,34971,6216
1454464107,2026-04-26T21:50:35Z,2026-04-27T13:59:27Z,167,0.0001019213,Y,35846,31627
1454467308,2026-04-26T21:51:01Z,2026-04-27T01:03:42Z,73,0.0004421817,Y,37863,31333
1454469206,2026-04-26T21:51:17Z,2026-04-29T07:54:01Z,240,0.0004861852,Y,39106,270412
1454485457,2026-04-26T21:55:09Z,2026-04-28T01:01:24Z,35,0.000263529,Y,54273,30151
1454485493,2026-04-26T21:55:11Z,2026-04-27T08:53:26Z,623,0.0001372118,Y,54282,4579
1454737002,2026-04-27T04:06:55Z,2026-04-30T03:31:51Z,3606,,Y,23205,23398
1454736911,2026-04-27T04:06:56Z,2026-04-30T02:27:08Z,3496,,Y,21702,25638
1454737001,2026-04-27T04:06:57Z,2026-04-29T16:16:06Z,4162,,Y,23205,23398
1454737000,2026-04-27T04:06:58Z,2026-04-29T05:00:22Z,4886,,Y,23205,23398
1454737256,2026-04-27T04:07:01Z,2026-04-30T03:31:51Z,3606,,Y,23398,23205
1454737254,2026-04-27T04:07:03Z,2026-04-29T05:00:22Z,4886,,Y,23398,23205
1454737255,2026-04-27T04:07:03Z,2026-04-29T16:16:06Z,4162,,Y,23398,23205
1454737489,2026-04-27T04:07:07Z,2026-04-30T02:27:08Z,3496,,Y,25638,21702
1454804302,2026-04-27T05:07:31Z,2026-04-30T00:51:49Z,211,0.0002942931,Y,131,81427
1454805830,2026-04-27T05:07:46Z,2026-04-27T16:14:49Z,166,0.0004088288,Y,5174,31888
1454806576,2026-04-27T05:07:57Z,2026-04-29T09:41:22Z,975,0.0003557953,Y,8343,33682
1454807059,2026-04-27T05:07:58Z,2026-04-27T12:36:24Z,62,0.0002287388,Y,10621,31053
1454807367,2026-04-27T05:08:02Z,2026-04-28T16:59:14Z,746,0.00082311,Y,12265,25260
1454809025,2026-04-27T05:08:19Z,2026-04-29T01:10:49Z,152,0.0001891872,Y,15945,56273
1454812378,2026-04-27T05:08:55Z,2026-04-27T15:12:44Z,128,0.0007056203,Y,23751,41164
1454812902,2026-04-27T05:09:01Z,2026-04-28T16:59:14Z,746,0.00082311,Y,25260,12265
1454813044,2026-04-27T05:09:02Z,2026-04-29T22:54:13Z,122,0.000125307,Y,25490,37126
1454853050,2026-04-27T05:09:52Z,2026-04-28T01:01:24Z,155,0.0003788312,Y,30151,54273
1454854993,2026-04-27T05:10:14Z,2026-04-27T12:36:24Z,62,0.0002287388,Y,31053,10621
1454855340,2026-04-27T05:10:17Z,2026-04-28T23:53:59Z,692,0.0001712329,Y,31222,62730
1454857194,2026-04-27T05:10:44Z,2026-04-27T16:14:49Z,166,0.0004088288,Y,31888,5174
1454859111,2026-04-27T05:11:20Z,2026-04-29T09:41:22Z,975,0.0003557953,Y,33682,8343
1454859829,2026-04-27T05:11:34Z,2026-04-29T03:18:46Z,162,0.0001621868,Y,33980,35022
1454859717,2026-04-27T05:11:35Z,2026-04-27T21:58:47Z,300,0.0003814254,Y,33905,270302
1454861316,2026-04-27T05:12:00Z,2026-04-29T03:18:46Z,162,0.0001621868,Y,35022,33980
1454864996,2026-04-27T05:13:20Z,2026-04-29T22:54:13Z,122,0.000125307,Y,37126,25490
1454865191,2026-04-27T05:13:25Z,2026-04-29T23:18:02Z,743,0.0001907173,Y,37215,54930
1454867464,2026-04-27T05:14:33Z,2026-04-30T01:15:09Z,400,0.0001630358,Y,38540,82893
1454778050,2026-04-27T05:17:35Z,2026-04-27T15:12:44Z,128,0.0007056203,Y,41164,23751
1454779645,2026-04-27T05:18:34Z,2026-04-27T19:03:35Z,200,0.0001511317,Y,41710,45722
1454780201,2026-04-27T05:18:46Z,2026-04-28T07:02:05Z,89,0.0002553555,Y,42178,60688
1454788569,2026-04-27T05:23:51Z,2026-04-27T19:03:35Z,200,0.0001511317,Y,45722,41710
1454798484,2026-04-27T05:27:39Z,2026-04-28T01:01:24Z,155,0.0003788312,Y,54273,30151
1454800948,2026-04-27T05:28:17Z,2026-04-29T23:18:02Z,743,0.0001907173,Y,54930,37215
1454815122,2026-04-27T05:29:16Z,2026-04-29T01:10:49Z,152,0.0001891872,Y,56273,15945
1454815778,2026-04-27T05:29:26Z,2026-04-28T01:00:36Z,70,0.0002290357,Y,56674,61074
1454888125,2026-04-27T05:35:27Z,2026-04-28T07:02:05Z,89,0.0002553555,Y,60688,42178
1454889603,2026-04-27T05:35:41Z,2026-04-28T01:00:36Z,70,0.0002290357,Y,61074,56674
1455219675,2026-04-27T13:44:52Z,2026-04-30T02:27:08Z,3808,,Y,21702,25638
1455219982,2026-04-27T13:44:54Z,2026-04-29T16:16:06Z,4162,,Y,23398,23205
1455219983,2026-04-27T13:44:54Z,2026-04-30T03:31:51Z,3606,,Y,23398,23205
1455219981,2026-04-27T13:44:54Z,2026-04-29T05:00:22Z,4886,,Y,23398,23205
1455220174,2026-04-27T13:44:55Z,2026-04-30T02:27:08Z,3808,,Y,25638,21702
1455293771,2026-04-27T14:45:48Z,2026-04-30T14:35:01Z,167,0.00295393,Y,5560,30067
1455293632,2026-04-27T14:45:51Z,2026-04-27T16:14:49Z,117,0.0006129473,Y,5174,31888
1455300422,2026-04-27T14:46:50Z,2026-04-28T16:59:14Z,606,0.001072728,Y,25260,12265
1455314708,2026-04-27T14:47:33Z,2026-04-30T14:35:01Z,167,0.00295393,Y,30067,5560
1455314968,2026-04-27T14:47:37Z,2026-04-28T01:01:24Z,260,0.0001710541,Y,30151,54273
1455317110,2026-04-27T14:47:55Z,2026-04-28T23:53:59Z,100,0.0003617131,Y,31222,62730
1455318917,2026-04-27T14:48:10Z,2026-04-27T16:14:49Z,117,0.0006129473,Y,31888,5174
1455321475,2026-04-27T14:48:36Z,2026-04-29T03:18:46Z,185,0.0002687995,Y,33980,35022
1455322940,2026-04-27T14:48:54Z,2026-04-29T03:18:46Z,185,0.0002687995,Y,35022,33980
1455324746,2026-04-27T14:49:20Z,2026-04-29T16:51:10Z,160,0.0001474909,Y,35989,42429
1455326626,2026-04-27T14:49:47Z,2026-04-29T22:54:13Z,126,0.0001692738,Y,37126,25490
1455326844,2026-04-27T14:49:50Z,2026-04-29T23:18:02Z,433,0.0002831093,Y,37215,54930
1455329004,2026-04-27T14:50:12Z,2026-04-30T01:15:09Z,450,0.0001225758,Y,38540,82893
1455354936,2026-04-27T14:54:09Z,2026-04-28T01:01:24Z,260,0.0001710541,Y,54273,30151
1455357271,2026-04-27T14:54:28Z,2026-04-29T23:18:02Z,433,0.0002831093,Y,54930,37215
1455361158,2026-04-27T14:55:04Z,2026-04-29T01:10:49Z,152,0.00023175,Y,56273,15945
1455361769,2026-04-27T14:55:12Z,2026-04-28T01:00:36Z,18,0.0005115988,Y,56674,61074
1455518806,2026-04-27T14:59:19Z,2026-04-28T07:02:05Z,85,0.0002988852,Y,60688,42178
1455520273,2026-04-27T14:59:31Z,2026-04-28T01:00:36Z,18,0.0005115988,Y,61074,56674
1455785897,2026-04-27T21:53:16Z,2026-04-30T02:27:08Z,4229,,Y,21702,25638
1455785973,2026-04-27T21:53:16Z,2026-04-29T05:00:22Z,4886,,Y,23205,23398
1455785975,2026-04-27T21:53:16Z,2026-04-30T03:31:51Z,3606,,Y,23205,23398
1455785976,2026-04-27T21:53:17Z,2026-04-30T14:47:35Z,3241,,Y,23205,23398
1455785974,2026-04-27T21:53:19Z,2026-04-29T16:16:06Z,4162,,Y,23205,23398
1455786389,2026-04-27T21:53:20Z,2026-04-30T02:27:08Z,4229,,Y,25638,21702
1455871980,2026-04-27T22:56:10Z,2026-04-30T14:35:01Z,225,0.003668842,Y,5560,30067
1455879309,2026-04-27T22:57:07Z,2026-04-28T16:59:14Z,238,0.002273162,Y,25260,12265
1455890638,2026-04-27T22:58:38Z,2026-04-29T18:46:16Z,945,0.0002043173,Y,32792,26266
1455892030,2026-04-27T22:58:55Z,2026-04-29T03:18:46Z,306,0.0002563254,Y,33980,35022
1455893742,2026-04-27T22:59:15Z,2026-04-29T03:18:46Z,281,0.0002779637,Y,35022,33980
1455895604,2026-04-27T22:59:35Z,2026-04-29T16:51:10Z,36,0.0002144429,Y,35989,42429
1455897600,2026-04-27T23:00:00Z,2026-04-29T22:54:13Z,145,0.0002061306,Y,37126,25490
1455902755,2026-04-27T23:00:45Z,2026-04-29T04:20:31Z,451,0.0001020297,Y,39643,61080
1455906674,2026-04-27T23:01:19Z,2026-04-28T07:31:06Z,236,0.0001430216,Y,41429,29875
1455907849,2026-04-27T23:01:32Z,2026-04-28T07:02:05Z,80,0.0003024197,Y,42178,60688
1455908399,2026-04-27T23:01:34Z,2026-04-29T16:51:10Z,36,0.0002144429,Y,42429,35989
1455925926,2026-04-27T23:04:37Z,2026-04-28T01:01:24Z,220,0.0003024712,Y,54273,30151
1455927161,2026-04-27T23:04:47Z,2026-04-30T16:21:42Z,305,0.000105441,Y,54596,87271
1455932369,2026-04-27T23:05:28Z,2026-04-29T01:10:49Z,186,0.0001752356,Y,56273,15945
1455933040,2026-04-27T23:05:33Z,2026-04-28T01:00:36Z,37,0.0005911817,Y,56674,61074
1455960089,2026-04-27T23:09:25Z,2026-04-28T07:02:05Z,80,0.0003024197,Y,60688,42178
1455961277,2026-04-27T23:09:33Z,2026-04-30T15:25:11Z,436,0.0001382166,Y,60963,5519
1455961609,2026-04-27T23:09:36Z,2026-04-29T04:20:31Z,451,0.0001020297,Y,61080,39643
1455961575,2026-04-27T23:09:36Z,2026-04-28T01:00:36Z,37,0.0005911817,Y,61074,56674
1456410143,2026-04-28T04:53:44Z,2026-04-30T02:27:08Z,4229,,Y,21702,25638
1456410260,2026-04-28T04:53:45Z,2026-05-01T02:03:19Z,3092,,Y,23205,23398
1456410257,2026-04-28T04:53:45Z,2026-04-29T16:16:06Z,4162,,Y,23205,23398
1456410259,2026-04-28T04:53:45Z,2026-04-30T14:47:35Z,3241,,Y,23205,23398
1456410256,2026-04-28T04:53:45Z,2026-04-29T05:00:22Z,4886,,Y,23205,23398
1456410258,2026-04-28T04:53:45Z,2026-04-30T03:31:51Z,3606,,Y,23205,23398
1456410517,2026-04-28T04:53:47Z,2026-04-29T16:16:06Z,4162,,Y,23398,23205
1456410520,2026-04-28T04:53:47Z,2026-05-01T02:03:19Z,3092,,Y,23398,23205
1456410518,2026-04-28T04:53:47Z,2026-04-30T03:31:51Z,3606,,Y,23398,23205
1456410519,2026-04-28T04:53:47Z,2026-04-30T14:47:35Z,3241,,Y,23398,23205
1456410516,2026-04-28T04:53:48Z,2026-04-29T05:00:22Z,4886,,Y,23398,23205
1456410757,2026-04-28T04:53:49Z,2026-04-30T02:27:08Z,4229,,Y,25638,21702
1456656959,2026-04-28T05:51:54Z,2026-04-30T00:51:49Z,167,0.0003773955,Y,131,81427
1456658662,2026-04-28T05:52:25Z,2026-04-30T15:25:11Z,456,0.0001145139,Y,5519,60963
1456658664,2026-04-28T05:52:25Z,2026-04-30T14:35:01Z,247,0.002173409,Y,5560,30067
1456659110,2026-04-28T05:52:32Z,2026-04-30T16:17:32Z,148,0.0005963282,Y,7275,24303
1456660165,2026-04-28T05:52:46Z,2026-04-28T16:59:14Z,247,0.002337041,Y,12265,25260
1456661455,2026-04-28T05:53:05Z,2026-05-01T02:08:30Z,153,0.0001780836,Y,14441,55557
1456661899,2026-04-28T05:53:11Z,2026-04-29T01:10:49Z,192,0.0001267019,Y,15945,56273
1456665603,2026-04-28T05:54:12Z,2026-04-30T16:17:32Z,148,0.0005963282,Y,24303,7275
1456665745,2026-04-28T05:54:15Z,2026-04-30T12:10:29Z,670,0.0001682455,Y,24921,30677
1456665929,2026-04-28T05:54:21Z,2026-04-28T16:59:14Z,247,0.002337041,Y,25260,12265
1456666092,2026-04-28T05:54:25Z,2026-04-29T22:54:13Z,142,0.0002084631,Y,25490,37126
1456667525,2026-04-28T05:54:43Z,2026-04-29T18:46:16Z,968,0.0002279424,Y,26266,32792
1456670651,2026-04-28T05:55:30Z,2026-04-28T07:31:06Z,217,0.0001616792,Y,29875,41429
1456670923,2026-04-28T05:55:35Z,2026-04-30T14:35:01Z,247,0.002173409,Y,30067,5560
1456672345,2026-04-28T05:55:57Z,2026-04-30T12:10:29Z,670,0.0001682455,Y,30677,24921
1456672466,2026-04-28T05:55:59Z,2026-04-30T20:43:42Z,174,0.0001171659,Y,30731,35724
1456673633,2026-04-28T05:56:20Z,2026-04-28T23:53:59Z,344,0.000481627,Y,31222,62730
1456673563,2026-04-28T05:56:20Z,2026-05-01T04:38:19Z,281,0.0001436275,Y,31201,54510
1456676774,2026-04-28T05:57:16Z,2026-04-29T18:46:16Z,968,0.0002279424,Y,32792,26266
1456678195,2026-04-28T05:57:37Z,2026-04-29T03:18:46Z,281,0.000277964,Y,33980,35022
1456679844,2026-04-28T05:58:01Z,2026-04-29T03:18:46Z,281,0.000277964,Y,35022,33980
1456681291,2026-04-28T05:58:29Z,2026-04-30T20:43:42Z,174,0.0001171659,Y,35724,30731
1456681688,2026-04-28T05:58:34Z,2026-04-29T16:51:10Z,36,0.0002144429,Y,35989,42429
1456682410,2026-04-28T05:58:45Z,2026-04-29T03:45:31Z,240,0.0001562394,Y,36341,62980
1456683653,2026-04-28T05:59:03Z,2026-04-29T22:54:13Z,142,0.0002084631,Y,37126,25490
1456688729,2026-04-28T06:01:17Z,2026-04-29T04:20:31Z,358,0.0001260771,Y,39643,61080
1456692565,2026-04-28T06:02:33Z,2026-04-28T07:31:06Z,217,0.0001616792,Y,41429,29875
1456693640,2026-04-28T06:02:49Z,2026-04-28T07:02:05Z,83,0.00029902,Y,42178,60688
1456694177,2026-04-28T06:02:57Z,2026-04-29T16:51:10Z,36,0.0002144429,Y,42429,35989
1456701928,2026-04-28T06:09:47Z,2026-05-01T04:38:19Z,281,0.0001436275,Y,54510,31201
1456706224,2026-04-28T06:11:08Z,2026-05-01T02:08:30Z,153,0.0001780836,Y,55557,14441
1456737420,2026-04-28T06:11:26Z,2026-04-29T01:10:49Z,192,0.0001267019,Y,56273,15945
1456714770,2026-04-28T06:17:42Z,2026-04-28T07:02:05Z,83,0.00029902,Y,60688,42178
1456715952,2026-04-28T06:17:59Z,2026-04-30T15:25:11Z,456,0.0001145139,Y,60963,5519
1456716266,2026-04-28T06:18:02Z,2026-04-29T04:20:31Z,358,0.0001260771,Y,61080,39643
1456999305,2026-04-28T11:45:17Z,2026-04-30T02:27:08Z,3652,,Y,21702,25638
1456999401,2026-04-28T11:45:18Z,2026-05-01T02:03:19Z,3092,,Y,23205,23398
1456999400,2026-04-28T11:45:19Z,2026-04-30T14:47:35Z,3241,,Y,23205,23398
1456999398,2026-04-28T11:45:19Z,2026-04-29T16:16:06Z,4162,,Y,23205,23398
1456999397,2026-04-28T11:45:19Z,2026-04-29T05:00:22Z,4886,,Y,23205,23398
1456999399,2026-04-28T11:45:19Z,2026-04-30T03:31:51Z,3606,,Y,23205,23398
1456999646,2026-04-28T11:45:21Z,2026-04-30T14:47:35Z,3241,,Y,23398,23205
1456999644,2026-04-28T11:45:21Z,2026-04-29T16:16:06Z,4162,,Y,23398,23205
1456999643,2026-04-28T11:45:21Z,2026-04-29T05:00:22Z,4886,,Y,23398,23205
1456999645,2026-04-28T11:45:21Z,2026-04-30T03:31:51Z,3606,,Y,23398,23205
1456999647,2026-04-28T11:45:21Z,2026-05-01T02:03:19Z,3092,,Y,23398,23205
1456999866,2026-04-28T11:45:24Z,2026-04-30T02:27:08Z,3652,,Y,25638,21702
1457092946,2026-04-28T12:39:22Z,2026-04-30T00:51:49Z,220,0.0003298321,Y,131,81427
1457094639,2026-04-28T12:39:38Z,2026-04-30T14:35:01Z,130,0.003150328,Y,5560,30067
1457095053,2026-04-28T12:39:39Z,2026-04-30T16:17:32Z,95,0.002436331,Y,7275,24303
1457096096,2026-04-28T12:39:48Z,2026-04-28T16:59:14Z,396,0.001432485,Y,12265,25260
1457097355,2026-04-28T12:39:58Z,2026-05-01T02:08:30Z,91,0.0003906265,Y,14441,55557
1457097786,2026-04-28T12:40:02Z,2026-04-29T01:10:49Z,190,0.0001107919,Y,15945,56273
1457101680,2026-04-28T12:40:37Z,2026-04-28T16:59:14Z,396,0.001432485,Y,25260,12265
1457104043,2026-04-28T12:40:52Z,2026-05-01T11:26:42Z,683,0.0002140639,Y,27643,57655
1457210893,2026-04-28T12:42:22Z,2026-04-29T03:18:46Z,265,0.0002592526,Y,33980,35022
1457212497,2026-04-28T12:42:34Z,2026-04-29T03:18:46Z,265,0.0002592526,Y,35022,33980
1457215000,2026-04-28T12:42:58Z,2026-04-29T03:45:31Z,259,0.0001661581,Y,36341,62980
1457216202,2026-04-28T12:43:06Z,2026-04-29T22:54:13Z,13,0.003002383,Y,37126,25490
1457216387,2026-04-28T12:43:09Z,2026-04-29T23:18:02Z,450,0.0001051382,Y,37215,54930
1457129399,2026-04-28T12:44:37Z,2026-04-29T09:37:52Z,237,0.000117177,Y,42400,17720
1457205673,2026-04-28T12:47:17Z,2026-04-29T23:18:02Z,450,0.0001051382,Y,54930,37215
1457208276,2026-04-28T12:47:33Z,2026-05-01T02:08:30Z,91,0.0003906265,Y,55557,14441
1457209554,2026-04-28T12:47:47Z,2026-04-29T01:10:49Z,190,0.0001107919,Y,56273,15945
1457278203,2026-04-28T12:49:06Z,2026-05-01T11:26:42Z,683,0.0002140639,Y,57655,27643
1457245788,2026-04-28T12:54:56Z,2026-04-29T03:45:31Z,259,0.0001661581,Y,62980,36341
1457598256,2026-04-28T21:32:47Z,2026-04-30T02:27:08Z,3784,,Y,21702,25638
1457598348,2026-04-28T21:32:48Z,2026-04-30T14:47:35Z,3241,,Y,23205,23398
1457598345,2026-04-28T21:32:48Z,2026-04-29T05:00:22Z,4886,,Y,23205,23398
1457598552,2026-04-28T21:32:49Z,2026-05-01T02:03:19Z,3092,,Y,23398,23205
1457598548,2026-04-28T21:32:49Z,2026-04-29T05:00:22Z,4886,,Y,23398,23205
1457598551,2026-04-28T21:32:49Z,2026-04-30T14:47:35Z,3241,,Y,23398,23205
1457598550,2026-04-28T21:32:49Z,2026-04-30T03:31:51Z,3606,,Y,23398,23205
1457598349,2026-04-28T21:32:49Z,2026-05-01T02:03:19Z,3092,,Y,23205,23398
1457598347,2026-04-28T21:32:49Z,2026-04-30T03:31:51Z,3606,,Y,23205,23398
1457598549,2026-04-28T21:32:49Z,2026-04-29T16:16:06Z,4162,,Y,23398,23205
1457598350,2026-04-28T21:32:49Z,2026-05-01T13:19:04Z,3134,,Y,23205,23398
1457598346,2026-04-28T21:32:49Z,2026-04-29T16:16:06Z,4162,,Y,23205,23398
1457598742,2026-04-28T21:32:50Z,2026-04-30T02:27:08Z,3784,,Y,25638,21702
1457598709,2026-04-28T21:32:50Z,2026-05-01T13:24:05Z,2332,,Y,25315,23680
1457598553,2026-04-28T21:32:50Z,2026-05-01T13:19:04Z,3134,,Y,23398,23205
1457598606,2026-04-28T21:32:50Z,2026-05-01T13:24:05Z,2332,,Y,23680,25315
1457667445,2026-04-28T22:26:42Z,2026-04-30T00:51:49Z,222,0.0003327861,Y,131,81427
1457669249,2026-04-28T22:26:59Z,2026-04-30T14:35:01Z,74,0.007689999,Y,5560,30067
1457669653,2026-04-28T22:27:03Z,2026-04-30T16:17:32Z,76,0.001355603,Y,7275,24303
1457670001,2026-04-28T22:27:05Z,2026-05-01T14:27:41Z,663,0.000265704,Y,8896,40764
1457670442,2026-04-28T22:27:10Z,2026-05-01T03:18:13Z,527,0.0002007315,Y,10536,10746
1457670492,2026-04-28T22:27:13Z,2026-05-01T03:18:13Z,527,0.0002007315,Y,10746,10536
1457672149,2026-04-28T22:27:27Z,2026-05-01T02:08:30Z,145,0.0002866565,Y,14441,55557
1457675396,2026-04-28T22:27:52Z,2026-05-01T00:42:18Z,107,0.0001011723,Y,21912,270016
1457676543,2026-04-28T22:28:01Z,2026-04-30T16:17:32Z,76,0.001355603,Y,24303,7275
1457677754,2026-04-28T22:28:04Z,2026-04-29T23:00:36Z,730,0.0004744783,Y,25482,33684
1457677766,2026-04-28T22:28:05Z,2026-04-29T22:54:13Z,19,0.006214812,Y,25490,37126
1457678288,2026-04-28T22:28:10Z,2026-04-30T08:18:02Z,587,0.0001178821,Y,26091,61489
1457682107,2026-04-28T22:28:40Z,2026-04-30T14:35:01Z,74,0.007689999,Y,30067,5560
1457684974,2026-04-28T22:29:04Z,2026-04-28T23:53:59Z,260,0.0005419816,Y,31222,62730
1457686572,2026-04-28T22:29:15Z,2026-05-01T02:09:03Z,263,0.0001124418,Y,31699,35465
1457686926,2026-04-28T22:29:16Z,2026-04-30T21:59:19Z,310,0.0001464243,Y,31834,31903
1457687045,2026-04-28T22:29:17Z,2026-04-30T21:59:19Z,310,0.0001464243,Y,31903,31834
1457688920,2026-04-28T22:29:32Z,2026-04-29T23:00:36Z,730,0.0004744783,Y,33684,25482
1457689706,2026-04-28T22:29:36Z,2026-04-29T03:18:46Z,220,0.0002837855,Y,33980,35022
1457691415,2026-04-28T22:29:51Z,2026-04-29T03:18:46Z,220,0.0002837855,Y,35022,33980
1457691747,2026-04-28T22:29:54Z,2026-05-01T17:32:52Z,422,0.0001180368,Y,35210,82820
1457692462,2026-04-28T22:29:57Z,2026-05-01T02:09:03Z,263,0.0001124418,Y,35465,31699
1457694117,2026-04-28T22:30:11Z,2026-04-29T03:45:31Z,260,0.0001833569,Y,36341,62980
1457695396,2026-04-28T22:30:25Z,2026-04-29T22:54:13Z,19,0.006214812,Y,37126,25490
1457695589,2026-04-28T22:30:28Z,2026-04-29T23:18:02Z,367,0.000236458,Y,37215,54930
1457761555,2026-04-28T22:40:30Z,2026-04-30T08:18:02Z,587,0.0001178821,Y,61489,26091
1457777903,2026-04-28T22:43:46Z,2026-04-29T03:45:31Z,260,0.0001833569,Y,62980,36341
1458093621,2026-04-29T04:30:09Z,2026-04-30T02:27:08Z,3784,,Y,21702,25638
1458093739,2026-04-29T04:30:11Z,2026-05-02T00:34:48Z,3262,,Y,23205,23398
1458093737,2026-04-29T04:30:11Z,2026-05-01T02:03:19Z,3092,,Y,23205,23398
1458093734,2026-04-29T04:30:11Z,2026-04-29T16:16:06Z,4162,,Y,23205,23398
1458093735,2026-04-29T04:30:11Z,2026-04-30T03:31:51Z,3606,,Y,23205,23398
1458093733,2026-04-29T04:30:11Z,2026-04-29T05:00:22Z,4886,,Y,23205,23398
1458093736,2026-04-29T04:30:12Z,2026-04-30T14:47:35Z,3241,,Y,23205,23398
1458093738,2026-04-29T04:30:12Z,2026-05-01T13:19:04Z,3134,,Y,23205,23398
1458093989,2026-04-29T04:30:14Z,2026-05-01T13:19:04Z,3134,,Y,23398,23205
1458093986,2026-04-29T04:30:14Z,2026-04-30T03:31:51Z,3606,,Y,23398,23205
1458093985,2026-04-29T04:30:14Z,2026-04-29T16:16:06Z,4162,,Y,23398,23205
1458093988,2026-04-29T04:30:14Z,2026-05-01T02:03:19Z,3092,,Y,23398,23205
1458093990,2026-04-29T04:30:14Z,2026-05-02T00:34:48Z,3262,,Y,23398,23205
1458093987,2026-04-29T04:30:14Z,2026-04-30T14:47:35Z,3241,,Y,23398,23205
1458093984,2026-04-29T04:30:14Z,2026-04-29T05:00:22Z,4886,,Y,23398,23205
1458094173,2026-04-29T04:30:17Z,2026-05-01T13:24:05Z,2213,,Y,25315,23680
1458094207,2026-04-29T04:30:18Z,2026-04-30T02:27:08Z,3784,,Y,25638,21702
1458094046,2026-04-29T04:30:18Z,2026-05-01T13:24:05Z,2213,,Y,23680,25315
1458128789,2026-04-29T05:23:49Z,2026-04-30T00:51:49Z,222,0.000332786,Y,131,81427
1458129642,2026-04-29T05:24:06Z,2026-04-29T06:44:34Z,51,0.000187963,Y,3584,60774
1458130539,2026-04-29T05:24:22Z,2026-04-30T14:35:01Z,65,0.01686775,Y,5560,30067
1458130954,2026-04-29T05:24:27Z,2026-04-30T16:17:32Z,70,0.001409728,Y,7275,24303
1458131294,2026-04-29T05:24:33Z,2026-05-01T14:27:41Z,664,0.0002632176,Y,8896,40764
1458131763,2026-04-29T05:24:39Z,2026-05-01T03:18:13Z,521,0.0002027088,Y,10746,10536
1458131717,2026-04-29T05:24:39Z,2026-05-01T03:18:13Z,521,0.0002027088,Y,10536,10746
1458133371,2026-04-29T05:25:01Z,2026-05-01T02:08:30Z,145,0.0002660289,Y,14441,55557
1458136949,2026-04-29T05:25:50Z,2026-05-01T15:55:10Z,55,0.0001691221,Y,22707,56612
1458137660,2026-04-29T05:25:59Z,2026-04-30T16:17:32Z,70,0.001409728,Y,24303,7275
1458138131,2026-04-29T05:26:06Z,2026-04-29T23:00:36Z,738,0.0004585422,Y,25482,33684
1458138143,2026-04-29T05:26:06Z,2026-04-29T22:54:13Z,17,0.006366657,Y,25490,37126
1458142354,2026-04-29T05:27:02Z,2026-04-30T14:35:01Z,65,0.01686775,Y,30067,5560
1458146711,2026-04-29T05:28:01Z,2026-05-01T02:09:03Z,263,0.000110358,Y,31699,35465
1458147051,2026-04-29T05:28:06Z,2026-04-30T21:59:19Z,368,0.0001202859,Y,31834,31903
1458147166,2026-04-29T05:28:07Z,2026-04-30T21:59:19Z,368,0.0001202859,Y,31903,31834
1458149691,2026-04-29T05:28:31Z,2026-04-29T23:00:36Z,738,0.0004585422,Y,33684,25482
1458153176,2026-04-29T05:29:19Z,2026-05-01T02:09:03Z,263,0.000110358,Y,35465,31699
1458156081,2026-04-29T05:29:58Z,2026-04-29T22:54:13Z,17,0.006366657,Y,37126,25490
1458156268,2026-04-29T05:30:00Z,2026-04-29T23:18:02Z,372,0.0001678635,Y,37215,54930
1458173141,2026-04-29T05:31:34Z,2026-05-01T14:27:41Z,664,0.0002632176,Y,40764,8896
1458176758,2026-04-29T05:32:23Z,2026-04-29T23:32:46Z,156,0.0001056357,Y,42441,82162
1458186162,2026-04-29T05:36:39Z,2026-04-29T23:18:02Z,372,0.0001678635,Y,54930,37215
1458188653,2026-04-29T05:37:12Z,2026-05-01T02:08:30Z,145,0.0002660289,Y,55557,14441
1458191144,2026-04-29T05:37:45Z,2026-05-01T15:55:10Z,55,0.0001691221,Y,56612,22707
1458198858,2026-04-29T05:44:07Z,2026-04-29T06:44:34Z,51,0.000187963,Y,60774,3584
1458565554,2026-04-29T11:36:09Z,2026-04-30T02:27:08Z,3784,,Y,21702,25638
1458565667,2026-04-29T11:36:10Z,2026-04-30T14:47:35Z,3242,,Y,23205,23398
1458565670,2026-04-29T11:36:10Z,2026-05-02T00:34:48Z,3255,,Y,23205,23398
1458565665,2026-04-29T11:36:11Z,2026-04-29T16:16:06Z,4167,,Y,23205,23398
1458565669,2026-04-29T11:36:11Z,2026-05-01T13:19:04Z,3129,,Y,23205,23398
1458565666,2026-04-29T11:36:11Z,2026-04-30T03:31:51Z,3609,,Y,23205,23398
1458565959,2026-04-29T11:36:12Z,2026-05-01T13:24:05Z,2213,,Y,23680,25315
1458565897,2026-04-29T11:36:12Z,2026-04-30T03:31:51Z,3609,,Y,23398,23205
1458565898,2026-04-29T11:36:12Z,2026-04-30T14:47:35Z,3242,,Y,23398,23205
1458565901,2026-04-29T11:36:12Z,2026-05-02T00:34:48Z,3255,,Y,23398,23205
1458565899,2026-04-29T11:36:13Z,2026-05-01T02:03:19Z,3090,,Y,23398,23205
1458565668,2026-04-29T11:36:13Z,2026-05-01T02:03:19Z,3090,,Y,23205,23398
1458566100,2026-04-29T11:36:13Z,2026-04-30T02:27:08Z,3784,,Y,25638,21702
1458565900,2026-04-29T11:36:13Z,2026-05-01T13:19:04Z,3129,,Y,23398,23205
1458566071,2026-04-29T11:36:14Z,2026-05-01T13:24:05Z,2213,,Y,25315,23680
1458565896,2026-04-29T11:36:15Z,2026-04-29T16:16:06Z,4167,,Y,23398,23205
1458693506,2026-04-29T12:44:02Z,2026-04-30T14:35:01Z,15,0.03179435,Y,5560,30067
1458694214,2026-04-29T12:44:07Z,2026-05-01T14:27:41Z,669,0.000256642,Y,8896,40764
1458700912,2026-04-29T12:44:59Z,2026-04-29T23:00:36Z,859,0.0001190601,Y,25482,33684
1458702425,2026-04-29T12:45:12Z,2026-05-02T08:01:42Z,134,0.0004359907,Y,27599,60964
1458725131,2026-04-29T12:48:02Z,2026-05-01T14:27:41Z,669,0.000256642,Y,40764,8896
1458750033,2026-04-29T12:53:11Z,2026-04-29T13:18:26Z,126,0.0004624809,Y,55519,15495
1458750170,2026-04-29T12:53:12Z,2026-05-01T02:08:31Z,140,0.0001387073,Y,55557,14441
1458780764,2026-04-29T13:00:13Z,2026-05-02T08:01:42Z,134,0.0004359907,Y,60964,27599
1459124900,2026-04-29T20:54:45Z,2026-05-01T22:41:36Z,4230,,Y,14258,19750
1459124901,2026-04-29T20:54:48Z,2026-05-02T09:57:17Z,3453,,Y,14258,19750
1459125250,2026-04-29T20:54:49Z,2026-05-01T22:41:36Z,4230,,Y,19750,14258
1459125251,2026-04-29T20:54:49Z,2026-05-02T09:57:17Z,3453,,Y,19750,14258
1459125443,2026-04-29T20:54:51Z,2026-04-30T02:27:08Z,3786,,Y,21702,25638
1459125550,2026-04-29T20:54:52Z,2026-05-02T11:50:32Z,3407,,Y,23205,23398
1459125549,2026-04-29T20:54:52Z,2026-05-02T00:34:48Z,3255,,Y,23205,23398
1459125548,2026-04-29T20:54:52Z,2026-05-01T13:19:04Z,3129,,Y,23205,23398
1459125547,2026-04-29T20:54:52Z,2026-05-01T02:03:19Z,3090,,Y,23205,23398
1459125545,2026-04-29T20:54:53Z,2026-04-30T03:31:51Z,3609,,Y,23205,23398
1459125777,2026-04-29T20:54:54Z,2026-04-30T03:31:51Z,3609,,Y,23398,23205
1459125780,2026-04-29T20:54:54Z,2026-05-01T13:19:04Z,3129,,Y,23398,23205
1459125782,2026-04-29T20:54:54Z,2026-05-02T11:50:32Z,3407,,Y,23398,23205
1459125778,2026-04-29T20:54:54Z,2026-04-30T14:47:35Z,3242,,Y,23398,23205
1459125546,2026-04-29T20:54:54Z,2026-04-30T14:47:35Z,3242,,Y,23205,23398
1459125779,2026-04-29T20:54:54Z,2026-05-01T02:03:19Z,3090,,Y,23398,23205
1459125781,2026-04-29T20:54:54Z,2026-05-02T00:34:48Z,3255,,Y,23398,23205
1459125833,2026-04-29T20:54:55Z,2026-05-01T13:24:05Z,2213,,Y,23680,25315
1459125936,2026-04-29T20:54:56Z,2026-05-01T13:24:05Z,2213,,Y,25315,23680
1459125969,2026-04-29T20:54:59Z,2026-04-30T02:27:08Z,3786,,Y,25638,21702
1459216160,2026-04-29T21:49:18Z,2026-04-30T00:51:49Z,230,0.0003185536,Y,131,81427
1459216849,2026-04-29T21:50:12Z,2026-05-02T15:29:44Z,748,0.0007551104,Y,2801,12739
1459217620,2026-04-29T21:50:38Z,2026-05-01T21:39:41Z,380,0.0001232791,Y,4716,56648
1459217700,2026-04-29T21:50:41Z,2026-05-01T23:07:02Z,520,0.000108801,Y,4822,270338
1459218008,2026-04-29T21:50:47Z,2026-04-30T14:35:01Z,37,0.03430419,Y,5560,30067
1459218221,2026-04-29T21:50:52Z,2026-05-02T21:11:42Z,780,0.0001120172,Y,6256,31240
1459218828,2026-04-29T21:50:59Z,2026-05-01T14:27:41Z,664,0.0002641706,Y,8896,40764
1459219876,2026-04-29T21:51:13Z,2026-05-02T15:29:44Z,748,0.0007551104,Y,12739,2801
1459220455,2026-04-29T21:51:20Z,2026-05-02T14:32:01Z,197,0.0003074596,Y,13648,35105
1459221002,2026-04-29T21:51:26Z,2026-05-01T02:08:30Z,125,0.0001623736,Y,14441,55557
1459221289,2026-04-29T21:51:29Z,2026-04-30T18:42:54Z,61,0.0002478107,Y,14811,34127
1459224926,2026-04-29T21:52:04Z,2026-05-01T08:29:42Z,378,0.0004020939,Y,23455,34790
1459225920,2026-04-29T21:52:14Z,2026-04-29T22:54:13Z,22,0.0078515,Y,25490,37126
1459237511,2026-04-29T21:52:30Z,2026-05-02T08:01:42Z,136,0.0003195816,Y,27599,60964
1459240176,2026-04-29T21:52:53Z,2026-04-30T14:35:01Z,37,0.03430419,Y,30067,5560
1459241881,2026-04-29T21:53:10Z,2026-04-30T07:53:00Z,224,0.000123351,Y,30756,82873
1459243109,2026-04-29T21:53:20Z,2026-05-02T21:11:42Z,780,0.0001120172,Y,31240,6256
1459244633,2026-04-29T21:53:34Z,2026-05-01T02:09:03Z,263,0.0001010446,Y,31699,35465
1459244990,2026-04-29T21:53:37Z,2026-04-30T21:59:19Z,250,0.0001739173,Y,31834,31903
1459245102,2026-04-29T21:53:40Z,2026-04-30T21:59:19Z,250,0.0001739173,Y,31903,31834
1459247951,2026-04-29T21:54:04Z,2026-04-30T18:42:54Z,61,0.0002478107,Y,34127,14811
1459248998,2026-04-29T21:54:12Z,2026-05-01T08:29:42Z,378,0.0004020939,Y,34790,23455
1459249584,2026-04-29T21:54:17Z,2026-05-02T07:27:02Z,149,0.0001820937,Y,35160,35885
1459249702,2026-04-29T21:54:18Z,2026-05-01T17:32:52Z,330,0.0001277226,Y,35210,82820
1459249505,2026-04-29T21:54:19Z,2026-05-02T14:32:01Z,197,0.0003074596,Y,35105,13648
1459250468,2026-04-29T21:54:24Z,2026-05-01T02:09:03Z,263,0.0001010446,Y,35465,31699
1459250947,2026-04-29T21:54:28Z,2026-04-30T07:40:41Z,88,0.0009612514,Y,35718,40287
1459251117,2026-04-29T21:54:33Z,2026-05-02T07:27:02Z,149,0.0001820937,Y,35885,35160
1459253454,2026-04-29T21:54:51Z,2026-04-29T22:54:13Z,22,0.0078515,Y,37126,25490
1459253665,2026-04-29T21:54:52Z,2026-04-29T23:18:02Z,368,0.0001089542,Y,37215,54930
1459190552,2026-04-29T21:56:09Z,2026-04-30T07:40:41Z,88,0.0009612514,Y,40287,35718
1459191180,2026-04-29T21:56:17Z,2026-05-01T14:27:41Z,664,0.0002641706,Y,40764,8896
1459214181,2026-04-29T22:00:27Z,2026-04-29T23:18:02Z,368,0.0001089542,Y,54930,37215
1459226665,2026-04-29T22:00:54Z,2026-05-01T02:08:30Z,125,0.0001623736,Y,55557,14441
1459229232,2026-04-29T22:01:14Z,2026-05-01T21:39:41Z,380,0.0001232791,Y,56648,4716
1459287699,2026-04-29T22:05:35Z,2026-05-02T08:01:42Z,136,0.0003195816,Y,60964,27599
1459707210,2026-04-30T04:18:29Z,2026-05-01T22:41:36Z,4230,,Y,14258,19750
1459707212,2026-04-30T04:18:29Z,2026-05-02T21:12:58Z,3021,,Y,14258,19750
1459707211,2026-04-30T04:18:30Z,2026-05-02T09:57:17Z,3453,,Y,14258,19750
1459707613,2026-04-30T04:18:42Z,2026-05-01T22:41:36Z,4230,,Y,19750,14258
1459707615,2026-04-30T04:18:42Z,2026-05-02T21:12:58Z,3021,,Y,19750,14258
1459707614,2026-04-30T04:18:43Z,2026-05-02T09:57:17Z,3453,,Y,19750,14258
1459707947,2026-04-30T04:18:52Z,2026-05-01T02:03:19Z,3084,,Y,23205,23398
1459707948,2026-04-30T04:18:52Z,2026-05-01T13:19:04Z,3116,,Y,23205,23398
1459707951,2026-04-30T04:18:52Z,2026-05-02T23:06:17Z,3505,,Y,23205,23398
1459707949,2026-04-30T04:18:52Z,2026-05-02T00:34:48Z,3236,,Y,23205,23398
1459707946,2026-04-30T04:18:53Z,2026-04-30T14:47:35Z,3244,,Y,23205,23398
1459707950,2026-04-30T04:18:53Z,2026-05-02T11:50:32Z,3384,,Y,23205,23398
1459708199,2026-04-30T04:18:59Z,2026-05-01T13:19:04Z,3116,,Y,23398,23205
1459708198,2026-04-30T04:19:00Z,2026-05-01T02:03:19Z,3084,,Y,23398,23205
1459708200,2026-04-30T04:19:01Z,2026-05-02T00:34:48Z,3236,,Y,23398,23205
1459708197,2026-04-30T04:19:01Z,2026-04-30T14:47:35Z,3244,,Y,23398,23205
1459708201,2026-04-30T04:19:01Z,2026-05-02T11:50:32Z,3384,,Y,23398,23205
1459708202,2026-04-30T04:19:03Z,2026-05-02T23:06:17Z,3505,,Y,23398,23205
1459708262,2026-04-30T04:19:03Z,2026-05-01T13:24:05Z,2213,,Y,23680,25315
1459708394,2026-04-30T04:19:07Z,2026-05-01T13:24:05Z,2213,,Y,25315,23680
1459709515,2026-04-30T04:19:42Z,2026-05-01T20:34:16Z,4152,,Y,32497,66143
1459763714,2026-04-30T04:20:46Z,2026-05-01T20:34:16Z,4152,,Y,66143,32497
1459782013,2026-04-30T05:19:57Z,2026-05-02T15:29:44Z,894,0.0008069228,Y,2801,12739
1459782807,2026-04-30T05:20:09Z,2026-05-01T23:07:02Z,464,0.0001396948,Y,4822,270338
1459783086,2026-04-30T05:20:12Z,2026-04-30T14:35:01Z,44,0.0213222,Y,5560,30067
1459783287,2026-04-30T05:20:15Z,2026-05-02T21:11:41Z,690,0.000126506,Y,6256,31240
1459783841,2026-04-30T05:20:23Z,2026-05-01T14:27:41Z,640,0.0002958617,Y,8896,40764
1459784860,2026-04-30T05:20:39Z,2026-05-02T15:29:44Z,894,0.0008069228,Y,12739,2801
1459785412,2026-04-30T05:20:49Z,2026-05-02T14:32:01Z,158,0.0003728032,Y,13648,35105
1459786197,2026-04-30T05:20:59Z,2026-04-30T18:42:54Z,113,0.0001356097,Y,14811,34127
1459787087,2026-04-30T05:21:13Z,2026-05-03T03:25:41Z,540,0.0001434236,Y,18215,42337
1459789689,2026-04-30T05:21:53Z,2026-05-01T08:29:42Z,338,0.0005655668,Y,23455,34790
1459792194,2026-04-30T05:22:27Z,2026-05-02T08:01:42Z,136,0.0001339797,Y,27599,60964
1459794653,2026-04-30T05:23:00Z,2026-04-30T14:35:01Z,44,0.0213222,Y,30067,5560
1459797371,2026-04-30T05:23:36Z,2026-05-01T01:39:48Z,51,0.0001577595,Y,31217,34732
1459797463,2026-04-30T05:23:37Z,2026-05-02T21:11:41Z,690,0.000126506,Y,31240,6256
1459802644,2026-04-30T05:24:41Z,2026-05-01T22:16:01Z,201,0.0001368242,Y,34009,41130
1459802815,2026-04-30T05:24:42Z,2026-04-30T18:42:54Z,113,0.0001356097,Y,34127,14811
1459803797,2026-04-30T05:24:52Z,2026-05-01T01:39:48Z,51,0.0001577595,Y,34732,31217
1459803830,2026-04-30T05:24:52Z,2026-05-01T08:29:42Z,338,0.0005655668,Y,34790,23455
1459804317,2026-04-30T05:24:56Z,2026-05-02T14:32:01Z,158,0.0003728032,Y,35105,13648
1459804311,2026-04-30T05:24:56Z,2026-05-02T22:19:04Z,200,0.0001389851,Y,35090,60397
1459804389,2026-04-30T05:24:57Z,2026-05-02T07:27:02Z,35,0.000492339,Y,35160,35885
1459805740,2026-04-30T05:25:08Z,2026-04-30T07:40:41Z,241,0.0007470179,Y,35718,40287
1459805900,2026-04-30T05:25:10Z,2026-05-02T07:27:02Z,35,0.000492339,Y,35885,35160
1459808034,2026-04-30T05:25:31Z,2026-05-02T05:56:53Z,300,0.0001140518,Y,36923,270121
1459824394,2026-04-30T05:26:30Z,2026-04-30T07:40:41Z,241,0.0007470179,Y,40287,35718
1459825031,2026-04-30T05:26:36Z,2026-05-01T14:27:41Z,640,0.0002958617,Y,40764,8896
1459825902,2026-04-30T05:26:43Z,2026-05-01T22:16:01Z,201,0.0001368242,Y,41130,34009
1459828329,2026-04-30T05:27:03Z,2026-05-03T03:25:41Z,540,0.0001434236,Y,42337,18215
1459866973,2026-04-30T05:34:52Z,2026-05-02T22:19:04Z,200,0.0001389851,Y,60397,35090
1459880760,2026-04-30T05:35:31Z,2026-05-02T08:01:42Z,136,0.0001339797,Y,60964,27599
1460308233,2026-04-30T11:21:13Z,2026-05-03T08:28:51Z,2767,,Y,14258,19750
1460308232,2026-04-30T11:21:13Z,2026-05-02T21:13:09Z,3154,,Y,14258,19750
1460308230,2026-04-30T11:21:14Z,2026-05-01T22:41:46Z,4851,,Y,14258,19750
1460308231,2026-04-30T11:21:14Z,2026-05-02T09:57:28Z,3904,,Y,14258,19750
1460308619,2026-04-30T11:21:19Z,2026-05-02T21:13:09Z,3154,,Y,19750,14258
1460308620,2026-04-30T11:21:19Z,2026-05-03T08:28:51Z,2767,,Y,19750,14258
1460308618,2026-04-30T11:21:19Z,2026-05-02T09:57:28Z,3904,,Y,19750,14258
1460308617,2026-04-30T11:21:19Z,2026-05-01T22:41:46Z,4851,,Y,19750,14258
1460308922,2026-04-30T11:21:23Z,2026-05-01T13:19:04Z,3110,,Y,23205,23398
1460308921,2026-04-30T11:21:23Z,2026-05-01T02:03:19Z,3082,,Y,23205,23398
1460308924,2026-04-30T11:21:24Z,2026-05-02T11:50:32Z,3373,,Y,23205,23398
1460308920,2026-04-30T11:21:24Z,2026-04-30T14:47:35Z,3247,,Y,23205,23398
1460308923,2026-04-30T11:21:24Z,2026-05-02T00:34:48Z,3227,,Y,23205,23398
1460308925,2026-04-30T11:21:24Z,2026-05-02T23:06:17Z,3492,,Y,23205,23398
1460308926,2026-04-30T11:21:24Z,2026-05-03T10:22:01Z,3512,,Y,23205,23398
1460309144,2026-04-30T11:21:26Z,2026-05-02T11:50:32Z,3373,,Y,23398,23205
1460309141,2026-04-30T11:21:26Z,2026-05-01T02:03:19Z,3082,,Y,23398,23205
1460309146,2026-04-30T11:21:26Z,2026-05-03T10:22:01Z,3512,,Y,23398,23205
1460309145,2026-04-30T11:21:26Z,2026-05-02T23:06:17Z,3492,,Y,23398,23205
1460309142,2026-04-30T11:21:26Z,2026-05-01T13:19:04Z,3110,,Y,23398,23205
1460309207,2026-04-30T11:21:27Z,2026-05-01T13:24:05Z,2213,,Y,23680,25315
1460309140,2026-04-30T11:21:27Z,2026-04-30T14:47:35Z,3247,,Y,23398,23205
1460309143,2026-04-30T11:21:27Z,2026-05-02T00:34:48Z,3227,,Y,23398,23205
1460309329,2026-04-30T11:21:30Z,2026-05-01T13:24:05Z,2213,,Y,25315,23680
1460407817,2026-04-30T12:06:09Z,2026-05-02T23:13:35Z,224,0.0001121638,Y,1943,18764
1460407973,2026-04-30T12:06:12Z,2026-05-02T15:29:44Z,523,0.001166948,Y,2801,12739
1460408998,2026-04-30T12:06:28Z,2026-04-30T14:35:01Z,41,0.007967351,Y,5560,30067
1460409716,2026-04-30T12:06:38Z,2026-05-01T14:27:41Z,655,0.0002763846,Y,8896,40764
1460410704,2026-04-30T12:06:52Z,2026-05-02T15:29:44Z,523,0.001166948,Y,12739,2801
1460410759,2026-04-30T12:06:54Z,2026-05-01T02:44:54Z,91,0.001962209,Y,12792,32156
1460411259,2026-04-30T12:07:00Z,2026-05-02T14:32:01Z,301,0.0003365776,Y,13648,35105
1460411862,2026-04-30T12:07:09Z,2026-05-03T10:33:01Z,300,0.0001025461,Y,14612,26002
1460412852,2026-04-30T12:07:24Z,2026-05-03T03:25:42Z,845,0.0001135536,Y,18215,42337
1460413058,2026-04-30T12:07:27Z,2026-05-02T23:13:35Z,224,0.0001121638,Y,18764,1943
1460415402,2026-04-30T12:08:01Z,2026-05-01T08:29:42Z,369,0.0003510921,Y,23455,34790
1460416064,2026-04-30T12:08:10Z,2026-05-02T00:48:13Z,751,0.000398988,Y,25043,36350
1460416731,2026-04-30T12:08:21Z,2026-05-03T10:33:01Z,300,0.0001025461,Y,26002,14612
1460417707,2026-04-30T12:08:34Z,2026-05-02T16:50:45Z,281,0.0001004054,Y,27422,31667
1460420158,2026-04-30T12:09:10Z,2026-04-30T14:35:01Z,41,0.007967351,Y,30067,5560
1460422762,2026-04-30T12:09:46Z,2026-05-01T01:39:48Z,57,0.0001937688,Y,31217,34732
1460424071,2026-04-30T12:10:04Z,2026-05-02T16:50:45Z,281,0.0001004054,Y,31667,27422
1460424989,2026-04-30T12:10:19Z,2026-05-01T15:40:07Z,43,0.0001040881,Y,32106,60641
1460425079,2026-04-30T12:10:20Z,2026-05-01T02:44:54Z,91,0.001962209,Y,32156,12792
1460427177,2026-04-30T12:10:49Z,2026-05-01T06:43:33Z,59,0.0001287064,Y,34008,82582
1460427183,2026-04-30T12:10:50Z,2026-05-01T22:16:01Z,126,0.0001315373,Y,34009,41130
1460428386,2026-04-30T12:11:06Z,2026-05-01T08:29:42Z,369,0.0003510921,Y,34790,23455
1460428357,2026-04-30T12:11:07Z,2026-05-01T01:39:48Z,57,0.0001937688,Y,34732,31217
1460428867,2026-04-30T12:11:14Z,2026-05-02T14:32:01Z,301,0.0003365776,Y,35105,13648
1460428860,2026-04-30T12:11:15Z,2026-05-02T22:19:04Z,34,0.00017871,Y,35090,60397
1460428934,2026-04-30T12:11:15Z,2026-05-02T07:27:02Z,32,0.0005763996,Y,35160,35885
1460430424,2026-04-30T12:11:36Z,2026-05-02T07:27:02Z,32,0.0005763996,Y,35885,35160
1460431421,2026-04-30T12:11:50Z,2026-05-02T00:48:13Z,751,0.000398988,Y,36350,25043
1460440062,2026-04-30T12:13:47Z,2026-05-01T14:27:41Z,655,0.0002763846,Y,40764,8896
1460440928,2026-04-30T12:14:00Z,2026-05-01T22:16:01Z,126,0.0001315373,Y,41130,34009
1460443363,2026-04-30T12:14:37Z,2026-05-03T03:25:42Z,845,0.0001135536,Y,42337,18215
1460501124,2026-04-30T12:29:52Z,2026-05-02T22:19:04Z,34,0.00017871,Y,60397,35090
1460504200,2026-04-30T12:32:23Z,2026-05-01T15:40:07Z,43,0.0001040881,Y,60641,32106
1460919364,2026-04-30T22:07:36Z,2026-05-03T15:11:41Z,3371,,Y,12618,15057
1460919496,2026-04-30T22:07:39Z,2026-05-02T21:13:09Z,3154,,Y,14258,19750
1460919494,2026-04-30T22:07:39Z,2026-05-01T22:41:46Z,4851,,Y,14258,19750
1460919497,2026-04-30T22:07:39Z,2026-05-03T08:28:51Z,2767,,Y,14258,19750
1460919498,2026-04-30T22:07:40Z,2026-05-03T19:44:33Z,2894,,Y,14258,19750
1460919495,2026-04-30T22:07:40Z,2026-05-02T09:57:28Z,3904,,Y,14258,19750
1460919594,2026-04-30T22:07:43Z,2026-05-03T15:11:41Z,3371,,Y,15057,12618
1460919854,2026-04-30T22:07:47Z,2026-05-01T22:41:46Z,4851,,Y,19750,14258
1460919855,2026-04-30T22:07:47Z,2026-05-02T09:57:28Z,3904,,Y,19750,14258
1460919856,2026-04-30T22:07:47Z,2026-05-02T21:13:09Z,3154,,Y,19750,14258
1460919857,2026-04-30T22:07:48Z,2026-05-03T08:28:51Z,2767,,Y,19750,14258
1460919858,2026-04-30T22:07:48Z,2026-05-03T19:44:33Z,2894,,Y,19750,14258
1460920146,2026-04-30T22:07:50Z,2026-05-01T13:19:04Z,3110,,Y,23205,23398
1460920145,2026-04-30T22:07:50Z,2026-05-01T02:03:19Z,3082,,Y,23205,23398
1460920147,2026-04-30T22:07:50Z,2026-05-02T00:34:48Z,3227,,Y,23205,23398
1460920149,2026-04-30T22:07:51Z,2026-05-02T23:06:17Z,3492,,Y,23205,23398
1460920150,2026-04-30T22:07:51Z,2026-05-03T10:22:01Z,3512,,Y,23205,23398
1460920148,2026-04-30T22:07:51Z,2026-05-02T11:50:32Z,3373,,Y,23205,23398
1460920151,2026-04-30T22:07:52Z,2026-05-03T21:37:46Z,3472,,Y,23205,23398
1460920358,2026-04-30T22:07:53Z,2026-05-03T21:37:46Z,3472,,Y,23398,23205
1460920354,2026-04-30T22:07:54Z,2026-05-02T00:34:48Z,3227,,Y,23398,23205
1460920355,2026-04-30T22:07:54Z,2026-05-02T11:50:32Z,3373,,Y,23398,23205
1460920356,2026-04-30T22:07:54Z,2026-05-02T23:06:17Z,3492,,Y,23398,23205
1460920353,2026-04-30T22:07:54Z,2026-05-01T13:19:04Z,3110,,Y,23398,23205
1460920357,2026-04-30T22:07:54Z,2026-05-03T10:22:01Z,3512,,Y,23398,23205
1460920352,2026-04-30T22:07:54Z,2026-05-01T02:03:19Z,3082,,Y,23398,23205
1460920410,2026-04-30T22:07:55Z,2026-05-01T13:24:05Z,2313,,Y,23680,25315
1461440716,2026-05-01T01:00:16Z,2026-05-02T12:26:10Z,290,0.000132547,Y,871,40490
1461440931,2026-05-01T01:00:20Z,2026-05-02T23:13:35Z,320,0.0001385248,Y,1943,18764
1461441106,2026-05-01T01:00:23Z,2026-05-02T15:29:44Z,650,0.0005615553,Y,2801,12739
1461441762,2026-05-01T01:00:32Z,2026-05-03T14:49:41Z,697,0.0005196875,Y,4654,87320
1461442660,2026-05-01T01:00:45Z,2026-05-04T00:28:50Z,233,0.0003039936,Y,7559,12642
1461442904,2026-05-01T01:00:48Z,2026-05-01T14:27:41Z,670,0.0002546346,Y,8896,40764
1461443002,2026-05-01T01:00:49Z,2026-05-03T16:03:52Z,36,0.003605405,Y,9613,23465
1461443816,2026-05-01T01:01:01Z,2026-05-04T00:28:50Z,233,0.0003039936,Y,12642,7559
1461443987,2026-05-01T01:01:02Z,2026-05-01T02:44:54Z,81,0.002870185,Y,12792,32156
1461443933,2026-05-01T01:01:02Z,2026-05-02T15:29:44Z,650,0.0005615553,Y,12739,2801
1461444554,2026-05-01T01:01:11Z,2026-05-02T14:32:01Z,249,0.000407408,Y,13648,35105
1461445404,2026-05-01T01:01:23Z,2026-05-03T16:22:25Z,301,0.0002298516,Y,15471,270345
1461446494,2026-05-01T01:01:36Z,2026-05-03T17:12:20Z,715,0.0001812876,Y,18698,25506
1461446506,2026-05-01T01:01:37Z,2026-05-02T23:13:35Z,320,0.0001385248,Y,18764,1943
1461449076,2026-05-01T01:02:10Z,2026-05-03T16:03:52Z,36,0.003605405,Y,23465,9613
1461450143,2026-05-01T01:02:25Z,2026-05-03T17:12:20Z,715,0.0001812876,Y,25506,18698
1461451593,2026-05-01T01:02:44Z,2026-05-02T16:50:45Z,268,0.0001354734,Y,27422,31667
1461456199,2026-05-01T01:03:45Z,2026-05-03T19:01:18Z,279,0.0003011609,Y,30934,270373
1461458207,2026-05-01T01:04:11Z,2026-05-02T16:50:45Z,268,0.0001354734,Y,31667,27422
1461459188,2026-05-01T01:04:24Z,2026-05-01T15:40:07Z,38,0.0002306063,Y,32106,60641
1461459302,2026-05-01T01:04:26Z,2026-05-01T02:44:54Z,81,0.002870185,Y,32156,12792
1461461436,2026-05-01T01:04:54Z,2026-05-01T06:43:33Z,252,0.0004587351,Y,34008,82582
1461463153,2026-05-01T01:05:16Z,2026-05-02T22:19:04Z,26,0.0003221594,Y,35090,60397
1461463228,2026-05-01T01:05:17Z,2026-05-02T07:27:02Z,12,0.0009393277,Y,35160,35885
1461463165,2026-05-01T01:05:17Z,2026-05-02T14:32:01Z,249,0.000407408,Y,35105,13648
1461464816,2026-05-01T01:05:39Z,2026-05-02T07:27:02Z,12,0.0009393277,Y,35885,35160
1461474400,2026-05-01T01:07:35Z,2026-05-02T12:26:10Z,290,0.000132547,Y,40490,871
1461474786,2026-05-01T01:07:40Z,2026-05-01T14:27:41Z,670,0.0002546346,Y,40764,8896
1461475787,2026-05-01T01:07:53Z,2026-05-01T13:23:01Z,395,0.0001024889,Y,41144,81386
1461538980,2026-05-01T01:22:54Z,2026-05-02T22:19:04Z,26,0.0003221594,Y,60397,35090
1461492400,2026-05-01T01:23:40Z,2026-05-01T15:40:07Z,38,0.0002306063,Y,60641,32106
1461673764,2026-05-01T04:11:41Z,2026-05-01T22:41:46Z,4851,,Y,14258,19750
1461673878,2026-05-01T04:11:42Z,2026-05-03T15:11:41Z,3583,,Y,15057,12618
1461673614,2026-05-01T04:11:42Z,2026-05-03T15:11:41Z,3583,,Y,12618,15057
1461673768,2026-05-01T04:11:43Z,2026-05-03T19:44:33Z,2894,,Y,14258,19750
1461673766,2026-05-01T04:11:43Z,2026-05-02T21:13:09Z,3154,,Y,14258,19750
1461673767,2026-05-01T04:11:43Z,2026-05-03T08:28:51Z,2767,,Y,14258,19750
1461674185,2026-05-01T04:11:46Z,2026-05-02T21:13:09Z,3154,,Y,19750,14258
1461673765,2026-05-01T04:11:46Z,2026-05-02T09:57:28Z,3904,,Y,14258,19750
1461674184,2026-05-01T04:11:46Z,2026-05-02T09:57:28Z,3904,,Y,19750,14258
1461674186,2026-05-01T04:11:46Z,2026-05-03T08:28:51Z,2767,,Y,19750,14258
1461674187,2026-05-01T04:11:46Z,2026-05-03T19:44:33Z,2894,,Y,19750,14258
1461674183,2026-05-01T04:11:48Z,2026-05-01T22:41:46Z,4851,,Y,19750,14258
1461674515,2026-05-01T04:11:49Z,2026-05-02T00:34:48Z,3227,,Y,23205,23398
1461674517,2026-05-01T04:11:49Z,2026-05-02T23:06:17Z,3492,,Y,23205,23398
1461674514,2026-05-01T04:11:49Z,2026-05-01T13:19:04Z,3110,,Y,23205,23398
1461674519,2026-05-01T04:11:49Z,2026-05-03T21:37:46Z,3472,,Y,23205,23398
1461674518,2026-05-01T04:11:49Z,2026-05-03T10:22:01Z,3512,,Y,23205,23398
1461674516,2026-05-01T04:11:50Z,2026-05-02T11:50:32Z,3373,,Y,23205,23398
1461674769,2026-05-01T04:11:50Z,2026-05-03T10:22:01Z,3512,,Y,23398,23205
1461674767,2026-05-01T04:11:51Z,2026-05-02T11:50:32Z,3373,,Y,23398,23205
1461674766,2026-05-01T04:11:51Z,2026-05-02T00:34:48Z,3227,,Y,23398,23205
1461674765,2026-05-01T04:11:51Z,2026-05-01T13:19:04Z,3110,,Y,23398,23205
1461674770,2026-05-01T04:11:51Z,2026-05-03T21:37:46Z,3472,,Y,23398,23205
1461674768,2026-05-01T04:11:51Z,2026-05-02T23:06:17Z,3492,,Y,23398,23205
1461674835,2026-05-01T04:11:51Z,2026-05-01T13:24:05Z,2313,,Y,23680,25315
1461674973,2026-05-01T04:11:53Z,2026-05-01T13:24:05Z,2313,,Y,25315,23680
1461676522,2026-05-01T04:12:06Z,2026-05-02T16:49:12Z,3325,,Y,36109,40268
1461677292,2026-05-01T04:12:13Z,2026-05-02T16:49:12Z,3325,,Y,40268,36109
1461883366,2026-05-01T08:28:59Z,2026-05-02T12:26:10Z,157,0.0001746436,Y,871,40490
1461883503,2026-05-01T08:29:00Z,2026-05-02T04:30:41Z,461,0.0001096288,Y,1814,24996
1461884371,2026-05-01T08:29:09Z,2026-05-03T14:49:40Z,609,0.0001257722,Y,4654,87320
1461885228,2026-05-01T08:29:18Z,2026-05-04T00:28:50Z,240,0.0003077424,Y,7559,12642
1461885524,2026-05-01T08:29:19Z,2026-05-03T16:03:52Z,32,0.003272604,Y,9613,23465
1461886320,2026-05-01T08:29:26Z,2026-05-04T02:37:13Z,185,0.001326091,Y,12662,19922
1461886295,2026-05-01T08:29:26Z,2026-05-04T00:28:50Z,240,0.0003077424,Y,12642,7559
1461887015,2026-05-01T08:29:33Z,2026-05-02T14:32:01Z,148,0.0007666168,Y,13648,35105
1461887836,2026-05-01T08:29:43Z,2026-05-03T16:22:25Z,206,0.0002409075,Y,15471,270345
1461888390,2026-05-01T08:29:47Z,2026-05-02T02:33:00Z,776,0.0001070475,Y,17528,42405
1461888891,2026-05-01T08:29:53Z,2026-05-03T17:12:20Z,188,0.0001979639,Y,18698,25506
1461889615,2026-05-01T08:29:59Z,2026-05-04T02:37:13Z,185,0.001326091,Y,19922,12662
1461891393,2026-05-01T08:30:27Z,2026-05-03T16:03:52Z,32,0.003272604,Y,23465,9613
1461891582,2026-05-01T08:30:28Z,2026-05-02T01:29:58Z,637,0.0004401412,Y,23751,41275
1461892118,2026-05-01T08:30:33Z,2026-05-02T04:30:41Z,461,0.0001096288,Y,24996,1814
1461892428,2026-05-01T08:30:39Z,2026-05-03T17:12:20Z,188,0.0001979639,Y,25506,18698
1461895772,2026-05-01T08:31:09Z,2026-05-02T14:03:48Z,535,0.0001056691,Y,29770,29899
1461896031,2026-05-01T08:31:10Z,2026-05-02T14:03:48Z,535,0.0001056691,Y,29899,29770
1461898326,2026-05-01T08:31:30Z,2026-05-03T19:01:18Z,96,0.0003800897,Y,30934,270373
1461901153,2026-05-01T08:31:53Z,2026-05-01T15:40:07Z,83,0.0002347741,Y,32106,60641
1461915249,2026-05-01T08:32:23Z,2026-05-02T08:09:53Z,147,0.0001822399,Y,34790,54943
1461915702,2026-05-01T08:32:26Z,2026-05-02T14:32:01Z,148,0.0007666168,Y,35105,13648
1461915691,2026-05-01T08:32:26Z,2026-05-02T22:19:04Z,464,0.0001598413,Y,35090,60397
1461915760,2026-05-01T08:32:27Z,2026-05-02T07:27:02Z,21,0.0009810381,Y,35160,35885
1461917245,2026-05-01T08:32:38Z,2026-05-02T07:27:02Z,21,0.0009810381,Y,35885,35160
1461919160,2026-05-01T08:32:53Z,2026-05-02T05:56:53Z,260,0.0001680558,Y,36923,270121
1461945649,2026-05-01T08:33:50Z,2026-05-02T12:26:10Z,157,0.0001746436,Y,40490,871
1461946939,2026-05-01T08:34:05Z,2026-05-01T13:23:01Z,419,0.0001129402,Y,41144,81386
1461947558,2026-05-01T08:34:10Z,2026-05-02T01:29:58Z,637,0.0004401412,Y,41275,23751
1461949467,2026-05-01T08:34:26Z,2026-05-02T02:33:00Z,776,0.0001070475,Y,42405,17528
1461928844,2026-05-01T08:38:39Z,2026-05-02T08:09:53Z,147,0.0001822399,Y,54943,34790
1461997905,2026-05-01T08:46:28Z,2026-05-02T22:19:04Z,464,0.0001598413,Y,60397,35090
1462001170,2026-05-01T08:47:17Z,2026-05-01T15:40:07Z,83,0.0002347741,Y,60641,32106
1462184457,2026-05-01T11:35:12Z,2026-05-03T15:11:41Z,3583,,Y,12618,15057
1462184586,2026-05-01T11:35:12Z,2026-05-01T22:41:46Z,4851,,Y,14258,19750
1462184588,2026-05-01T11:35:12Z,2026-05-02T21:13:09Z,3154,,Y,14258,19750
1462184591,2026-05-01T11:35:12Z,2026-05-04T07:00:15Z,3482,,Y,14258,19750
1462184589,2026-05-01T11:35:12Z,2026-05-03T08:28:51Z,2767,,Y,14258,19750
1462184590,2026-05-01T11:35:12Z,2026-05-03T19:44:33Z,2894,,Y,14258,19750
1462184587,2026-05-01T11:35:12Z,2026-05-02T09:57:28Z,3904,,Y,14258,19750
1462184683,2026-05-01T11:35:13Z,2026-05-03T15:11:41Z,3583,,Y,15057,12618
1462184943,2026-05-01T11:35:15Z,2026-05-01T22:41:46Z,4851,,Y,19750,14258
1462184946,2026-05-01T11:35:15Z,2026-05-03T08:28:51Z,2767,,Y,19750,14258
1462184948,2026-05-01T11:35:16Z,2026-05-04T07:00:15Z,3482,,Y,19750,14258
1462184947,2026-05-01T11:35:16Z,2026-05-03T19:44:33Z,2894,,Y,19750,14258
1462184944,2026-05-01T11:35:17Z,2026-05-02T09:57:28Z,3904,,Y,19750,14258
1462185200,2026-05-01T11:35:17Z,2026-05-02T11:50:32Z,3373,,Y,23205,23398
1462184945,2026-05-01T11:35:18Z,2026-05-02T21:13:09Z,3154,,Y,19750,14258
1462185201,2026-05-01T11:35:18Z,2026-05-02T23:06:17Z,3492,,Y,23205,23398
1462185204,2026-05-01T11:35:18Z,2026-05-04T08:53:30Z,3317,,Y,23205,23398
1462185199,2026-05-01T11:35:19Z,2026-05-02T00:34:48Z,3227,,Y,23205,23398
1462185427,2026-05-01T11:35:19Z,2026-05-02T11:50:32Z,3373,,Y,23398,23205
1462185202,2026-05-01T11:35:19Z,2026-05-03T10:22:01Z,3512,,Y,23205,23398
1462185430,2026-05-01T11:35:19Z,2026-05-03T21:37:46Z,3472,,Y,23398,23205
1462185425,2026-05-01T11:35:19Z,2026-05-01T13:19:04Z,3110,,Y,23398,23205
1462185198,2026-05-01T11:35:19Z,2026-05-01T13:19:04Z,3110,,Y,23205,23398
1462185428,2026-05-01T11:35:19Z,2026-05-02T23:06:17Z,3492,,Y,23398,23205
1462185431,2026-05-01T11:35:19Z,2026-05-04T08:53:30Z,3317,,Y,23398,23205
1462185429,2026-05-01T11:35:19Z,2026-05-03T10:22:01Z,3512,,Y,23398,23205
1462185426,2026-05-01T11:35:19Z,2026-05-02T00:34:48Z,3227,,Y,23398,23205
1462185203,2026-05-01T11:35:20Z,2026-05-03T21:37:46Z,3472,,Y,23205,23398
1462185480,2026-05-01T11:35:20Z,2026-05-01T13:24:05Z,2313,,Y,23680,25315
1462185583,2026-05-01T11:35:23Z,2026-05-01T13:24:05Z,2313,,Y,25315,23680
1462186834,2026-05-01T11:35:34Z,2026-05-02T16:49:12Z,4008,,Y,36109,40268
1462187401,2026-05-01T11:35:35Z,2026-05-02T16:49:12Z,4008,,Y,40268,36109
1462254339,2026-05-01T12:30:33Z,2026-05-02T12:26:10Z,159,0.0002250644,Y,871,40490
1462254469,2026-05-01T12:30:35Z,2026-05-02T04:30:41Z,468,0.0001083817,Y,1814,24996
1462255364,2026-05-01T12:30:47Z,2026-05-03T14:49:40Z,609,0.0001215131,Y,4654,87320
1462256213,2026-05-01T12:30:59Z,2026-05-04T00:28:50Z,244,0.0003077108,Y,7559,12642
1462256507,2026-05-01T12:31:02Z,2026-05-03T16:03:52Z,46,0.00293866,Y,9613,23465
1462256844,2026-05-01T12:31:07Z,2026-05-04T12:06:24Z,96,0.0002865962,Y,10877,35156
1462257274,2026-05-01T12:31:13Z,2026-05-04T02:37:13Z,175,0.001603256,Y,12662,19922
1462257247,2026-05-01T12:31:13Z,2026-05-04T00:28:50Z,244,0.0003077108,Y,12642,7559
1462257995,2026-05-01T12:31:22Z,2026-05-02T14:32:01Z,141,0.0008032983,Y,13648,35105
1462258817,2026-05-01T12:31:33Z,2026-05-03T16:22:25Z,203,0.0002405558,Y,15471,270345
1462259357,2026-05-01T12:31:41Z,2026-05-02T02:33:00Z,776,0.0001070472,Y,17528,42405
1462259866,2026-05-01T12:31:47Z,2026-05-03T17:12:20Z,339,0.0001093128,Y,18698,25506
1462260523,2026-05-01T12:31:57Z,2026-05-04T02:37:13Z,175,0.001603256,Y,19922,12662
1462262259,2026-05-01T12:32:21Z,2026-05-03T16:03:52Z,46,0.00293866,Y,23465,9613
1462262467,2026-05-01T12:32:24Z,2026-05-02T01:29:58Z,637,0.0004401408,Y,23751,41275
1462262984,2026-05-01T12:32:31Z,2026-05-02T04:30:41Z,468,0.0001083817,Y,24996,1814
1462263299,2026-05-01T12:32:35Z,2026-05-03T17:12:20Z,339,0.0001093128,Y,25506,18698
1462276538,2026-05-01T12:33:19Z,2026-05-02T14:03:48Z,535,0.0001056695,Y,29770,29899
1462276784,2026-05-01T12:33:22Z,2026-05-02T14:03:48Z,535,0.0001056695,Y,29899,29770
1462278960,2026-05-01T12:33:48Z,2026-05-03T19:01:18Z,96,0.00038009,Y,30934,270373
1462280682,2026-05-01T12:34:11Z,2026-05-03T11:27:27Z,275,0.0001128112,Y,31569,40450
1462281760,2026-05-01T12:34:26Z,2026-05-01T15:40:07Z,81,0.0002371311,Y,32106,60641
1462285238,2026-05-01T12:35:12Z,2026-05-02T08:09:53Z,150,0.000166543,Y,34790,54943
1462285680,2026-05-01T12:35:18Z,2026-05-02T22:19:04Z,472,0.000156015,Y,35090,60397
1462285693,2026-05-01T12:35:18Z,2026-05-02T14:32:01Z,141,0.0008032983,Y,35105,13648
1462285737,2026-05-01T12:35:20Z,2026-05-04T12:06:24Z,96,0.0002865962,Y,35156,10877
1462285750,2026-05-01T12:35:20Z,2026-05-02T07:27:02Z,21,0.0009810373,Y,35160,35885
1462287187,2026-05-01T12:35:39Z,2026-05-02T07:27:02Z,21,0.0009810373,Y,35885,35160
1462266088,2026-05-01T12:37:33Z,2026-05-03T11:27:27Z,275,0.0001128112,Y,40450,31569
1462266139,2026-05-01T12:37:34Z,2026-05-02T12:26:10Z,159,0.0002250644,Y,40490,871
1462267415,2026-05-01T12:37:51Z,2026-05-01T13:23:01Z,419,0.0001129401,Y,41144,81386
1462268005,2026-05-01T12:37:58Z,2026-05-02T01:29:58Z,637,0.0004401408,Y,41275,23751
1462269861,2026-05-01T12:38:23Z,2026-05-02T02:33:00Z,776,0.0001070472,Y,42405,17528
1462318860,2026-05-01T12:42:32Z,2026-05-02T08:09:53Z,150,0.000166543,Y,54943,34790
1462348324,2026-05-01T12:48:49Z,2026-05-02T22:19:04Z,472,0.000156015,Y,60397,35090
1462351470,2026-05-01T12:49:27Z,2026-05-01T15:40:07Z,81,0.0002371311,Y,60641,32106
1462972347,2026-05-01T21:22:50Z,2026-05-03T15:11:42Z,3488,,Y,12618,15057
1462972473,2026-05-01T21:22:51Z,2026-05-03T08:28:52Z,2753,,Y,14258,19750
1462972475,2026-05-01T21:22:52Z,2026-05-04T07:00:16Z,3523,,Y,14258,19750
1462972471,2026-05-01T21:22:52Z,2026-05-02T09:57:28Z,3903,,Y,14258,19750
1462972476,2026-05-01T21:22:52Z,2026-05-04T18:15:58Z,4420,,Y,14258,19750
1462972472,2026-05-01T21:22:53Z,2026-05-02T21:13:10Z,3138,,Y,14258,19750
1462972564,2026-05-01T21:22:53Z,2026-05-03T15:11:42Z,3488,,Y,15057,12618
1462972474,2026-05-01T21:22:53Z,2026-05-03T19:44:34Z,2903,,Y,14258,19750
1462972470,2026-05-01T21:22:53Z,2026-05-01T22:41:47Z,4871,,Y,14258,19750
1462972809,2026-05-01T21:22:55Z,2026-05-01T22:41:47Z,4871,,Y,19750,14258
1462972814,2026-05-01T21:22:56Z,2026-05-04T07:00:16Z,3523,,Y,19750,14258
1462972813,2026-05-01T21:22:56Z,2026-05-03T19:44:34Z,2903,,Y,19750,14258
1462972810,2026-05-01T21:22:56Z,2026-05-02T09:57:28Z,3903,,Y,19750,14258
1462972811,2026-05-01T21:22:56Z,2026-05-02T21:13:10Z,3138,,Y,19750,14258
1462972812,2026-05-01T21:22:57Z,2026-05-03T08:28:52Z,2753,,Y,19750,14258
1462972815,2026-05-01T21:22:58Z,2026-05-04T18:15:58Z,4420,,Y,19750,14258
1462973086,2026-05-01T21:22:59Z,2026-05-02T11:50:32Z,3373,,Y,23205,23398
1462973089,2026-05-01T21:22:59Z,2026-05-03T21:37:46Z,3472,,Y,23205,23398
1462973085,2026-05-01T21:22:59Z,2026-05-02T00:34:48Z,3227,,Y,23205,23398
1462973091,2026-05-01T21:23:00Z,2026-05-04T20:09:14Z,3131,,Y,23205,23398
1462973090,2026-05-01T21:23:00Z,2026-05-04T08:53:30Z,3317,,Y,23205,23398
1462973088,2026-05-01T21:23:00Z,2026-05-03T10:22:01Z,3512,,Y,23205,23398
1462973290,2026-05-01T21:23:01Z,2026-05-02T00:34:48Z,3227,,Y,23398,23205
1462973291,2026-05-01T21:23:01Z,2026-05-02T11:50:32Z,3373,,Y,23398,23205
1462973087,2026-05-01T21:23:01Z,2026-05-02T23:06:17Z,3492,,Y,23205,23398
1462973293,2026-05-01T21:23:02Z,2026-05-03T10:22:01Z,3512,,Y,23398,23205
1462973296,2026-05-01T21:23:02Z,2026-05-04T20:09:14Z,3131,,Y,23398,23205
1462973294,2026-05-01T21:23:02Z,2026-05-03T21:37:46Z,3472,,Y,23398,23205
1462973292,2026-05-01T21:23:02Z,2026-05-02T23:06:17Z,3492,,Y,23398,23205
1462973295,2026-05-01T21:23:03Z,2026-05-04T08:53:30Z,3317,,Y,23398,23205
1462974807,2026-05-01T21:23:19Z,2026-05-02T16:49:12Z,3167,,Y,36109,40268
1462975362,2026-05-01T21:23:26Z,2026-05-02T16:49:12Z,3167,,Y,40268,36109
1463006878,2026-05-01T23:06:45Z,2026-05-02T12:26:10Z,293,0.0001319009,Y,871,40490
1463007919,2026-05-01T23:06:52Z,2026-05-04T05:42:41Z,357,0.0003046356,Y,4598,58429
1463008183,2026-05-01T23:06:54Z,2026-05-03T19:05:05Z,442,0.0001418641,Y,5019,81969
1463008847,2026-05-01T23:06:59Z,2026-05-04T00:28:50Z,238,0.0003080506,Y,7559,12642
1463009188,2026-05-01T23:07:02Z,2026-05-03T16:03:52Z,32,0.004720648,Y,9613,23465
1463009560,2026-05-01T23:07:04Z,2026-05-04T12:06:24Z,82,0.0003448753,Y,10877,35156
1463010106,2026-05-01T23:07:09Z,2026-05-04T15:17:04Z,681,0.000127047,Y,12733,270209
1463010015,2026-05-01T23:07:10Z,2026-05-04T02:37:13Z,146,0.001247166,Y,12662,19922
1463009990,2026-05-01T23:07:11Z,2026-05-04T00:28:50Z,238,0.0003080506,Y,12642,7559
1463010774,2026-05-01T23:07:15Z,2026-05-02T14:32:01Z,262,0.0001185586,Y,13648,35105
1463011418,2026-05-01T23:07:20Z,2026-05-03T10:33:01Z,237,0.0001998299,Y,14612,26002
1463011643,2026-05-01T23:07:22Z,2026-05-03T16:22:25Z,268,0.0002359058,Y,15471,270345
1463011847,2026-05-01T23:07:28Z,2026-05-02T00:49:06Z,141,0.0001873425,Y,16382,18475
1463012605,2026-05-01T23:07:32Z,2026-05-02T00:49:06Z,141,0.0001873425,Y,18475,16382
1463012231,2026-05-01T23:07:33Z,2026-05-02T02:33:00Z,21,0.0005307817,Y,17528,42405
1463013501,2026-05-01T23:07:41Z,2026-05-04T02:37:13Z,146,0.001247166,Y,19922,12662
1463013627,2026-05-01T23:07:46Z,2026-05-04T05:11:32Z,351,0.0004352856,Y,20443,31261
1463014936,2026-05-01T23:07:57Z,2026-05-02T14:56:12Z,74,0.0001667652,Y,22509,41534
1463015422,2026-05-01T23:07:58Z,2026-05-03T16:03:52Z,32,0.004720648,Y,23465,9613
1462997670,2026-05-01T23:08:16Z,2026-05-03T10:33:01Z,237,0.0001998299,Y,26002,14612
1462998750,2026-05-01T23:08:23Z,2026-05-02T16:50:45Z,264,0.000155431,Y,27422,31667
1463001773,2026-05-01T23:08:49Z,2026-05-03T22:43:33Z,84,0.0002036827,Y,30272,39119
1463003413,2026-05-01T23:09:07Z,2026-05-03T19:01:18Z,447,0.0002433095,Y,30934,270373
1463004133,2026-05-01T23:09:15Z,2026-05-04T05:11:32Z,351,0.0004352856,Y,31261,20443
1463005411,2026-05-01T23:09:32Z,2026-05-02T16:50:45Z,264,0.000155431,Y,31667,27422
1463073414,2026-05-01T23:17:54Z,2026-05-04T05:42:41Z,357,0.0003046356,Y,58429,4598
1463085985,2026-05-01T23:19:38Z,2026-05-02T22:19:04Z,24,0.0007698359,Y,60397,35090
1463586247,2026-05-02T04:21:36Z,2026-05-04T18:15:58Z,4382,,Y,14258,19750
1463586356,2026-05-02T04:21:36Z,2026-05-03T15:11:42Z,3613,,Y,15057,12618
1463586243,2026-05-02T04:21:37Z,2026-05-02T21:13:10Z,3151,,Y,14258,19750
1463586242,2026-05-02T04:21:37Z,2026-05-02T09:57:29Z,3922,,Y,14258,19750
1463586245,2026-05-02T04:21:37Z,2026-05-03T19:44:34Z,2887,,Y,14258,19750
1463586244,2026-05-02T04:21:37Z,2026-05-03T08:28:52Z,2753,,Y,14258,19750
1463586246,2026-05-02T04:21:39Z,2026-05-04T07:00:16Z,3494,,Y,14258,19750
1463586651,2026-05-02T04:21:39Z,2026-05-03T19:44:34Z,2887,,Y,19750,14258
1463586652,2026-05-02T04:21:41Z,2026-05-04T07:00:16Z,3494,,Y,19750,14258
1463586648,2026-05-02T04:21:41Z,2026-05-02T09:57:29Z,3922,,Y,19750,14258
1463586653,2026-05-02T04:21:41Z,2026-05-04T18:15:58Z,4382,,Y,19750,14258
1463586650,2026-05-02T04:21:41Z,2026-05-03T08:28:52Z,2753,,Y,19750,14258
1463586972,2026-05-02T04:21:42Z,2026-05-02T23:06:17Z,3492,,Y,23205,23398
1463586649,2026-05-02T04:21:42Z,2026-05-02T21:13:10Z,3151,,Y,19750,14258
1463586975,2026-05-02T04:21:43Z,2026-05-04T08:53:30Z,3317,,Y,23205,23398
1463586974,2026-05-02T04:21:43Z,2026-05-03T21:37:46Z,3472,,Y,23205,23398
1463586973,2026-05-02T04:21:43Z,2026-05-03T10:22:01Z,3512,,Y,23205,23398
1463586971,2026-05-02T04:21:43Z,2026-05-02T11:50:32Z,3373,,Y,23205,23398
1463586976,2026-05-02T04:21:43Z,2026-05-04T20:09:14Z,3131,,Y,23205,23398
1463587221,2026-05-02T04:21:44Z,2026-05-03T21:37:46Z,3472,,Y,23398,23205
1463587222,2026-05-02T04:21:44Z,2026-05-04T08:53:30Z,3317,,Y,23398,23205
1463587218,2026-05-02T04:21:44Z,2026-05-02T11:50:32Z,3373,,Y,23398,23205
1463587219,2026-05-02T04:21:44Z,2026-05-02T23:06:17Z,3492,,Y,23398,23205
1463587220,2026-05-02T04:21:44Z,2026-05-03T10:22:01Z,3512,,Y,23398,23205
1463587223,2026-05-02T04:21:44Z,2026-05-04T20:09:14Z,3131,,Y,23398,23205
1463588923,2026-05-02T04:21:58Z,2026-05-02T16:49:13Z,4683,,Y,36109,40268
1463589567,2026-05-02T04:22:06Z,2026-05-02T16:49:13Z,4683,,Y,40268,36109
1463680956,2026-05-02T05:27:02Z,2026-05-02T12:26:10Z,297,0.000120373,Y,871,40490
1463681985,2026-05-02T05:27:09Z,2026-05-04T05:42:41Z,755,0.0003444733,Y,4598,58429
1463682233,2026-05-02T05:27:11Z,2026-05-03T19:05:05Z,69,0.0001531827,Y,5019,81969
1463682847,2026-05-02T05:27:19Z,2026-05-04T00:28:50Z,238,0.000308937,Y,7559,12642
1463683206,2026-05-02T05:27:19Z,2026-05-03T16:03:52Z,37,0.001100126,Y,9613,23465
1463683565,2026-05-02T05:27:20Z,2026-05-04T12:06:24Z,85,0.0003440904,Y,10877,35156
1463683995,2026-05-02T05:27:23Z,2026-05-04T02:37:13Z,185,0.0005561841,Y,12662,19922
1463684069,2026-05-02T05:27:24Z,2026-05-04T15:17:04Z,681,0.0001427388,Y,12733,270209
1463683971,2026-05-02T05:27:25Z,2026-05-04T00:28:50Z,238,0.000308937,Y,12642,7559
1463684118,2026-05-02T05:27:25Z,2026-05-05T00:10:27Z,463,0.0003907201,Y,12792,31228
1463684749,2026-05-02T05:27:28Z,2026-05-02T14:32:01Z,262,0.0001165599,Y,13648,35105
1463685422,2026-05-02T05:27:32Z,2026-05-03T10:33:01Z,138,0.0001161909,Y,14612,26002
1463685632,2026-05-02T05:27:41Z,2026-05-03T16:22:25Z,258,0.0002389073,Y,15471,270345
1463686352,2026-05-02T05:27:44Z,2026-05-04T20:58:04Z,811,0.0001051988,Y,17974,61812
1463687344,2026-05-02T05:27:49Z,2026-05-04T02:37:13Z,185,0.0005561841,Y,19922,12662
1463687456,2026-05-02T05:27:51Z,2026-05-04T05:11:32Z,323,0.0005004832,Y,20443,31261
1463688735,2026-05-02T05:27:58Z,2026-05-02T14:56:12Z,65,0.0001988437,Y,22509,41534
1463688604,2026-05-02T05:27:58Z,2026-05-05T03:21:51Z,76,0.0002862384,Y,22367,31980
1463689185,2026-05-02T05:28:05Z,2026-05-03T16:03:52Z,37,0.001100126,Y,23465,9613
1463691326,2026-05-02T05:28:12Z,2026-05-03T10:33:01Z,138,0.0001161909,Y,26002,14612
1463692394,2026-05-02T05:28:21Z,2026-05-02T16:50:45Z,263,0.0001428342,Y,27422,31667
1463695348,2026-05-02T05:28:39Z,2026-05-03T22:43:33Z,343,0.0001061461,Y,30272,39119
1463696923,2026-05-02T05:28:51Z,2026-05-03T19:01:18Z,298,0.0002872509,Y,30934,270373
1463697540,2026-05-02T05:28:55Z,2026-05-05T00:10:27Z,463,0.0003907201,Y,31228,12792
1463697615,2026-05-02T05:28:56Z,2026-05-04T05:11:32Z,323,0.0005004832,Y,31261,20443
1463698891,2026-05-02T05:29:05Z,2026-05-02T16:50:45Z,263,0.0001428342,Y,31667,27422
1463699697,2026-05-02T05:29:11Z,2026-05-05T03:21:51Z,76,0.0002862384,Y,31980,22367
1463703926,2026-05-02T05:29:41Z,2026-05-04T12:06:24Z,85,0.0003440904,Y,35156,10877
1463703939,2026-05-02T05:29:41Z,2026-05-02T07:27:02Z,92,0.0003992846,Y,35160,35885
1463703369,2026-05-02T05:29:42Z,2026-05-02T08:09:53Z,94,0.0001175414,Y,34790,54943
1463703888,2026-05-02T05:29:43Z,2026-05-02T14:32:01Z,262,0.0001165599,Y,35105,13648
1463703875,2026-05-02T05:29:43Z,2026-05-02T22:19:04Z,38,0.0007769284,Y,35090,60397
1463705436,2026-05-02T05:29:52Z,2026-05-02T07:27:02Z,92,0.0003992846,Y,35885,35160
1463710419,2026-05-02T05:30:26Z,2026-05-03T22:43:33Z,343,0.0001061461,Y,39119,30272
1463714279,2026-05-02T05:30:53Z,2026-05-02T12:26:10Z,297,0.000120373,Y,40490,871
1463716743,2026-05-02T05:31:14Z,2026-05-04T15:31:55Z,40,0.001202881,Y,41509,270336
1463716810,2026-05-02T05:31:14Z,2026-05-02T14:56:12Z,65,0.0001988437,Y,41534,22509
1463717840,2026-05-02T05:31:26Z,2026-05-03T02:11:20Z,132,0.0001379368,Y,42334,89261
1463737636,2026-05-02T05:35:07Z,2026-05-02T08:09:53Z,94,0.0001175414,Y,54943,34790
1463776175,2026-05-02T05:39:55Z,2026-05-04T20:58:04Z,811,0.0001051988,Y,61812,17974
1464007704,2026-05-02T11:18:36Z,2026-05-03T15:11:42Z,3613,,Y,12618,15057
1464007825,2026-05-02T11:18:37Z,2026-05-03T08:28:52Z,2747,,Y,14258,19750
1464007828,2026-05-02T11:18:37Z,2026-05-04T18:15:58Z,4412,,Y,14258,19750
1464007824,2026-05-02T11:18:37Z,2026-05-02T21:13:10Z,3141,,Y,14258,19750
1464007827,2026-05-02T11:18:37Z,2026-05-04T07:00:16Z,3513,,Y,14258,19750
1464007826,2026-05-02T11:18:37Z,2026-05-03T19:44:34Z,2893,,Y,14258,19750
1464008217,2026-05-02T11:18:40Z,2026-05-04T07:00:16Z,3513,,Y,19750,14258
1464007948,2026-05-02T11:18:40Z,2026-05-03T15:11:42Z,3613,,Y,15057,12618
1464008215,2026-05-02T11:18:40Z,2026-05-03T08:28:52Z,2747,,Y,19750,14258
1464008216,2026-05-02T11:18:40Z,2026-05-03T19:44:34Z,2893,,Y,19750,14258
1464008218,2026-05-02T11:18:40Z,2026-05-04T18:15:58Z,4412,,Y,19750,14258
1464008507,2026-05-02T11:18:42Z,2026-05-03T10:22:01Z,3512,,Y,23205,23398
1464008214,2026-05-02T11:18:42Z,2026-05-02T21:13:10Z,3141,,Y,19750,14258
1464008510,2026-05-02T11:18:43Z,2026-05-04T20:09:14Z,3131,,Y,23205,23398
1464008508,2026-05-02T11:18:43Z,2026-05-03T21:37:46Z,3472,,Y,23205,23398
1464008511,2026-05-02T11:18:43Z,2026-05-05T07:24:59Z,2941,,Y,23205,23398
1464008506,2026-05-02T11:18:43Z,2026-05-02T23:06:17Z,3492,,Y,23205,23398
1464008505,2026-05-02T11:18:43Z,2026-05-02T11:50:32Z,3373,,Y,23205,23398
1464008731,2026-05-02T11:18:44Z,2026-05-03T10:22:01Z,3512,,Y,23398,23205
1464008734,2026-05-02T11:18:44Z,2026-05-04T20:09:14Z,3131,,Y,23398,23205
1464008735,2026-05-02T11:18:44Z,2026-05-05T07:24:59Z,2941,,Y,23398,23205
1464008732,2026-05-02T11:18:44Z,2026-05-03T21:37:46Z,3472,,Y,23398,23205
1464008733,2026-05-02T11:18:45Z,2026-05-04T08:53:30Z,3317,,Y,23398,23205
1464008509,2026-05-02T11:18:46Z,2026-05-04T08:53:30Z,3317,,Y,23205,23398
1464008730,2026-05-02T11:18:46Z,2026-05-02T23:06:17Z,3492,,Y,23398,23205
1464008729,2026-05-02T11:18:47Z,2026-05-02T11:50:32Z,3373,,Y,23398,23205
1464113056,2026-05-02T13:34:28Z,2026-05-04T05:42:41Z,217,0.0007609424,Y,4598,58429
1464113292,2026-05-02T13:34:30Z,2026-05-03T19:05:05Z,481,0.0001297042,Y,5019,81969
1464113875,2026-05-02T13:34:36Z,2026-05-04T00:28:50Z,237,0.0003087066,Y,7559,12642
1464114531,2026-05-02T13:34:44Z,2026-05-04T12:06:24Z,101,0.0002384786,Y,10877,35156
1464114925,2026-05-02T13:34:49Z,2026-05-04T02:37:13Z,182,0.0002194492,Y,12662,19922
1464115042,2026-05-02T13:34:50Z,2026-05-05T00:10:27Z,805,0.0002581305,Y,12792,31228
1464114915,2026-05-02T13:34:51Z,2026-05-04T00:28:50Z,237,0.0003087066,Y,12642,7559
1464115645,2026-05-02T13:34:58Z,2026-05-02T14:32:01Z,235,0.0001920685,Y,13648,35105
1464116343,2026-05-02T13:35:05Z,2026-05-03T10:33:01Z,110,0.0001068247,Y,14612,26002
1464116566,2026-05-02T13:35:10Z,2026-05-03T16:22:25Z,239,0.0002423102,Y,15471,270345
1464117265,2026-05-02T13:35:16Z,2026-05-04T20:58:04Z,651,0.0001141404,Y,17974,61812
1464117623,2026-05-02T13:35:23Z,2026-05-03T17:12:20Z,343,0.0002867326,Y,18698,25506
1464118317,2026-05-02T13:35:27Z,2026-05-04T02:37:13Z,182,0.0002194492,Y,19922,12662
1464118422,2026-05-02T13:35:28Z,2026-05-04T05:11:32Z,26,0.0005401513,Y,20443,31261
1464119505,2026-05-02T13:35:40Z,2026-05-05T03:21:51Z,133,0.0001814006,Y,22367,31980
1464119628,2026-05-02T13:35:41Z,2026-05-02T14:56:12Z,75,0.0001991757,Y,22509,41534
1464121061,2026-05-02T13:35:55Z,2026-05-03T17:12:20Z,343,0.0002867326,Y,25506,18698
1464121456,2026-05-02T13:35:59Z,2026-05-03T10:33:01Z,110,0.0001068247,Y,26002,14612
1464276195,2026-05-02T13:36:09Z,2026-05-02T16:50:45Z,265,0.0001267879,Y,27422,31667
1464278126,2026-05-02T13:36:32Z,2026-05-04T20:31:55Z,462,0.0001217782,Y,29784,31085
1464279948,2026-05-02T13:36:55Z,2026-05-05T13:35:46Z,661,0.0002232288,Y,30715,7363
1464280503,2026-05-02T13:37:00Z,2026-05-03T19:01:18Z,328,0.0001586834,Y,30934,270373
1464280738,2026-05-02T13:37:05Z,2026-05-04T20:31:55Z,462,0.0001217782,Y,31085,29784
1464281082,2026-05-02T13:37:07Z,2026-05-05T00:10:27Z,805,0.0002581305,Y,31228,12792
1464281153,2026-05-02T13:37:10Z,2026-05-04T05:11:32Z,26,0.0005401513,Y,31261,20443
1464282368,2026-05-02T13:37:20Z,2026-05-02T16:50:45Z,265,0.0001267879,Y,31667,27422
1464283169,2026-05-02T13:37:31Z,2026-05-05T03:21:51Z,133,0.0001814006,Y,31980,22367
1464144279,2026-05-02T13:38:13Z,2026-05-04T12:06:24Z,101,0.0002384786,Y,35156,10877
1464144238,2026-05-02T13:38:14Z,2026-05-02T14:32:01Z,235,0.0001920685,Y,35105,13648
1464144225,2026-05-02T13:38:14Z,2026-05-02T22:19:04Z,138,0.0005516315,Y,35090,60397
1464345358,2026-05-02T13:40:30Z,2026-05-02T14:56:12Z,75,0.0001991757,Y,41534,22509
1464345292,2026-05-02T13:40:30Z,2026-05-04T15:31:55Z,33,0.001228854,Y,41509,270336
1464176671,2026-05-02T13:49:10Z,2026-05-04T17:57:11Z,603,0.0006261982,Y,54637,64961
1464374127,2026-05-02T13:57:21Z,2026-05-04T05:42:41Z,217,0.0007609424,Y,58429,4598
1464203765,2026-05-02T13:59:19Z,2026-05-04T01:07:49Z,252,0.0001225047,Y,59319,270320
1464207793,2026-05-02T14:00:01Z,2026-05-02T22:19:04Z,138,0.0005516315,Y,60397,35090
1464384057,2026-05-02T14:01:23Z,2026-05-04T20:58:04Z,651,0.0001141404,Y,61812,17974
1464401277,2026-05-02T14:06:25Z,2026-05-04T17:57:11Z,603,0.0006261982,Y,64961,54637
1464241965,2026-05-02T14:59:18Z,2026-05-03T15:11:42Z,3406,,Y,12618,15057
1464242084,2026-05-02T14:59:19Z,2026-05-04T18:15:59Z,4338,,Y,14258,19750
1464242081,2026-05-02T14:59:19Z,2026-05-03T08:28:53Z,2748,,Y,14258,19750
1464242080,2026-05-02T14:59:19Z,2026-05-02T21:13:11Z,3165,,Y,14258,19750
1464242083,2026-05-02T14:59:20Z,2026-05-04T07:00:16Z,3456,,Y,14258,19750
1464242200,2026-05-02T14:59:20Z,2026-05-03T15:11:42Z,3406,,Y,15057,12618
1464242082,2026-05-02T14:59:20Z,2026-05-03T19:44:34Z,2862,,Y,14258,19750
1464242468,2026-05-02T14:59:22Z,2026-05-02T21:13:11Z,3165,,Y,19750,14258
1464242469,2026-05-02T14:59:22Z,2026-05-03T08:28:53Z,2748,,Y,19750,14258
1464242471,2026-05-02T14:59:22Z,2026-05-04T07:00:16Z,3456,,Y,19750,14258
1464242472,2026-05-02T14:59:22Z,2026-05-04T18:15:59Z,4338,,Y,19750,14258
1464242470,2026-05-02T14:59:22Z,2026-05-03T19:44:34Z,2862,,Y,19750,14258
1464242729,2026-05-02T14:59:24Z,2026-05-02T23:06:17Z,3492,,Y,23205,23398
1464242734,2026-05-02T14:59:24Z,2026-05-05T07:24:59Z,2941,,Y,23205,23398
1464242732,2026-05-02T14:59:24Z,2026-05-04T08:53:30Z,3317,,Y,23205,23398
1464242730,2026-05-02T14:59:24Z,2026-05-03T10:22:01Z,3512,,Y,23205,23398
1464242937,2026-05-02T14:59:25Z,2026-05-04T20:09:14Z,3131,,Y,23398,23205
1464242938,2026-05-02T14:59:25Z,2026-05-05T07:24:59Z,2941,,Y,23398,23205
1464242934,2026-05-02T14:59:25Z,2026-05-03T10:22:01Z,3512,,Y,23398,23205
1464242731,2026-05-02T14:59:26Z,2026-05-03T21:37:46Z,3472,,Y,23205,23398
1464242733,2026-05-02T14:59:26Z,2026-05-04T20:09:14Z,3131,,Y,23205,23398
1464242936,2026-05-02T14:59:27Z,2026-05-04T08:53:30Z,3317,,Y,23398,23205
1464242933,2026-05-02T14:59:28Z,2026-05-02T23:06:17Z,3492,,Y,23398,23205
1464242935,2026-05-02T14:59:29Z,2026-05-03T21:37:46Z,3472,,Y,23398,23205
1464687854,2026-05-02T20:27:52Z,2026-05-04T07:00:16Z,3404,,Y,14258,19750
1464687852,2026-05-02T20:27:52Z,2026-05-03T08:28:52Z,2764,,Y,14258,19750
1464687748,2026-05-02T20:27:52Z,2026-05-03T15:11:42Z,3172,,Y,12618,15057
1464687853,2026-05-02T20:27:53Z,2026-05-03T19:44:34Z,2845,,Y,14258,19750
1464687855,2026-05-02T20:27:53Z,2026-05-04T18:15:58Z,4257,,Y,14258,19750
1464687851,2026-05-02T20:27:53Z,2026-05-02T21:13:11Z,3197,,Y,14258,19750
1464687962,2026-05-02T20:27:54Z,2026-05-03T15:11:42Z,3172,,Y,15057,12618
1464688221,2026-05-02T20:27:57Z,2026-05-02T21:13:11Z,3197,,Y,19750,14258
1464688224,2026-05-02T20:27:57Z,2026-05-04T07:00:16Z,3404,,Y,19750,14258
1464688223,2026-05-02T20:27:57Z,2026-05-03T19:44:34Z,2845,,Y,19750,14258
1464688222,2026-05-02T20:27:58Z,2026-05-03T08:28:52Z,2764,,Y,19750,14258
1464688225,2026-05-02T20:27:59Z,2026-05-04T18:15:58Z,4257,,Y,19750,14258
1464688479,2026-05-02T20:28:01Z,2026-05-04T20:09:14Z,2936,,Y,23205,23398
1464688478,2026-05-02T20:28:01Z,2026-05-04T08:53:30Z,3109,,Y,23205,23398
1464688477,2026-05-02T20:28:01Z,2026-05-03T21:37:46Z,3261,,Y,23205,23398
1464688475,2026-05-02T20:28:01Z,2026-05-02T23:06:17Z,3292,,Y,23205,23398
1464688481,2026-05-02T20:28:02Z,2026-05-05T18:40:43Z,2743,,Y,23205,23398
1464688480,2026-05-02T20:28:02Z,2026-05-05T07:24:59Z,2772,,Y,23205,23398
1464688476,2026-05-02T20:28:02Z,2026-05-03T10:22:01Z,3305,,Y,23205,23398
1464688676,2026-05-02T20:28:04Z,2026-05-02T23:06:17Z,3292,,Y,23398,23205
1464688679,2026-05-02T20:28:04Z,2026-05-04T08:53:30Z,3109,,Y,23398,23205
1464688682,2026-05-02T20:28:04Z,2026-05-05T18:40:43Z,2743,,Y,23398,23205
1464688681,2026-05-02T20:28:04Z,2026-05-05T07:24:59Z,2772,,Y,23398,23205
1464688678,2026-05-02T20:28:04Z,2026-05-03T21:37:46Z,3261,,Y,23398,23205
1464688677,2026-05-02T20:28:04Z,2026-05-03T10:22:01Z,3305,,Y,23398,23205
1464688680,2026-05-02T20:28:05Z,2026-05-04T20:09:14Z,2936,,Y,23398,23205
1464690508,2026-05-02T20:28:29Z,2026-05-05T15:06:31Z,4769,,Y,39774,44116
1464691030,2026-05-02T20:28:36Z,2026-05-05T15:06:31Z,4769,,Y,44116,39774
1464700268,2026-05-02T21:45:54Z,2026-05-05T16:39:16Z,510,0.0003592142,Y,2671,30242
1464700985,2026-05-02T21:46:02Z,2026-05-04T05:42:41Z,317,0.0007933437,Y,4598,58429
1464701613,2026-05-02T21:46:12Z,2026-05-05T01:21:06Z,272,0.0001044087,Y,6271,10706
1464701945,2026-05-02T21:46:14Z,2026-05-05T17:46:17Z,172,0.0001063956,Y,8299,17528
1464701871,2026-05-02T21:46:16Z,2026-05-04T00:28:50Z,237,0.0003074947,Y,7559,12642
1464701858,2026-05-02T21:46:16Z,2026-05-05T13:35:46Z,775,0.0001773895,Y,7363,30715
1464702594,2026-05-02T21:46:22Z,2026-05-05T01:21:06Z,272,0.0001044087,Y,10706,6271
1464702619,2026-05-02T21:46:23Z,2026-05-04T12:06:24Z,114,0.000215559,Y,10877,35156
1464703041,2026-05-02T21:46:27Z,2026-05-04T00:28:50Z,237,0.0003074947,Y,12642,7559
1464703172,2026-05-02T21:46:28Z,2026-05-05T00:10:27Z,529,0.0004707581,Y,12792,31228
1464704536,2026-05-02T21:46:45Z,2026-05-03T10:33:01Z,136,0.0001108881,Y,14612,26002
1464704773,2026-05-02T21:46:47Z,2026-05-03T16:22:25Z,249,0.0002415021,Y,15471,270345
1464704767,2026-05-02T21:46:47Z,2026-05-05T19:01:05Z,181,0.0004117195,Y,15292,270169
1464705330,2026-05-02T21:46:54Z,2026-05-05T17:46:17Z,172,0.0001063956,Y,17528,8299
1464705341,2026-05-02T21:46:54Z,2026-05-05T15:36:50Z,68,0.002022469,Y,17582,44575
1464706787,2026-05-02T21:47:11Z,2026-05-04T05:11:32Z,144,0.0006278163,Y,20443,31261
1464707976,2026-05-02T21:47:22Z,2026-05-05T03:21:51Z,95,0.0002405626,Y,22367,31980
1464979551,2026-05-02T21:47:43Z,2026-05-03T10:33:01Z,136,0.0001108881,Y,26002,14612
1464710783,2026-05-02T21:47:43Z,2026-05-03T10:33:01Z,136,0.0001108881,Y,26002,14612
1464712195,2026-05-02T21:48:00Z,2026-05-02T23:47:58Z,146,0.0005660796,Y,27840,48616
1464713972,2026-05-02T21:48:23Z,2026-05-04T20:31:55Z,581,0.0001232562,Y,29784,31085
1464982740,2026-05-02T21:48:23Z,2026-05-04T20:31:55Z,581,0.0001232562,Y,29784,31085
1464983636,2026-05-02T21:48:30Z,2026-05-05T16:39:16Z,510,0.0003592142,Y,30242,2671
1464714868,2026-05-02T21:48:30Z,2026-05-05T16:39:16Z,510,0.0003592142,Y,30242,2671
1464984704,2026-05-02T21:48:40Z,2026-05-05T13:35:46Z,775,0.0001773895,Y,30715,7363
1464715936,2026-05-02T21:48:40Z,2026-05-05T13:35:46Z,775,0.0001773895,Y,30715,7363
1464716767,2026-05-02T21:48:48Z,2026-05-04T20:31:55Z,581,0.0001232562,Y,31085,29784
1464985535,2026-05-02T21:48:48Z,2026-05-04T20:31:55Z,581,0.0001232562,Y,31085,29784
1464717220,2026-05-02T21:48:52Z,2026-05-04T05:11:32Z,144,0.0006278163,Y,31261,20443
1464985988,2026-05-02T21:48:52Z,2026-05-04T05:11:32Z,144,0.0006278163,Y,31261,20443
1464717137,2026-05-02T21:48:52Z,2026-05-05T00:10:27Z,529,0.0004707581,Y,31228,12792
1464985905,2026-05-02T21:48:52Z,2026-05-05T00:10:27Z,529,0.0004707581,Y,31228,12792
1464719331,2026-05-02T21:49:15Z,2026-05-05T03:21:51Z,95,0.0002405626,Y,31980,22367
1464988099,2026-05-02T21:49:15Z,2026-05-05T03:21:51Z,95,0.0002405626,Y,31980,22367
1464989876,2026-05-02T21:49:32Z,2026-05-03T18:42:58Z,46,0.000149136,Y,33690,33798
1464731108,2026-05-02T21:49:32Z,2026-05-03T18:42:58Z,46,0.000149136,Y,33690,33798
1464731342,2026-05-02T21:49:35Z,2026-05-03T18:42:58Z,46,0.000149136,Y,33798,33690
1464990110,2026-05-02T21:49:35Z,2026-05-03T18:42:58Z,46,0.000149136,Y,33798,33690
1464992498,2026-05-02T21:50:00Z,2026-05-02T22:19:04Z,85,0.0007323276,Y,35090,60397
1464733730,2026-05-02T21:50:00Z,2026-05-02T22:19:04Z,85,0.0007323276,Y,35090,60397
1464992575,2026-05-02T21:50:01Z,2026-05-04T12:06:24Z,114,0.000215559,Y,35156,10877
1464733807,2026-05-02T21:50:01Z,2026-05-04T12:06:24Z,114,0.000215559,Y,35156,10877
1465085706,2026-05-02T21:52:02Z,2026-05-04T15:31:55Z,52,0.001105249,Y,41509,270336
1464726824,2026-05-02T21:52:02Z,2026-05-04T15:31:55Z,52,0.001105249,Y,41509,270336
1465086843,2026-05-02T21:52:11Z,2026-05-03T02:11:20Z,136,0.0001540772,Y,42334,89261
1464727939,2026-05-02T21:52:11Z,2026-05-03T02:11:20Z,136,0.0001540772,Y,42334,89261
1465135151,2026-05-02T21:53:15Z,2026-05-05T15:36:50Z,68,0.002022469,Y,44575,17582
1464754880,2026-05-02T21:53:15Z,2026-05-05T15:36:50Z,68,0.002022469,Y,44575,17582
1465068252,2026-05-02T21:53:56Z,2026-05-02T23:47:58Z,146,0.0005660796,Y,48616,27840
1464739555,2026-05-02T21:53:56Z,2026-05-02T23:47:58Z,146,0.0005660796,Y,48616,27840
1464747010,2026-05-02T21:54:58Z,2026-05-04T17:57:11Z,764,0.0002530077,Y,54637,64961
1465075707,2026-05-02T21:54:58Z,2026-05-04T17:57:11Z,764,0.0002530077,Y,54637,64961
1465126200,2026-05-02T21:58:35Z,2026-05-04T05:42:41Z,317,0.0007933437,Y,58429,4598
1464776210,2026-05-02T21:58:35Z,2026-05-04T05:42:41Z,317,0.0007933437,Y,58429,4598
1464784171,2026-05-02T21:59:50Z,2026-05-04T01:07:49Z,178,0.0001255414,Y,59319,270320
1465042868,2026-05-02T21:59:50Z,2026-05-04T01:07:49Z,178,0.0001255414,Y,59319,270320
1465046878,2026-05-02T22:00:34Z,2026-05-02T22:19:04Z,85,0.0007323276,Y,60397,35090
1464788181,2026-05-02T22:00:34Z,2026-05-02T22:19:04Z,85,0.0007323276,Y,60397,35090
1464823910,2026-05-02T22:06:30Z,2026-05-04T17:57:11Z,764,0.0002530077,Y,64961,54637
1465052607,2026-05-02T22:06:30Z,2026-05-04T17:57:11Z,764,0.0002530077,Y,64961,54637
1465158490,2026-05-03T03:58:22Z,2026-05-03T15:11:42Z,3067,,Y,12618,15057
1465158651,2026-05-03T03:58:24Z,2026-05-03T08:28:52Z,2764,,Y,14258,19750
1465158654,2026-05-03T03:58:24Z,2026-05-04T18:15:58Z,4257,,Y,14258,19750
1465158653,2026-05-03T03:58:24Z,2026-05-04T07:00:16Z,3404,,Y,14258,19750
1465158652,2026-05-03T03:58:24Z,2026-05-03T19:44:34Z,2845,,Y,14258,19750
1465158765,2026-05-03T03:58:25Z,2026-05-03T15:11:42Z,3067,,Y,15057,12618
1465159060,2026-05-03T03:58:28Z,2026-05-04T07:00:16Z,3404,,Y,19750,14258
1465159059,2026-05-03T03:58:28Z,2026-05-03T19:44:34Z,2845,,Y,19750,14258
1465159058,2026-05-03T03:58:28Z,2026-05-03T08:28:52Z,2764,,Y,19750,14258
1465159061,2026-05-03T03:58:28Z,2026-05-04T18:15:58Z,4257,,Y,19750,14258
1465159389,2026-05-03T03:58:32Z,2026-05-05T07:24:59Z,2772,,Y,23205,23398
1465159390,2026-05-03T03:58:32Z,2026-05-05T18:40:43Z,2743,,Y,23205,23398
1465159386,2026-05-03T03:58:32Z,2026-05-03T21:37:46Z,3261,,Y,23205,23398
1465159388,2026-05-03T03:58:32Z,2026-05-04T20:09:14Z,2936,,Y,23205,23398
1465159385,2026-05-03T03:58:32Z,2026-05-03T10:22:01Z,3305,,Y,23205,23398
1465159387,2026-05-03T03:58:32Z,2026-05-04T08:53:30Z,3109,,Y,23205,23398
1465159634,2026-05-03T03:58:35Z,2026-05-03T10:22:01Z,3305,,Y,23398,23205
1465159637,2026-05-03T03:58:35Z,2026-05-04T20:09:14Z,2936,,Y,23398,23205
1465159638,2026-05-03T03:58:35Z,2026-05-05T07:24:59Z,2772,,Y,23398,23205
1465159635,2026-05-03T03:58:35Z,2026-05-03T21:37:46Z,3261,,Y,23398,23205
1465159639,2026-05-03T03:58:35Z,2026-05-05T18:40:43Z,2743,,Y,23398,23205
1465159636,2026-05-03T03:58:35Z,2026-05-04T08:53:30Z,3109,,Y,23398,23205
1465302020,2026-05-03T04:53:49Z,2026-05-05T16:39:16Z,343,0.0004164198,Y,2671,30242
1465302480,2026-05-03T04:53:53Z,2026-05-05T22:42:47Z,421,0.0001932134,Y,4164,30177
1465302697,2026-05-03T04:53:56Z,2026-05-04T05:42:41Z,106,0.001270781,Y,4598,58429
1465303152,2026-05-03T04:54:02Z,2026-05-05T13:39:42Z,997,0.0001437085,Y,5705,82893
1465303537,2026-05-03T04:54:06Z,2026-05-05T13:35:46Z,741,0.0001508132,Y,7363,30715
1465303551,2026-05-03T04:54:06Z,2026-05-04T00:28:50Z,239,0.0003060364,Y,7559,12642
1465303623,2026-05-03T04:54:08Z,2026-05-05T17:46:17Z,585,0.0001496444,Y,8299,17528
1465304405,2026-05-03T04:54:16Z,2026-05-04T13:37:20Z,210,0.0001209097,Y,12169,37622
1465304240,2026-05-03T04:54:17Z,2026-05-04T12:06:24Z,129,0.0001924897,Y,10877,35156
1465304750,2026-05-03T04:54:19Z,2026-05-05T22:31:47Z,211,0.0001447268,Y,12759,22336
1465304650,2026-05-03T04:54:19Z,2026-05-04T00:28:50Z,239,0.0003060364,Y,12642,7559
1465306006,2026-05-03T04:54:36Z,2026-05-06T00:05:15Z,78,0.000366306,Y,14452,41398
1465306356,2026-05-03T04:54:39Z,2026-05-05T19:01:05Z,146,0.000340352,Y,15292,270169
1465306362,2026-05-03T04:54:41Z,2026-05-03T16:22:25Z,228,0.0002474585,Y,15471,270345
1465306955,2026-05-03T04:54:48Z,2026-05-05T15:36:50Z,69,0.002152839,Y,17582,44575
1465306944,2026-05-03T04:54:48Z,2026-05-05T17:46:17Z,585,0.0001496444,Y,17528,8299
1465308320,2026-05-03T04:55:05Z,2026-05-04T05:11:32Z,44,0.001291868,Y,20443,31261
1465309419,2026-05-03T04:55:20Z,2026-05-05T22:31:47Z,211,0.0001447268,Y,22336,12759
1465309446,2026-05-03T04:55:24Z,2026-05-05T03:21:51Z,101,0.0002390209,Y,22367,31980
1465313204,2026-05-03T04:56:06Z,2026-05-04T12:45:54Z,244,0.0006964076,Y,27453,81824
1465313370,2026-05-03T04:56:08Z,2026-05-04T17:40:30Z,505,0.0002830442,Y,27665,82820
1465315974,2026-05-03T04:56:39Z,2026-05-05T22:42:47Z,421,0.0001932134,Y,30177,4164
1465316087,2026-05-03T04:56:42Z,2026-05-05T16:39:16Z,343,0.0004164198,Y,30242,2671
1465317110,2026-05-03T04:56:51Z,2026-05-05T13:35:46Z,741,0.0001508132,Y,30715,7363
1465318318,2026-05-03T04:57:03Z,2026-05-04T05:11:32Z,44,0.001291868,Y,31261,20443
1465320348,2026-05-03T04:57:24Z,2026-05-05T03:21:51Z,101,0.0002390209,Y,31980,22367
1465322161,2026-05-03T04:57:37Z,2026-05-03T18:42:58Z,113,0.0001812654,Y,33690,33798
1465322387,2026-05-03T04:57:38Z,2026-05-03T18:42:58Z,113,0.0001812654,Y,33798,33690
1465324709,2026-05-03T04:58:07Z,2026-05-04T12:06:24Z,129,0.0001924897,Y,35156,10877
1465328875,2026-05-03T04:59:02Z,2026-05-04T13:37:20Z,210,0.0001209097,Y,37622,12169
1465337398,2026-05-03T05:01:14Z,2026-05-06T00:05:15Z,78,0.000366306,Y,41398,14452
1465337584,2026-05-03T05:01:17Z,2026-05-04T15:31:55Z,55,0.001069732,Y,41509,270336
1465345588,2026-05-03T05:02:47Z,2026-05-05T15:36:50Z,69,0.002152839,Y,44575,17582
1465357699,2026-05-03T05:04:51Z,2026-05-04T17:57:11Z,667,0.0001469713,Y,54637,64961
1465366891,2026-05-03T05:14:04Z,2026-05-04T05:42:41Z,106,0.001270781,Y,58429,4598
1465384948,2026-05-03T05:15:36Z,2026-05-04T01:07:49Z,285,0.0001186386,Y,59319,270320
1465611956,2026-05-03T11:16:53Z,2026-05-03T15:11:42Z,3036,,Y,12618,15057
1465612083,2026-05-03T11:16:54Z,2026-05-03T19:44:34Z,2845,,Y,14258,19750
1465612179,2026-05-03T11:16:54Z,2026-05-03T15:11:42Z,3036,,Y,15057,12618
1465612085,2026-05-03T11:16:54Z,2026-05-04T18:15:58Z,4257,,Y,14258,19750
1465612084,2026-05-03T11:16:55Z,2026-05-04T07:00:16Z,3404,,Y,14258,19750
1465612424,2026-05-03T11:16:56Z,2026-05-04T07:00:16Z,3404,,Y,19750,14258
1465612423,2026-05-03T11:16:58Z,2026-05-03T19:44:34Z,2845,,Y,19750,14258
1465612425,2026-05-03T11:16:59Z,2026-05-04T18:15:58Z,4257,,Y,19750,14258
1465612711,2026-05-03T11:17:00Z,2026-05-05T07:24:59Z,2843,,Y,23205,23398
1465612710,2026-05-03T11:17:00Z,2026-05-04T20:09:14Z,3028,,Y,23205,23398
1465612713,2026-05-03T11:17:01Z,2026-05-06T05:56:27Z,2906,,Y,23205,23398
1465612945,2026-05-03T11:17:02Z,2026-05-04T20:09:14Z,3028,,Y,23398,23205
1465612708,2026-05-03T11:17:02Z,2026-05-03T21:37:46Z,3366,,Y,23205,23398
1465612946,2026-05-03T11:17:02Z,2026-05-05T07:24:59Z,2843,,Y,23398,23205
1465612944,2026-05-03T11:17:02Z,2026-05-04T08:53:30Z,3212,,Y,23398,23205
1465612948,2026-05-03T11:17:02Z,2026-05-06T05:56:27Z,2906,,Y,23398,23205
1465612709,2026-05-03T11:17:02Z,2026-05-04T08:53:30Z,3212,,Y,23205,23398
1465612712,2026-05-03T11:17:02Z,2026-05-05T18:40:43Z,2774,,Y,23205,23398
1465612947,2026-05-03T11:17:02Z,2026-05-05T18:40:43Z,2774,,Y,23398,23205
1465612943,2026-05-03T11:17:02Z,2026-05-03T21:37:46Z,3366,,Y,23398,23205
1465614904,2026-05-03T11:17:23Z,2026-05-05T15:06:31Z,4734,,Y,39774,44116
1465615474,2026-05-03T11:17:27Z,2026-05-05T15:06:31Z,4734,,Y,44116,39774
1465683815,2026-05-03T12:05:40Z,2026-05-05T16:39:16Z,144,0.0005990386,Y,2671,30242
1465684273,2026-05-03T12:05:45Z,2026-05-05T22:42:46Z,301,0.0002875487,Y,4164,30177
1465684466,2026-05-03T12:05:49Z,2026-05-04T05:42:41Z,140,0.001606987,Y,4598,58429
1465684927,2026-05-03T12:05:55Z,2026-05-05T13:39:42Z,413,0.0002403938,Y,5705,82893
1465685056,2026-05-03T12:05:56Z,2026-05-05T01:21:06Z,528,0.0002252267,Y,6271,10706
1465685314,2026-05-03T12:06:00Z,2026-05-05T13:35:46Z,597,0.0002113373,Y,7363,30715
1465685326,2026-05-03T12:06:00Z,2026-05-04T00:28:50Z,240,0.0003063027,Y,7559,12642
1465686022,2026-05-03T12:06:09Z,2026-05-05T01:21:06Z,528,0.0002252267,Y,10706,6271
1465686035,2026-05-03T12:06:09Z,2026-05-04T12:06:24Z,48,0.0003194142,Y,10877,35156
1465686439,2026-05-03T12:06:13Z,2026-05-04T00:28:50Z,240,0.0003063027,Y,12642,7559
1465686535,2026-05-03T12:06:15Z,2026-05-05T22:31:47Z,92,0.0002622769,Y,12759,22336
1465687799,2026-05-03T12:06:29Z,2026-05-06T00:05:15Z,407,0.0004693261,Y,14452,41398
1465688128,2026-05-03T12:06:32Z,2026-05-05T19:01:05Z,157,0.0003724764,Y,15292,270169
1465688134,2026-05-03T12:06:32Z,2026-05-03T16:22:25Z,227,0.0002470643,Y,15471,270345
1465688690,2026-05-03T12:06:39Z,2026-05-05T15:36:50Z,88,0.0008243109,Y,17582,44575
1465689018,2026-05-03T12:06:43Z,2026-05-05T02:14:01Z,912,0.0001870845,Y,18232,22827
1465690061,2026-05-03T12:06:57Z,2026-05-04T05:11:32Z,194,0.001343956,Y,20443,31261
1465691109,2026-05-03T12:07:11Z,2026-05-05T22:31:47Z,92,0.0002622769,Y,22336,12759
1465691139,2026-05-03T12:07:11Z,2026-05-05T03:21:51Z,108,0.0002073029,Y,22367,31980
1465691446,2026-05-03T12:07:16Z,2026-05-05T02:14:01Z,912,0.0001870845,Y,22827,18232
1465694041,2026-05-03T12:07:50Z,2026-05-04T12:45:54Z,87,0.0008333421,Y,27453,81824
1465696010,2026-05-03T12:08:17Z,2026-05-04T20:31:55Z,462,0.0001119518,Y,29784,31085
1465696731,2026-05-03T12:08:26Z,2026-05-05T22:42:46Z,301,0.0002875487,Y,30177,4164
1465696845,2026-05-03T12:08:27Z,2026-05-05T16:39:16Z,144,0.0005990386,Y,30242,2671
1465697813,2026-05-03T12:08:39Z,2026-05-05T13:35:46Z,597,0.0002113373,Y,30715,7363
1465698606,2026-05-03T12:08:48Z,2026-05-04T20:31:55Z,462,0.0001119518,Y,31085,29784
1465698976,2026-05-03T12:08:52Z,2026-05-04T05:11:32Z,194,0.001343956,Y,31261,20443
1465701029,2026-05-03T12:09:19Z,2026-05-05T03:21:51Z,108,0.0002073029,Y,31980,22367
1465663613,2026-05-03T12:09:44Z,2026-05-03T18:42:58Z,490,0.0001131197,Y,33690,33798
1465663828,2026-05-03T12:09:47Z,2026-05-03T18:42:58Z,490,0.0001131197,Y,33798,33690
1465666118,2026-05-03T12:10:19Z,2026-05-04T12:06:24Z,48,0.0003194142,Y,35156,10877
1465669538,2026-05-03T12:11:05Z,2026-05-06T02:21:57Z,137,0.0004531479,Y,36923,270121
1465676341,2026-05-03T12:12:25Z,2026-05-06T07:13:30Z,517,0.0008377585,Y,40442,1293
1465677668,2026-05-03T12:12:43Z,2026-05-03T12:22:57Z,446,0.0001554131,Y,41097,270035
1465678742,2026-05-03T12:12:57Z,2026-05-06T00:05:15Z,407,0.0004693261,Y,41398,14452
1465678918,2026-05-03T12:13:00Z,2026-05-04T15:31:55Z,53,0.00110228,Y,41509,270336
1465706871,2026-05-03T12:14:31Z,2026-05-05T15:36:50Z,88,0.0008243109,Y,44575,17582
1465748530,2026-05-03T12:17:00Z,2026-05-04T17:57:11Z,543,0.0003112909,Y,54637,64961
1465717855,2026-05-03T12:21:21Z,2026-05-04T05:42:41Z,140,0.001606987,Y,58429,4598
1465765955,2026-05-03T12:23:10Z,2026-05-04T01:07:49Z,350,0.0001178018,Y,59319,270320
1465799897,2026-05-03T12:31:32Z,2026-05-04T17:57:11Z,543,0.0003112909,Y,64961,54637
1466300533,2026-05-03T20:57:12Z,2026-05-04T18:15:58Z,4257,,Y,14258,19750
1466300532,2026-05-03T20:57:12Z,2026-05-04T07:00:16Z,3404,,Y,14258,19750
1466300848,2026-05-03T20:57:14Z,2026-05-04T18:15:58Z,4257,,Y,19750,14258
1466300847,2026-05-03T20:57:15Z,2026-05-04T07:00:16Z,3404,,Y,19750,14258
1466301111,2026-05-03T20:57:17Z,2026-05-05T18:40:43Z,2774,,Y,23205,23398
1466301113,2026-05-03T20:57:17Z,2026-05-06T17:12:11Z,3272,,Y,23205,23398
1466301109,2026-05-03T20:57:17Z,2026-05-04T20:09:14Z,3028,,Y,23205,23398
1466301107,2026-05-03T20:57:18Z,2026-05-03T21:37:46Z,3366,,Y,23205,23398
1466301112,2026-05-03T20:57:19Z,2026-05-06T05:56:27Z,2906,,Y,23205,23398
1466301110,2026-05-03T20:57:19Z,2026-05-05T07:24:59Z,2843,,Y,23205,23398
1466301108,2026-05-03T20:57:19Z,2026-05-04T08:53:30Z,3212,,Y,23205,23398
1466301345,2026-05-03T20:57:20Z,2026-05-04T20:09:14Z,3028,,Y,23398,23205
1466301347,2026-05-03T20:57:20Z,2026-05-05T18:40:43Z,2774,,Y,23398,23205
1466301346,2026-05-03T20:57:20Z,2026-05-05T07:24:59Z,2843,,Y,23398,23205
1466301343,2026-05-03T20:57:20Z,2026-05-03T21:37:46Z,3366,,Y,23398,23205
1466301348,2026-05-03T20:57:20Z,2026-05-06T05:56:27Z,2906,,Y,23398,23205
1466301344,2026-05-03T20:57:20Z,2026-05-04T08:53:30Z,3212,,Y,23398,23205
1466301349,2026-05-03T20:57:21Z,2026-05-06T17:12:11Z,3272,,Y,23398,23205
1466303215,2026-05-03T20:57:39Z,2026-05-05T15:06:31Z,4693,,Y,39774,44116
1466303715,2026-05-03T20:57:45Z,2026-05-05T15:06:31Z,4693,,Y,44116,39774
1466693800,2026-05-04T04:01:22Z,2026-05-04T18:15:58Z,4257,,Y,14258,19750
1466693799,2026-05-04T04:01:22Z,2026-05-04T07:00:16Z,3404,,Y,14258,19750
1466694192,2026-05-04T04:01:26Z,2026-05-04T18:15:58Z,4257,,Y,19750,14258
1466694191,2026-05-04T04:01:26Z,2026-05-04T07:00:16Z,3404,,Y,19750,14258
1466694505,2026-05-04T04:01:28Z,2026-05-05T18:40:43Z,2645,,Y,23205,23398
1466694507,2026-05-04T04:01:28Z,2026-05-06T17:12:11Z,3448,,Y,23205,23398
1466694502,2026-05-04T04:01:28Z,2026-05-04T08:53:30Z,2819,,Y,23205,23398
1466694503,2026-05-04T04:01:28Z,2026-05-04T20:09:14Z,2677,,Y,23205,23398
1466694504,2026-05-04T04:01:28Z,2026-05-05T07:24:59Z,2575,,Y,23205,23398
1466694749,2026-05-04T04:01:31Z,2026-05-04T20:09:14Z,2677,,Y,23398,23205
1466694506,2026-05-04T04:01:31Z,2026-05-06T05:56:27Z,2934,,Y,23205,23398
1466694750,2026-05-04T04:01:32Z,2026-05-05T07:24:59Z,2575,,Y,23398,23205
1466694748,2026-05-04T04:01:33Z,2026-05-04T08:53:30Z,2819,,Y,23398,23205
1466694753,2026-05-04T04:01:34Z,2026-05-06T17:12:11Z,3448,,Y,23398,23205
1466694751,2026-05-04T04:01:34Z,2026-05-05T18:40:43Z,2645,,Y,23398,23205
1466694752,2026-05-04T04:01:34Z,2026-05-06T05:56:27Z,2934,,Y,23398,23205
1466711532,2026-05-04T04:51:16Z,2026-05-06T19:35:17Z,348,0.0003668451,Y,2622,30942
1466712213,2026-05-04T04:51:22Z,2026-05-04T05:42:41Z,94,0.001934373,Y,4598,58429
1466712728,2026-05-04T04:51:26Z,2026-05-05T13:39:42Z,921,0.0002524977,Y,5705,82893
1466712805,2026-05-04T04:51:27Z,2026-05-07T02:55:56Z,472,0.000273753,Y,5907,45312
1466713836,2026-05-04T04:51:37Z,2026-05-04T12:06:24Z,47,0.0003073705,Y,10877,35156
1466714310,2026-05-04T04:51:40Z,2026-05-06T17:26:12Z,160,0.0003210687,Y,12724,30077
1466714354,2026-05-04T04:51:40Z,2026-05-05T22:31:47Z,127,0.0002190083,Y,12759,22336
1466715604,2026-05-04T04:51:49Z,2026-05-06T00:05:15Z,61,0.0009088256,Y,14452,41398
1466715904,2026-05-04T04:51:52Z,2026-05-05T19:01:05Z,152,0.0002985318,Y,15292,270169
1466716142,2026-05-04T04:51:54Z,2026-05-06T11:27:05Z,154,0.0002175166,Y,16719,53817
1466716543,2026-05-04T04:51:57Z,2026-05-05T15:36:50Z,42,0.002856874,Y,17582,44575
1466718832,2026-05-04T04:52:17Z,2026-05-06T19:55:14Z,489,0.0001199844,Y,22006,37284
1466718926,2026-05-04T04:52:18Z,2026-05-05T22:31:47Z,127,0.0002190083,Y,22336,12759
1466718963,2026-05-04T04:52:20Z,2026-05-05T03:21:51Z,97,0.0002750428,Y,22367,31980
1466720191,2026-05-04T04:52:27Z,2026-05-07T00:51:45Z,172,0.0008285254,Y,25077,60692
1466720492,2026-05-04T04:52:29Z,2026-05-07T01:33:32Z,374,0.0001028785,Y,25634,36858
1466721907,2026-05-04T04:52:39Z,2026-05-04T12:45:54Z,236,0.0009464159,Y,27453,81824
1466721613,2026-05-04T04:52:41Z,2026-05-04T23:32:32Z,554,0.0001564689,Y,26703,34486
1466722452,2026-05-04T04:52:43Z,2026-05-06T05:24:40Z,98,0.0001701888,Y,28255,54425
1466723177,2026-05-04T04:52:47Z,2026-05-06T14:26:26Z,321,0.0001076755,Y,28993,55521
1466723982,2026-05-04T04:52:57Z,2026-05-07T00:19:54Z,78,0.0001018547,Y,29801,37671
1466724473,2026-05-04T04:52:58Z,2026-05-06T17:26:12Z,160,0.0003210687,Y,30077,12724
1466726367,2026-05-04T04:53:16Z,2026-05-06T19:35:17Z,348,0.0003668451,Y,30942,2622
1466728822,2026-05-04T04:53:34Z,2026-05-04T04:08:00Z,47,0.0004223939,Y,31888,31727
1466728493,2026-05-04T04:53:34Z,2026-05-04T04:08:00Z,47,0.0004223939,Y,31727,31888
1466729048,2026-05-04T04:53:38Z,2026-05-05T03:21:51Z,97,0.0002750428,Y,31980,22367
1466732848,2026-05-04T04:54:01Z,2026-05-04T13:46:30Z,114,0.0001384727,Y,34159,61371
1466733285,2026-05-04T04:54:04Z,2026-05-04T23:32:32Z,554,0.0001564689,Y,34486,26703
1466734218,2026-05-04T04:54:11Z,2026-05-04T12:06:24Z,47,0.0003073705,Y,35156,10877
1466737680,2026-05-04T04:54:35Z,2026-05-06T02:21:58Z,158,0.0003633817,Y,36923,270121
1466737569,2026-05-04T04:54:35Z,2026-05-07T01:33:32Z,374,0.0001028785,Y,36858,25634
1466738080,2026-05-04T04:54:39Z,2026-05-06T19:55:14Z,489,0.0001199844,Y,37284,22006
1466738514,2026-05-04T04:54:42Z,2026-05-07T00:19:54Z,78,0.0001018547,Y,37671,29801
1466746998,2026-05-04T04:55:44Z,2026-05-06T00:05:15Z,61,0.0009088256,Y,41398,14452
1466754980,2026-05-04T04:56:48Z,2026-05-05T15:36:50Z,42,0.002856874,Y,44575,17582
1466754973,2026-05-04T04:56:50Z,2026-05-06T15:57:21Z,120,0.002001112,Y,44549,270170
1466755823,2026-05-04T04:56:56Z,2026-05-07T02:55:56Z,472,0.000273753,Y,45312,5907
1466764862,2026-05-04T04:58:10Z,2026-05-06T11:27:05Z,154,0.0002175166,Y,53817,16719
1466766316,2026-05-04T04:58:17Z,2026-05-06T05:24:40Z,98,0.0001701888,Y,54425,28255
1466770828,2026-05-04T04:58:52Z,2026-05-06T14:26:26Z,321,0.0001076755,Y,55521,28993
1467147768,2026-05-04T11:11:13Z,2026-05-04T18:15:58Z,4257,,Y,14258,19750
1467148109,2026-05-04T11:11:16Z,2026-05-04T18:15:58Z,4257,,Y,19750,14258
1467148406,2026-05-04T11:11:19Z,2026-05-05T18:40:43Z,2638,,Y,23205,23398
1467148409,2026-05-04T11:11:19Z,2026-05-07T04:27:56Z,4099,,Y,23205,23398
1467148405,2026-05-04T11:11:19Z,2026-05-05T07:24:59Z,2570,,Y,23205,23398
1467148404,2026-05-04T11:11:19Z,2026-05-04T20:09:14Z,2674,,Y,23205,23398
1467148408,2026-05-04T11:11:19Z,2026-05-06T17:12:11Z,3441,,Y,23205,23398
1467148617,2026-05-04T11:11:20Z,2026-05-06T17:12:11Z,3441,,Y,23398,23205
1467148407,2026-05-04T11:11:20Z,2026-05-06T05:56:27Z,2927,,Y,23205,23398
1467148615,2026-05-04T11:11:20Z,2026-05-05T18:40:43Z,2638,,Y,23398,23205
1467148793,2026-05-04T11:11:22Z,2026-05-07T09:55:51Z,3464,,Y,25491,46852
1467148618,2026-05-04T11:11:22Z,2026-05-07T04:27:56Z,4099,,Y,23398,23205
1467148614,2026-05-04T11:11:22Z,2026-05-05T07:24:59Z,2570,,Y,23398,23205
1467148616,2026-05-04T11:11:22Z,2026-05-06T05:56:27Z,2927,,Y,23398,23205
1467148613,2026-05-04T11:11:23Z,2026-05-04T20:09:14Z,2674,,Y,23398,23205
1467149679,2026-05-04T11:11:29Z,2026-05-06T21:01:21Z,2330,,Y,32398,42944
1467150601,2026-05-04T11:11:36Z,2026-05-05T15:06:31Z,4686,,Y,39774,44116
1467151141,2026-05-04T11:11:40Z,2026-05-05T15:06:31Z,4686,,Y,44116,39774
1467151009,2026-05-04T11:11:42Z,2026-05-06T21:01:21Z,2330,,Y,42944,32398
1467151685,2026-05-04T11:11:42Z,2026-05-07T09:55:51Z,3464,,Y,46852,25491
1467158020,2026-05-04T12:02:34Z,2026-05-06T19:35:17Z,548,0.0002767203,Y,2622,30942
1467159226,2026-05-04T12:02:49Z,2026-05-07T02:55:56Z,364,0.0004042413,Y,5907,45312
1467160208,2026-05-04T12:03:02Z,2026-05-04T12:06:24Z,51,0.0002817758,Y,10877,35156
1467160684,2026-05-04T12:03:09Z,2026-05-06T17:26:12Z,296,0.0001938054,Y,12724,30077
1467160723,2026-05-04T12:03:10Z,2026-05-05T22:31:47Z,165,0.0001193939,Y,12759,22336
1467161480,2026-05-04T12:03:20Z,2026-05-06T19:49:02Z,486,0.0002141869,Y,13807,17303
1467161984,2026-05-04T12:03:27Z,2026-05-06T00:05:15Z,254,0.001090372,Y,14452,41398
1467162278,2026-05-04T12:03:31Z,2026-05-05T19:01:05Z,142,0.0002552931,Y,15292,270169
1467162506,2026-05-04T12:03:34Z,2026-05-06T11:27:07Z,763,0.0004152628,Y,16719,53817
1467162816,2026-05-04T12:03:40Z,2026-05-06T19:49:02Z,486,0.0002141869,Y,17303,13807
1467162855,2026-05-04T12:03:43Z,2026-05-05T15:36:50Z,41,0.002090135,Y,17582,44575
1467164763,2026-05-04T12:04:11Z,2026-05-07T02:30:56Z,930,0.0005727491,Y,21014,30501
1467165058,2026-05-04T12:04:14Z,2026-05-06T19:55:14Z,371,0.0001332545,Y,22006,37284
1467165137,2026-05-04T12:04:16Z,2026-05-05T22:31:47Z,165,0.0001193939,Y,22336,12759
1467165175,2026-05-04T12:04:16Z,2026-05-05T03:21:51Z,94,0.0002740202,Y,22367,31980
1467166319,2026-05-04T12:04:32Z,2026-05-04T12:46:47Z,277,0.0001043201,Y,24980,42671
1467251681,2026-05-04T12:04:55Z,2026-05-05T05:21:42Z,393,0.000183052,Y,27002,270307
1467251823,2026-05-04T12:04:57Z,2026-05-04T12:45:54Z,207,0.001107401,Y,27453,81824
1467253846,2026-05-04T12:05:25Z,2026-05-07T00:19:54Z,121,0.0001136692,Y,29801,37671
1467254254,2026-05-04T12:05:30Z,2026-05-07T05:25:08Z,290,0.0001770733,Y,30037,42231
1467254309,2026-05-04T12:05:32Z,2026-05-06T17:26:12Z,296,0.0001938054,Y,30077,12724
1467255094,2026-05-04T12:05:42Z,2026-05-07T02:30:56Z,930,0.0005727491,Y,30501,21014
1467256163,2026-05-04T12:05:57Z,2026-05-06T19:35:17Z,548,0.0002767203,Y,30942,2622
1467258701,2026-05-04T12:06:31Z,2026-05-05T03:21:51Z,94,0.0002740202,Y,31980,22367
1467263152,2026-05-04T12:07:33Z,2026-05-04T12:06:24Z,51,0.0002817758,Y,35156,10877
1467266556,2026-05-04T12:08:17Z,2026-05-06T02:21:58Z,171,0.0002199246,Y,36923,270121
1467266948,2026-05-04T12:08:22Z,2026-05-06T19:55:14Z,371,0.0001332545,Y,37284,22006
1467267374,2026-05-04T12:08:28Z,2026-05-07T00:19:54Z,121,0.0001136692,Y,37671,29801
1467294112,2026-05-04T12:14:08Z,2026-05-06T11:27:07Z,763,0.0004152628,Y,53817,16719
1467271096,2026-05-04T12:17:48Z,2026-05-07T05:43:19Z,105,0.0001029127,Y,57542,56276
1467201717,2026-05-04T12:23:07Z,2026-05-06T15:26:55Z,83,0.0001313921,Y,61318,270089
1467694777,2026-05-04T20:56:41Z,2026-05-07T13:29:11Z,2337,,Y,7392,22557
1467695595,2026-05-04T20:56:51Z,2026-05-07T04:27:56Z,4115,,Y,23205,23398
1467695529,2026-05-04T20:56:51Z,2026-05-07T13:29:11Z,2337,,Y,22557,7392
1467695593,2026-05-04T20:56:52Z,2026-05-06T05:56:27Z,2924,,Y,23205,23398
1467695594,2026-05-04T20:56:52Z,2026-05-06T17:12:11Z,3448,,Y,23205,23398
1467695592,2026-05-04T20:56:52Z,2026-05-05T18:40:43Z,2624,,Y,23205,23398
1467695596,2026-05-04T20:56:52Z,2026-05-07T15:43:40Z,4829,,Y,23205,23398
1467695591,2026-05-04T20:56:52Z,2026-05-05T07:24:59Z,2546,,Y,23205,23398
1467695824,2026-05-04T20:56:55Z,2026-05-07T04:27:56Z,4115,,Y,23398,23205
1467695820,2026-05-04T20:56:55Z,2026-05-05T07:24:59Z,2546,,Y,23398,23205
1467695825,2026-05-04T20:56:55Z,2026-05-07T15:43:40Z,4829,,Y,23398,23205
1467695821,2026-05-04T20:56:56Z,2026-05-05T18:40:43Z,2624,,Y,23398,23205
1467695822,2026-05-04T20:56:56Z,2026-05-06T05:56:27Z,2924,,Y,23398,23205
1467695823,2026-05-04T20:56:56Z,2026-05-06T17:12:11Z,3448,,Y,23398,23205
1467695999,2026-05-04T20:56:58Z,2026-05-07T09:55:51Z,3358,,Y,25491,46852
1467696873,2026-05-04T20:57:11Z,2026-05-06T21:01:21Z,2857,,Y,32398,42944
1467697713,2026-05-04T20:57:21Z,2026-05-05T15:06:31Z,4776,,Y,39774,44116
1467698903,2026-05-04T20:57:27Z,2026-05-06T21:01:21Z,2857,,Y,42944,32398
1467700556,2026-05-04T20:57:29Z,2026-05-05T15:06:31Z,4776,,Y,44116,39774
1467700666,2026-05-04T20:57:30Z,2026-05-07T09:55:51Z,3358,,Y,46852,25491
1467764802,2026-05-04T22:18:09Z,2026-05-06T19:35:17Z,581,0.0002580952,Y,2622,30942
1467766089,2026-05-04T22:18:22Z,2026-05-07T02:55:56Z,495,0.000231579,Y,5907,45312
1467767712,2026-05-04T22:18:37Z,2026-05-06T17:26:12Z,159,0.0003365555,Y,12724,30077
1467769013,2026-05-04T22:18:50Z,2026-05-06T00:05:15Z,31,0.002828416,Y,14452,41398
1467769326,2026-05-04T22:18:53Z,2026-05-05T19:01:05Z,150,0.0003313614,Y,15292,270169
1467769597,2026-05-04T22:18:55Z,2026-05-06T11:27:06Z,12,0.0006493395,Y,16719,53817
1467772285,2026-05-04T22:19:19Z,2026-05-06T19:55:14Z,505,0.0001215396,Y,22006,37284
1467772406,2026-05-04T22:19:19Z,2026-05-05T03:21:51Z,96,0.0002869002,Y,22367,31980
1467773614,2026-05-04T22:19:29Z,2026-05-07T00:51:45Z,209,0.0004551103,Y,25077,60692
1467773541,2026-05-04T22:19:29Z,2026-05-06T08:43:23Z,533,0.0001123239,Y,24926,55196
1467773954,2026-05-04T22:19:32Z,2026-05-07T01:33:32Z,376,0.0001168165,Y,25634,36858
1467773968,2026-05-04T22:19:32Z,2026-05-05T23:29:40Z,954,0.0001856694,Y,25635,54892
1467805387,2026-05-04T22:19:47Z,2026-05-05T05:21:42Z,397,0.0001781737,Y,27002,270307
1467807822,2026-05-04T22:20:08Z,2026-05-07T00:19:54Z,58,0.0001562286,Y,29801,37671
1467808018,2026-05-04T22:20:09Z,2026-05-06T10:17:07Z,231,0.0001448362,Y,29892,55882
1467808306,2026-05-04T22:20:12Z,2026-05-06T17:26:12Z,159,0.0003365555,Y,30077,12724
1467810293,2026-05-04T22:20:29Z,2026-05-06T19:35:17Z,581,0.0002580952,Y,30942,2622
1467813052,2026-05-04T22:20:57Z,2026-05-05T03:21:51Z,96,0.0002869002,Y,31980,22367
1467780253,2026-05-04T22:22:00Z,2026-05-07T21:18:05Z,628,0.0001215505,Y,36092,270162
1467781841,2026-05-04T22:22:15Z,2026-05-07T01:33:32Z,376,0.0001168165,Y,36858,25634
1467781956,2026-05-04T22:22:18Z,2026-05-06T02:21:58Z,161,0.0006884549,Y,36923,270121
1467782355,2026-05-04T22:22:21Z,2026-05-06T19:55:14Z,505,0.0001215396,Y,37284,22006
1467782796,2026-05-04T22:22:24Z,2026-05-07T00:19:54Z,58,0.0001562286,Y,37671,29801
1467829976,2026-05-04T22:23:29Z,2026-05-05T02:05:20Z,116,0.0001372977,Y,40996,81343
1467831561,2026-05-04T22:23:40Z,2026-05-06T00:05:15Z,31,0.002828416,Y,41398,14452
1467790105,2026-05-04T22:24:58Z,2026-05-06T15:57:21Z,132,0.002802367,Y,44549,270170
1467790910,2026-05-04T22:25:06Z,2026-05-07T02:55:56Z,495,0.000231579,Y,45312,5907
1467860125,2026-05-04T22:26:24Z,2026-05-06T11:27:06Z,12,0.0006493395,Y,53817,16719
1467863216,2026-05-04T22:26:50Z,2026-05-05T23:29:40Z,954,0.0001856694,Y,54892,25635
1467795653,2026-05-04T22:27:09Z,2026-05-06T08:43:23Z,533,0.0001123239,Y,55196,24926
1467797020,2026-05-04T22:27:19Z,2026-05-06T10:17:07Z,231,0.0001448362,Y,55882,29892
1467798652,2026-05-04T22:27:34Z,2026-05-07T05:43:19Z,110,0.0002316684,Y,56276,57542
1467867451,2026-05-04T22:29:36Z,2026-05-07T05:43:19Z,110,0.0002316684,Y,57542,56276
1467909058,2026-05-04T22:34:46Z,2026-05-07T00:51:45Z,209,0.0004551103,Y,60692,25077
1468258012,2026-05-05T04:00:32Z,2026-05-07T13:29:11Z,2297,,Y,7392,22557
1468258992,2026-05-05T04:00:38Z,2026-05-05T07:24:59Z,2546,,Y,23205,23398
1468258996,2026-05-05T04:00:39Z,2026-05-07T04:27:56Z,4115,,Y,23205,23398
1468258915,2026-05-05T04:00:39Z,2026-05-07T13:29:11Z,2297,,Y,22557,7392
1468258997,2026-05-05T04:00:40Z,2026-05-07T15:43:40Z,4829,,Y,23205,23398
1468258993,2026-05-05T04:00:40Z,2026-05-05T18:40:43Z,2624,,Y,23205,23398
1468258994,2026-05-05T04:00:40Z,2026-05-06T05:56:27Z,2924,,Y,23205,23398
1468259439,2026-05-05T04:00:41Z,2026-05-07T09:55:51Z,3358,,Y,25491,46852
1468258995,2026-05-05T04:00:41Z,2026-05-06T17:12:11Z,3448,,Y,23205,23398
1468260550,2026-05-05T04:00:49Z,2026-05-06T21:01:21Z,2789,,Y,32398,42944
1468261506,2026-05-05T04:00:54Z,2026-05-05T15:06:31Z,4728,,Y,39774,44116
1468261952,2026-05-05T04:00:57Z,2026-05-06T21:01:21Z,2789,,Y,42944,32398
1468262328,2026-05-05T04:01:00Z,2026-05-07T09:55:51Z,3358,,Y,46852,25491
1468262142,2026-05-05T04:01:01Z,2026-05-05T15:06:31Z,4728,,Y,44116,39774
1468408543,2026-05-05T04:54:44Z,2026-05-07T23:16:04Z,34,0.00599134,Y,5917,40404
1468408541,2026-05-05T04:54:44Z,2026-05-07T23:04:51Z,108,0.0008770489,Y,5917,30761
1468411355,2026-05-05T04:55:02Z,2026-05-06T00:05:15Z,89,0.00287827,Y,14452,41398
1468411644,2026-05-05T04:55:06Z,2026-05-05T19:01:05Z,154,0.0003416953,Y,15292,270169
1468411890,2026-05-05T04:55:08Z,2026-05-06T11:27:05Z,212,0.0006786501,Y,16719,53817
1468414441,2026-05-05T04:55:29Z,2026-05-06T19:55:14Z,536,0.0001189034,Y,22006,37284
1468415688,2026-05-05T04:55:38Z,2026-05-07T00:51:45Z,204,0.0002365799,Y,25077,60692
1468416004,2026-05-05T04:55:40Z,2026-05-05T23:29:39Z,683,0.0001491625,Y,25635,54892
1468415990,2026-05-05T04:55:41Z,2026-05-07T01:33:32Z,390,0.0001123848,Y,25634,36858
1468447374,2026-05-05T04:55:53Z,2026-05-05T05:21:42Z,402,0.0001739438,Y,27002,270307
1468448056,2026-05-05T04:55:59Z,2026-05-06T05:24:40Z,43,0.0001241841,Y,28255,54425
1468449966,2026-05-05T04:56:19Z,2026-05-06T10:17:07Z,201,0.0001905694,Y,29892,55882
1468449782,2026-05-05T04:56:20Z,2026-05-07T00:19:54Z,72,0.0001698071,Y,29801,37671
1468450235,2026-05-05T04:56:22Z,2026-05-06T17:26:12Z,153,0.000292152,Y,30077,12724
1468451706,2026-05-05T04:56:34Z,2026-05-07T23:04:51Z,108,0.0008770489,Y,30761,5917
1468451898,2026-05-05T04:56:36Z,2026-05-08T04:54:47Z,153,0.0003799935,Y,30831,270033
1468452158,2026-05-05T04:56:37Z,2026-05-06T19:35:17Z,479,0.0001696279,Y,30942,2622
1468391725,2026-05-05T04:58:04Z,2026-05-07T21:18:05Z,522,0.0001541201,Y,36092,270162
1468393267,2026-05-05T04:58:20Z,2026-05-07T01:33:32Z,390,0.0001123848,Y,36858,25634
1468393379,2026-05-05T04:58:20Z,2026-05-06T02:21:58Z,164,0.000718873,Y,36923,270121
1468393761,2026-05-05T04:58:25Z,2026-05-06T19:55:14Z,536,0.0001189034,Y,37284,22006
1468394192,2026-05-05T04:58:28Z,2026-05-07T00:19:54Z,72,0.0001698071,Y,37671,29801
1468439013,2026-05-05T04:59:39Z,2026-05-08T03:56:11Z,330,0.0002301334,Y,39860,11289
1468440354,2026-05-05T04:59:49Z,2026-05-07T23:16:04Z,34,0.00599134,Y,40404,5917
1468442730,2026-05-05T05:00:09Z,2026-05-06T00:05:15Z,89,0.00287827,Y,41398,14452
1468380901,2026-05-05T05:01:40Z,2026-05-06T15:57:21Z,153,0.003187989,Y,44549,270170
1468382136,2026-05-05T05:01:55Z,2026-05-08T03:22:38Z,191,0.0005440317,Y,45877,53699
1468430734,2026-05-05T05:03:20Z,2026-05-08T03:22:38Z,191,0.0005440317,Y,53699,45877
1468430870,2026-05-05T05:03:22Z,2026-05-06T11:27:05Z,212,0.0006786501,Y,53817,16719
1468432258,2026-05-05T05:03:36Z,2026-05-06T05:24:40Z,43,0.0001241841,Y,54425,28255
1468433790,2026-05-05T05:03:50Z,2026-05-05T23:29:39Z,683,0.0001491625,Y,54892,25635
1468357633,2026-05-05T05:04:30Z,2026-05-06T10:17:07Z,201,0.0001905694,Y,55882,29892
1468358930,2026-05-05T05:04:49Z,2026-05-07T05:43:19Z,113,0.0002062258,Y,56276,57542
1468417891,2026-05-05T05:06:29Z,2026-05-07T05:43:19Z,113,0.0002062258,Y,57542,56276
1468743446,2026-05-05T11:28:02Z,2026-05-07T13:29:11Z,2287,,Y,7392,22557
1468744205,2026-05-05T11:28:10Z,2026-05-07T04:27:56Z,4115,,Y,23205,23398
1468744151,2026-05-05T11:28:10Z,2026-05-07T13:29:11Z,2287,,Y,22557,7392
1468744204,2026-05-05T11:28:10Z,2026-05-06T17:12:11Z,3448,,Y,23205,23398
1468744202,2026-05-05T11:28:10Z,2026-05-05T18:40:43Z,2624,,Y,23205,23398
1468744206,2026-05-05T11:28:10Z,2026-05-07T15:43:40Z,4829,,Y,23205,23398
1468744203,2026-05-05T11:28:11Z,2026-05-06T05:56:27Z,2924,,Y,23205,23398
1468744425,2026-05-05T11:28:13Z,2026-05-06T17:12:11Z,3448,,Y,23398,23205
1468744424,2026-05-05T11:28:13Z,2026-05-06T05:56:27Z,2924,,Y,23398,23205
1468744427,2026-05-05T11:28:13Z,2026-05-07T15:43:40Z,4829,,Y,23398,23205
1468744426,2026-05-05T11:28:13Z,2026-05-07T04:27:56Z,4115,,Y,23398,23205
1468744123,2026-05-05T11:28:13Z,2026-05-08T09:21:52Z,1717,,Y,22061,22089
1468744423,2026-05-05T11:28:13Z,2026-05-05T18:40:43Z,2624,,Y,23398,23205
1468744576,2026-05-05T11:28:15Z,2026-05-07T09:55:51Z,3358,,Y,25491,46852
1468745408,2026-05-05T11:28:23Z,2026-05-06T21:01:21Z,3605,,Y,32398,42944
1468746288,2026-05-05T11:28:30Z,2026-05-05T15:06:31Z,4717,,Y,39774,44116
1468746873,2026-05-05T11:28:34Z,2026-05-06T21:01:21Z,3605,,Y,42944,32398
1468747135,2026-05-05T11:28:41Z,2026-05-05T15:06:31Z,4717,,Y,44116,39774
1468747435,2026-05-05T11:28:43Z,2026-05-07T09:55:51Z,3358,,Y,46852,25491
1468804058,2026-05-05T12:05:43Z,2026-05-06T19:35:17Z,130,0.0007291986,Y,2622,30942
1468804682,2026-05-05T12:05:52Z,2026-05-07T18:27:40Z,206,0.0001596512,Y,4547,35953
1468805285,2026-05-05T12:06:00Z,2026-05-07T23:16:04Z,34,0.003498384,Y,5917,40404
1468805785,2026-05-05T12:06:07Z,2026-05-08T08:38:06Z,125,0.002660353,Y,8799,22502
1468806162,2026-05-05T12:06:13Z,2026-05-08T08:22:46Z,218,0.0007027854,Y,10469,21965
1468806318,2026-05-05T12:06:15Z,2026-05-07T12:45:44Z,165,0.0001129165,Y,11545,12527
1468806614,2026-05-05T12:06:19Z,2026-05-07T12:45:44Z,165,0.0001129165,Y,12527,11545
1468806603,2026-05-05T12:06:19Z,2026-05-07T09:16:19Z,730,0.000228747,Y,12456,56262
1468806718,2026-05-05T12:06:20Z,2026-05-06T17:26:12Z,143,0.0004403191,Y,12724,30077
1468806753,2026-05-05T12:06:21Z,2026-05-05T22:31:47Z,103,0.0001550902,Y,12759,22336
1468807990,2026-05-05T12:06:38Z,2026-05-06T00:05:15Z,384,0.0001079105,Y,14452,41398
1468808288,2026-05-05T12:06:42Z,2026-05-05T19:01:05Z,162,0.000375813,Y,15292,270169
1468808772,2026-05-05T12:06:50Z,2026-05-06T06:39:11Z,214,0.0001307654,Y,17543,41304
1468810971,2026-05-05T12:07:21Z,2026-05-08T08:22:46Z,218,0.0007027854,Y,21965,10469
1468811037,2026-05-05T12:07:22Z,2026-05-07T04:53:56Z,161,0.0001116105,Y,22295,33612
1468811067,2026-05-05T12:07:22Z,2026-05-05T22:31:47Z,103,0.0001550902,Y,22336,12759
1468811193,2026-05-05T12:07:25Z,2026-05-08T08:38:06Z,125,0.002660353,Y,22502,8799
1468812150,2026-05-05T12:07:38Z,2026-05-07T00:51:44Z,42,0.002663505,Y,25077,60692
1468812449,2026-05-05T12:07:41Z,2026-05-07T01:33:32Z,156,0.0001779045,Y,25634,36858
1468812462,2026-05-05T12:07:42Z,2026-05-05T23:29:39Z,456,0.0003079519,Y,25635,54892
1468826560,2026-05-05T12:08:33Z,2026-05-06T11:57:30Z,472,0.0001075461,Y,29637,39094
1468826711,2026-05-05T12:08:35Z,2026-05-07T00:19:54Z,102,0.0001901754,Y,29801,37671
1468827134,2026-05-05T12:08:41Z,2026-05-06T17:26:12Z,143,0.0004403191,Y,30077,12724
1468828717,2026-05-05T12:09:03Z,2026-05-08T04:54:47Z,101,0.0002353081,Y,30831,270033
1468828958,2026-05-05T12:09:07Z,2026-05-06T19:35:17Z,130,0.0007291986,Y,30942,2622
1468891876,2026-05-05T12:10:12Z,2026-05-07T04:53:56Z,161,0.0001116105,Y,33612,22295
1468895931,2026-05-05T12:11:08Z,2026-05-07T18:27:40Z,206,0.0001596512,Y,35953,4547
1468897796,2026-05-05T12:11:36Z,2026-05-07T01:33:32Z,156,0.0001779045,Y,36858,25634
1468897885,2026-05-05T12:11:38Z,2026-05-06T02:21:57Z,148,0.0006698085,Y,36923,270121
1468898629,2026-05-05T12:11:48Z,2026-05-07T00:19:54Z,102,0.0001901754,Y,37671,29801
1468900559,2026-05-05T12:12:16Z,2026-05-06T11:57:30Z,472,0.0001075461,Y,39094,29637
1468904518,2026-05-05T12:13:11Z,2026-05-07T23:16:04Z,34,0.003498384,Y,40404,5917
1468906580,2026-05-05T12:13:40Z,2026-05-06T06:39:11Z,214,0.0001307654,Y,41304,17543
1468906851,2026-05-05T12:13:43Z,2026-05-06T00:05:15Z,384,0.0001079105,Y,41398,14452
1468816480,2026-05-05T12:15:38Z,2026-05-06T15:57:21Z,413,0.0005453821,Y,44549,270170
1468817691,2026-05-05T12:15:54Z,2026-05-08T03:22:38Z,597,0.0001665152,Y,45877,53699
1468874597,2026-05-05T12:17:53Z,2026-05-08T03:22:38Z,597,0.0001665152,Y,53699,45877
1468877778,2026-05-05T12:18:40Z,2026-05-05T23:29:39Z,456,0.0003079519,Y,54892,25635
1468882564,2026-05-05T12:19:47Z,2026-05-07T09:16:19Z,730,0.000228747,Y,56262,12456
1468882621,2026-05-05T12:19:47Z,2026-05-07T05:43:19Z,48,0.0004918134,Y,56276,57542
1468890996,2026-05-05T12:21:43Z,2026-05-07T05:43:19Z,48,0.0004918134,Y,57542,56276
1468952380,2026-05-05T12:26:40Z,2026-05-07T00:51:44Z,42,0.002663505,Y,60692,25077
1469344652,2026-05-05T20:56:08Z,2026-05-07T13:29:11Z,2309,,Y,7392,22557
1469345413,2026-05-05T20:56:14Z,2026-05-07T15:43:40Z,4829,,Y,23205,23398
1469345410,2026-05-05T20:56:14Z,2026-05-06T05:56:27Z,2924,,Y,23205,23398
1469345411,2026-05-05T20:56:14Z,2026-05-06T17:12:11Z,3448,,Y,23205,23398
1469345363,2026-05-05T20:56:14Z,2026-05-07T13:29:11Z,2309,,Y,22557,7392
1469345412,2026-05-05T20:56:14Z,2026-05-07T04:27:56Z,4115,,Y,23205,23398
1469345337,2026-05-05T20:56:15Z,2026-05-08T09:21:52Z,1595,,Y,22061,22089
1469345634,2026-05-05T20:56:15Z,2026-05-07T04:27:56Z,4115,,Y,23398,23205
1469345632,2026-05-05T20:56:16Z,2026-05-06T05:56:27Z,2924,,Y,23398,23205
1469345633,2026-05-05T20:56:16Z,2026-05-06T17:12:11Z,3448,,Y,23398,23205
1469345786,2026-05-05T20:56:17Z,2026-05-07T09:55:51Z,3289,,Y,25491,46852
1469345635,2026-05-05T20:56:18Z,2026-05-07T15:43:40Z,4829,,Y,23398,23205
1469346615,2026-05-05T20:56:26Z,2026-05-06T21:01:21Z,3203,,Y,32398,42944
1469347736,2026-05-05T20:56:31Z,2026-05-06T21:01:21Z,3203,,Y,42944,32398
1469348041,2026-05-05T20:56:33Z,2026-05-07T09:55:51Z,3289,,Y,46852,25491
1469386597,2026-05-05T22:01:21Z,2026-05-08T17:01:21Z,325,0.0001099151,Y,4784,41007
1469386416,2026-05-05T22:01:22Z,2026-05-07T18:27:40Z,251,0.0001032684,Y,4547,35953
1469387082,2026-05-05T22:01:28Z,2026-05-07T23:16:04Z,35,0.002771364,Y,5917,40404
1469387452,2026-05-05T22:01:34Z,2026-05-07T02:16:28Z,115,0.0001157965,Y,7890,37326
1469387629,2026-05-05T22:01:35Z,2026-05-08T08:38:06Z,25,0.004466593,Y,8799,22502
1469387761,2026-05-05T22:01:36Z,2026-05-08T03:14:25Z,54,0.0001682704,Y,9293,17219
1469388032,2026-05-05T22:01:39Z,2026-05-08T08:22:46Z,33,0.0009986856,Y,10469,21965
1469388646,2026-05-05T22:01:45Z,2026-05-06T17:26:12Z,21,0.0005092179,Y,12724,30077
1469390893,2026-05-05T22:02:06Z,2026-05-08T03:14:25Z,54,0.0001682704,Y,17219,9293
1469390927,2026-05-05T22:02:06Z,2026-05-06T06:39:11Z,132,0.0001009228,Y,17543,41304
1469393399,2026-05-05T22:02:29Z,2026-05-08T08:22:46Z,33,0.0009986856,Y,21965,10469
1469393630,2026-05-05T22:02:31Z,2026-05-08T08:38:06Z,25,0.004466593,Y,22502,8799
1469394625,2026-05-05T22:02:42Z,2026-05-07T00:51:45Z,125,0.000419952,Y,25077,60692
1469394985,2026-05-05T22:02:45Z,2026-05-07T01:33:32Z,148,0.0002134785,Y,25634,36858
1469394995,2026-05-05T22:02:45Z,2026-05-05T23:29:39Z,277,0.0001914731,Y,25635,54892
1469406127,2026-05-05T22:02:56Z,2026-05-08T13:18:34Z,18,0.0002148815,Y,26374,33994
1469365173,2026-05-05T22:04:14Z,2026-05-08T00:04:45Z,99,0.0001225778,Y,32243,39315
1469365346,2026-05-05T22:04:16Z,2026-05-08T16:36:21Z,97,0.0004917567,Y,32453,64968
1469367714,2026-05-05T22:04:39Z,2026-05-08T13:18:34Z,18,0.0002148815,Y,33994,26374
1469371056,2026-05-05T22:05:09Z,2026-05-07T18:27:40Z,251,0.0001032684,Y,35953,4547
1469372921,2026-05-05T22:05:27Z,2026-05-07T01:33:32Z,148,0.0002134785,Y,36858,25634
1469373002,2026-05-05T22:05:27Z,2026-05-06T02:21:57Z,155,0.001015384,Y,36923,270121
1469373434,2026-05-05T22:05:31Z,2026-05-07T02:16:28Z,115,0.0001157965,Y,37326,7890
1469373805,2026-05-05T22:05:35Z,2026-05-07T00:19:54Z,62,0.0001511286,Y,37671,29801
1469376326,2026-05-05T22:05:59Z,2026-05-08T00:04:45Z,99,0.0001225778,Y,39315,32243
1469379947,2026-05-05T22:06:36Z,2026-05-07T23:16:04Z,35,0.002771364,Y,40404,5917
1469380868,2026-05-05T22:06:43Z,2026-05-08T17:01:21Z,325,0.0001099151,Y,41007,4784
1469382164,2026-05-05T22:06:53Z,2026-05-06T06:39:11Z,132,0.0001009228,Y,41304,17543
1469441184,2026-05-05T22:09:56Z,2026-05-08T03:22:38Z,688,0.0006402999,Y,53699,45877
1469444581,2026-05-05T22:10:48Z,2026-05-05T23:29:39Z,277,0.0001914731,Y,54892,25635
1469428502,2026-05-05T22:11:41Z,2026-05-06T10:17:07Z,403,0.0001281198,Y,55882,29892
1469429688,2026-05-05T22:11:59Z,2026-05-07T05:43:19Z,95,0.0002940162,Y,56276,57542
1469506221,2026-05-05T22:13:20Z,2026-05-07T05:43:19Z,95,0.0002940162,Y,57542,56276
1469420198,2026-05-05T22:16:55Z,2026-05-07T00:51:45Z,125,0.000419952,Y,60692,25077
1469452943,2026-05-05T22:21:57Z,2026-05-08T16:36:21Z,97,0.0004917567,Y,64968,32453
1469920593,2026-05-06T04:03:19Z,2026-05-07T13:29:11Z,2308,,Y,7392,22557
1469921506,2026-05-06T04:03:25Z,2026-05-07T13:29:11Z,2308,,Y,22557,7392
1469921569,2026-05-06T04:03:26Z,2026-05-06T05:56:27Z,2924,,Y,23205,23398
1469921571,2026-05-06T04:03:27Z,2026-05-07T04:27:56Z,4115,,Y,23205,23398
1469921572,2026-05-06T04:03:27Z,2026-05-07T15:43:40Z,4829,,Y,23205,23398
1469921570,2026-05-06T04:03:27Z,2026-05-06T17:12:11Z,3448,,Y,23205,23398
1469921476,2026-05-06T04:03:27Z,2026-05-08T09:21:52Z,1621,,Y,22061,22089
1469921828,2026-05-06T04:03:28Z,2026-05-07T15:43:40Z,4829,,Y,23398,23205
1469921826,2026-05-06T04:03:28Z,2026-05-06T17:12:11Z,3448,,Y,23398,23205
1469921825,2026-05-06T04:03:28Z,2026-05-06T05:56:27Z,2924,,Y,23398,23205
1469921827,2026-05-06T04:03:28Z,2026-05-07T04:27:56Z,4115,,Y,23398,23205
1469923074,2026-05-06T04:03:39Z,2026-05-06T21:01:21Z,3157,,Y,32398,42944
1469924507,2026-05-06T04:03:48Z,2026-05-06T21:01:21Z,3157,,Y,42944,32398
1470055101,2026-05-06T05:45:03Z,2026-05-08T17:01:21Z,315,0.0001300264,Y,4784,41007
1470055548,2026-05-06T05:45:05Z,2026-05-07T23:16:04Z,37,0.00103707,Y,5917,40404
1470056082,2026-05-06T05:45:10Z,2026-05-08T08:38:06Z,48,0.004606136,Y,8799,22502
1470055917,2026-05-06T05:45:10Z,2026-05-07T02:16:28Z,25,0.0001308452,Y,7890,37326
1470056472,2026-05-06T05:45:13Z,2026-05-08T08:22:46Z,38,0.0009793642,Y,10469,21965
1470056578,2026-05-06T05:45:14Z,2026-05-09T03:38:07Z,334,0.0005425171,Y,10829,573
1470056199,2026-05-06T05:45:14Z,2026-05-08T03:14:25Z,222,0.0001716267,Y,9293,17219
1470057077,2026-05-06T05:45:18Z,2026-05-06T17:26:12Z,19,0.001310086,Y,12724,30077
1470058779,2026-05-06T05:45:32Z,2026-05-09T00:07:15Z,88,0.003415374,Y,15340,23711
1470059292,2026-05-06T05:45:36Z,2026-05-08T03:14:25Z,222,0.0001716267,Y,17219,9293
1470061620,2026-05-06T05:45:52Z,2026-05-08T08:22:46Z,38,0.0009793642,Y,21965,10469
1470061845,2026-05-06T05:45:52Z,2026-05-08T08:38:06Z,48,0.004606136,Y,22502,8799
1470062365,2026-05-06T05:45:58Z,2026-05-09T00:07:15Z,88,0.003415374,Y,23711,15340
1470063178,2026-05-06T05:46:02Z,2026-05-07T01:33:32Z,197,0.0002003764,Y,25634,36858
1470074301,2026-05-06T05:46:11Z,2026-05-08T13:18:34Z,350,0.0002831218,Y,26374,33994
1470035672,2026-05-06T05:47:22Z,2026-05-08T13:18:34Z,350,0.0002831218,Y,33994,26374
1470037427,2026-05-06T05:47:37Z,2026-05-08T19:33:41Z,827,0.0001310687,Y,35139,270016
1470040659,2026-05-06T05:47:54Z,2026-05-07T01:33:32Z,197,0.0002003764,Y,36858,25634
1470041162,2026-05-06T05:47:58Z,2026-05-07T02:16:28Z,25,0.0001308452,Y,37326,7890
1470041542,2026-05-06T05:47:59Z,2026-05-07T00:19:54Z,55,0.0001623169,Y,37671,29801
1470063986,2026-05-06T05:48:18Z,2026-05-08T00:04:45Z,103,0.0001345563,Y,39315,32243
1470067608,2026-05-06T05:48:40Z,2026-05-07T23:16:04Z,37,0.00103707,Y,40404,5917
1470068506,2026-05-06T05:48:49Z,2026-05-08T17:01:21Z,315,0.0001300264,Y,41007,4784
1470018762,2026-05-06T05:49:49Z,2026-05-06T15:57:21Z,217,0.0001405112,Y,44549,270170
1470020043,2026-05-06T05:49:59Z,2026-05-08T03:22:38Z,637,0.0005655865,Y,45877,53699
1470048778,2026-05-06T05:50:54Z,2026-05-08T03:22:38Z,637,0.0005655865,Y,53699,45877
1470007357,2026-05-06T05:51:49Z,2026-05-07T05:43:19Z,118,0.0001633676,Y,56276,57542
1470025891,2026-05-06T05:52:40Z,2026-05-07T05:43:19Z,118,0.0001633676,Y,57542,56276
1470387345,2026-05-06T11:24:48Z,2026-05-07T13:29:11Z,2330,,Y,7392,22557
1470388162,2026-05-06T11:24:59Z,2026-05-07T13:29:11Z,2330,,Y,22557,7392
1470388221,2026-05-06T11:24:59Z,2026-05-06T17:12:11Z,3448,,Y,23205,23398
1470388223,2026-05-06T11:25:00Z,2026-05-07T15:43:40Z,4829,,Y,23205,23398
1470388222,2026-05-06T11:25:00Z,2026-05-07T04:27:56Z,4115,,Y,23205,23398
1470388459,2026-05-06T11:25:03Z,2026-05-07T04:27:56Z,4115,,Y,23398,23205
1470388460,2026-05-06T11:25:03Z,2026-05-07T15:43:40Z,4829,,Y,23398,23205
1470388458,2026-05-06T11:25:03Z,2026-05-06T17:12:11Z,3448,,Y,23398,23205
1470533061,2026-05-06T12:21:49Z,2026-05-07T23:16:04Z,37,0.0005410018,Y,5917,40404
1470533560,2026-05-06T12:21:52Z,2026-05-08T08:38:06Z,56,0.004815037,Y,8799,22502
1470538650,2026-05-06T12:22:30Z,2026-05-09T05:48:33Z,305,0.0006097473,Y,21230,35208
1470539598,2026-05-06T12:22:39Z,2026-05-09T00:07:15Z,112,0.003667685,Y,23711,15340
1470540378,2026-05-06T12:22:43Z,2026-05-07T01:33:32Z,204,0.0001979792,Y,25634,36858
1470654314,2026-05-06T12:22:58Z,2026-05-07T06:05:07Z,149,0.0001109432,Y,28072,40802
1470656224,2026-05-06T12:23:14Z,2026-05-07T00:19:54Z,60,0.0001476867,Y,29801,37671
1470656734,2026-05-06T12:23:15Z,2026-05-06T17:26:12Z,20,0.0007585475,Y,30077,12724
1470661518,2026-05-06T12:23:51Z,2026-05-08T00:04:45Z,121,0.000106989,Y,32243,39315
1470661679,2026-05-06T12:23:52Z,2026-05-08T16:36:21Z,70,0.0006614211,Y,32453,64968
1470665888,2026-05-06T12:24:22Z,2026-05-09T05:48:33Z,305,0.0006097473,Y,35208,21230
1470665793,2026-05-06T12:24:24Z,2026-05-08T19:33:41Z,744,0.0001404471,Y,35139,270016
1470668976,2026-05-06T12:24:46Z,2026-05-07T01:33:32Z,204,0.0001979792,Y,36858,25634
1470669430,2026-05-06T12:24:48Z,2026-05-07T02:16:28Z,19,0.0001408447,Y,37326,7890
1470669795,2026-05-06T12:24:51Z,2026-05-07T00:19:54Z,60,0.0001476867,Y,37671,29801
1470669988,2026-05-06T12:24:54Z,2026-05-08T04:46:38Z,671,0.0001589961,Y,37735,42836
1470672126,2026-05-06T12:25:08Z,2026-05-08T00:04:45Z,121,0.000106989,Y,39315,32243
1470544331,2026-05-06T12:25:37Z,2026-05-07T23:16:04Z,37,0.0005410018,Y,40404,5917
1470544835,2026-05-06T12:25:40Z,2026-05-07T06:05:07Z,149,0.0001109432,Y,40802,28072
1470545179,2026-05-06T12:25:44Z,2026-05-08T17:01:21Z,291,0.0001482751,Y,41007,4784
1470678600,2026-05-06T12:27:25Z,2026-05-08T03:22:38Z,454,0.0007624967,Y,45877,53699
1470687008,2026-05-06T12:28:33Z,2026-05-08T03:22:38Z,454,0.0007624967,Y,53699,45877
1470688088,2026-05-06T12:28:45Z,2026-05-09T05:16:23Z,210,0.0001061886,Y,54309,61403
1470553206,2026-05-06T12:29:44Z,2026-05-07T05:43:19Z,54,0.0003287939,Y,56276,57542
1470560899,2026-05-06T12:30:51Z,2026-05-07T05:43:19Z,54,0.0003287939,Y,57542,56276
1470564624,2026-05-06T12:33:47Z,2026-05-09T05:16:23Z,210,0.0001061886,Y,61403,54309
1470605676,2026-05-06T12:37:19Z,2026-05-08T16:36:21Z,70,0.0006614211,Y,64968,32453
1471227301,2026-05-06T21:14:20Z,2026-05-07T13:29:11Z,2357,,Y,7392,22557
1471230243,2026-05-06T21:14:30Z,2026-05-09T18:52:18Z,4710,,Y,14591,16404
1471230825,2026-05-06T21:14:32Z,2026-05-09T18:52:18Z,4710,,Y,16404,14591
1471234056,2026-05-06T21:14:40Z,2026-05-08T09:21:52Z,1661,,Y,22061,22089
1471234356,2026-05-06T21:14:41Z,2026-05-07T13:29:11Z,2357,,Y,22557,7392
1471234574,2026-05-06T21:14:44Z,2026-05-07T15:43:40Z,4829,,Y,23205,23398
1471234573,2026-05-06T21:14:45Z,2026-05-07T04:27:56Z,4115,,Y,23205,23398
1471234929,2026-05-06T21:14:49Z,2026-05-07T15:43:40Z,4829,,Y,23398,23205
1471234928,2026-05-06T21:14:49Z,2026-05-07T04:27:56Z,4115,,Y,23398,23205
1471246287,2026-05-06T21:15:15Z,2026-05-06T21:01:21Z,3614,,Y,32398,42944
1471247511,2026-05-06T21:15:42Z,2026-05-06T21:01:21Z,3614,,Y,42944,32398
1471225901,2026-05-06T21:53:09Z,2026-05-09T21:12:34Z,269,0.001872085,Y,3748,9637
1471226479,2026-05-06T21:53:15Z,2026-05-08T17:01:21Z,282,0.0001587941,Y,4784,41007
1471227009,2026-05-06T21:53:21Z,2026-05-09T15:03:04Z,544,0.0001882895,Y,6126,81323
1471226962,2026-05-06T21:53:21Z,2026-05-07T23:16:04Z,38,0.0004796148,Y,5917,40404
1471227385,2026-05-06T21:53:26Z,2026-05-07T02:16:28Z,24,0.000141631,Y,7890,37326
1471227570,2026-05-06T21:53:28Z,2026-05-08T08:38:06Z,51,0.005573198,Y,8799,22502
1471227755,2026-05-06T21:53:30Z,2026-05-09T21:12:34Z,269,0.001872085,Y,9637,3748
1471227993,2026-05-06T21:53:34Z,2026-05-08T08:22:46Z,88,0.0004149176,Y,10469,21965
1471228116,2026-05-06T21:53:34Z,2026-05-09T03:38:07Z,282,0.0006022546,Y,10829,573
1471230092,2026-05-06T21:53:59Z,2026-05-09T16:06:40Z,125,0.0002033393,Y,14410,15292
1471230549,2026-05-06T21:54:05Z,2026-05-09T16:06:40Z,125,0.0002033393,Y,15292,14410
1471230563,2026-05-06T21:54:06Z,2026-05-09T00:07:15Z,112,0.003672031,Y,15340,23711
1471233747,2026-05-06T21:54:45Z,2026-05-09T05:48:33Z,396,0.0005794935,Y,21230,35208
1471233808,2026-05-06T21:54:45Z,2026-05-07T23:28:36Z,384,0.0001071785,Y,21418,31629
1471234050,2026-05-06T21:54:49Z,2026-05-08T08:22:46Z,88,0.0004149176,Y,21965,10469
1471234322,2026-05-06T21:54:52Z,2026-05-08T08:38:06Z,51,0.005573198,Y,22502,8799
1471235157,2026-05-06T21:54:59Z,2026-05-09T00:07:15Z,112,0.003672031,Y,23711,15340
1471236134,2026-05-06T21:55:11Z,2026-05-07T01:33:32Z,222,0.0001893081,Y,25634,36858
1471238675,2026-05-06T21:55:45Z,2026-05-07T06:05:07Z,26,0.0001640623,Y,28072,40802
1471240990,2026-05-06T21:56:14Z,2026-05-07T00:19:54Z,65,0.0001436912,Y,29801,37671
1471241716,2026-05-06T21:56:25Z,2026-05-09T13:30:12Z,920,0.0001098716,Y,30115,67531
1471245307,2026-05-06T21:57:13Z,2026-05-07T23:28:36Z,384,0.0001071785,Y,31629,21418
1471260280,2026-05-06T21:57:32Z,2026-05-08T16:36:21Z,63,0.0007210739,Y,32453,64968
1471264589,2026-05-06T21:58:28Z,2026-05-08T19:33:41Z,816,0.0002060698,Y,35139,270016
1471264702,2026-05-06T21:58:29Z,2026-05-09T05:48:33Z,396,0.0005794935,Y,35208,21230
1471268003,2026-05-06T21:59:12Z,2026-05-07T01:33:32Z,222,0.0001893081,Y,36858,25634
1471268511,2026-05-06T21:59:18Z,2026-05-07T02:16:28Z,24,0.000141631,Y,37326,7890
1471268934,2026-05-06T21:59:25Z,2026-05-07T00:19:54Z,65,0.0001436912,Y,37671,29801
1471269147,2026-05-06T21:59:27Z,2026-05-08T04:46:38Z,284,0.0001628466,Y,37735,42836
1471358025,2026-05-06T22:03:36Z,2026-05-08T03:22:38Z,394,0.000126778,Y,45877,53699
1471256538,2026-05-06T22:05:33Z,2026-05-08T03:22:38Z,394,0.000126778,Y,53699,45877
1471257648,2026-05-06T22:05:49Z,2026-05-09T05:16:23Z,163,0.0001250579,Y,54309,61403
1471305242,2026-05-06T22:07:28Z,2026-05-07T05:43:19Z,59,0.0002428404,Y,56276,57542
1471313096,2026-05-06T22:09:10Z,2026-05-07T05:43:19Z,59,0.0002428404,Y,57542,56276
1471387749,2026-05-06T22:16:40Z,2026-05-09T05:16:23Z,163,0.0001250579,Y,61403,54309
1471407424,2026-05-06T22:22:49Z,2026-05-08T16:36:21Z,63,0.0007210739,Y,64968,32453
1471428150,2026-05-06T22:25:43Z,2026-05-09T13:30:12Z,920,0.0001098716,Y,67531,30115
1471788456,2026-05-07T04:11:56Z,2026-05-07T13:29:11Z,2344,,Y,7392,22557
1471788730,2026-05-07T04:11:58Z,2026-05-09T18:52:18Z,4710,,Y,14591,16404
1471788931,2026-05-07T04:12:01Z,2026-05-09T18:52:18Z,4710,,Y,16404,14591
1471789382,2026-05-07T04:12:02Z,2026-05-07T04:27:56Z,4115,,Y,23205,23398
1471789325,2026-05-07T04:12:02Z,2026-05-07T13:29:11Z,2344,,Y,22557,7392
1471789383,2026-05-07T04:12:03Z,2026-05-07T15:43:40Z,4829,,Y,23205,23398
1471789301,2026-05-07T04:12:03Z,2026-05-08T09:21:52Z,1656,,Y,22061,22089
1471789635,2026-05-07T04:12:03Z,2026-05-07T04:27:56Z,4115,,Y,23398,23205
1471789636,2026-05-07T04:12:05Z,2026-05-07T15:43:40Z,4829,,Y,23398,23205
1471789866,2026-05-07T04:12:05Z,2026-05-07T09:55:32Z,3914,,Y,25491,46852
1471794247,2026-05-07T04:12:22Z,2026-05-07T09:55:32Z,3914,,Y,46852,25491
1471878885,2026-05-07T05:32:04Z,2026-05-09T21:12:34Z,397,0.002100431,Y,3748,9637
1471879369,2026-05-07T05:32:07Z,2026-05-08T17:01:21Z,262,0.0001699384,Y,4784,41007
1471880344,2026-05-07T05:32:12Z,2026-05-08T08:38:06Z,67,0.005232418,Y,8799,22502
1471880728,2026-05-07T05:32:15Z,2026-05-08T08:22:46Z,206,0.0001373494,Y,10469,21965
1471880520,2026-05-07T05:32:15Z,2026-05-09T21:12:34Z,397,0.002100431,Y,9637,3748
1471880833,2026-05-07T05:32:15Z,2026-05-09T03:38:07Z,279,0.0006061641,Y,10829,573
1471881539,2026-05-07T05:32:20Z,2026-05-10T00:35:26Z,206,0.0001004177,Y,13034,22502
1471882963,2026-05-07T05:32:30Z,2026-05-09T00:07:15Z,145,0.002156916,Y,15340,23711
1471883185,2026-05-07T05:32:31Z,2026-05-08T18:09:47Z,611,0.0001104079,Y,16613,270444
1471885695,2026-05-07T05:32:50Z,2026-05-09T05:48:33Z,192,0.0008969205,Y,21230,35208
1471885758,2026-05-07T05:32:52Z,2026-05-07T23:28:36Z,103,0.0001273022,Y,21418,31629
1471885937,2026-05-07T05:32:52Z,2026-05-08T08:22:46Z,206,0.0001373494,Y,21965,10469
1471886188,2026-05-07T05:32:55Z,2026-05-10T00:35:26Z,206,0.0001004177,Y,22502,13034
1471886187,2026-05-07T05:32:55Z,2026-05-08T08:38:06Z,67,0.005232418,Y,22502,8799
1471886684,2026-05-07T05:32:58Z,2026-05-09T00:07:15Z,145,0.002156916,Y,23711,15340
1471887240,2026-05-07T05:33:02Z,2026-05-09T22:11:00Z,119,0.0001657208,Y,25395,57541
1471870188,2026-05-07T05:33:19Z,2026-05-07T06:05:07Z,58,0.0001993953,Y,28072,40802
1471872804,2026-05-07T05:33:37Z,2026-05-09T13:30:12Z,167,0.0002624735,Y,30115,67531
1471873403,2026-05-07T05:33:41Z,2026-05-09T23:40:04Z,115,0.0004791681,Y,30464,31834
1471874847,2026-05-07T05:33:50Z,2026-05-09T00:09:49Z,710,0.0002892184,Y,31118,34671
1471876177,2026-05-07T05:34:00Z,2026-05-07T23:28:36Z,103,0.0001273022,Y,31629,21418
1471876830,2026-05-07T05:34:04Z,2026-05-09T23:40:04Z,115,0.0004791681,Y,31834,30464
1471877674,2026-05-07T05:34:09Z,2026-05-08T16:36:21Z,48,0.0008323567,Y,32453,64968
1471901341,2026-05-07T05:34:35Z,2026-05-10T02:04:00Z,401,0.0002049374,Y,34590,61361
1471901382,2026-05-07T05:34:35Z,2026-05-09T00:09:49Z,710,0.0002892184,Y,34671,31118
1471902065,2026-05-07T05:34:39Z,2026-05-09T05:48:33Z,192,0.0008969205,Y,35208,21230
1472022330,2026-05-07T05:39:41Z,2026-05-09T22:11:00Z,119,0.0001657208,Y,57541,25395
1472017215,2026-05-07T05:42:33Z,2026-05-09T05:16:23Z,393,0.0001034913,Y,61403,54309
1472017089,2026-05-07T05:42:33Z,2026-05-10T02:04:00Z,401,0.0002049374,Y,61361,34590
1472062499,2026-05-07T05:45:49Z,2026-05-08T16:36:21Z,48,0.0008323567,Y,64968,32453
1472473192,2026-05-07T11:30:43Z,2026-05-09T18:52:18Z,4577,,Y,14591,16404
1472473373,2026-05-07T11:30:45Z,2026-05-09T18:52:18Z,4577,,Y,16404,14591
1472473694,2026-05-07T11:30:50Z,2026-05-08T09:21:52Z,1777,,Y,22061,22089
1472473718,2026-05-07T11:30:50Z,2026-05-07T13:29:11Z,2345,,Y,22557,7392
1472473777,2026-05-07T11:30:51Z,2026-05-07T15:43:40Z,4829,,Y,23205,23398
1472474008,2026-05-07T11:30:54Z,2026-05-07T15:43:40Z,4829,,Y,23398,23205
1472440011,2026-05-07T12:26:10Z,2026-05-09T21:12:34Z,407,0.001556528,Y,3748,9637
1472440466,2026-05-07T12:26:13Z,2026-05-08T17:01:21Z,258,0.0001737761,Y,4784,41007
1472441367,2026-05-07T12:26:20Z,2026-05-08T08:38:06Z,78,0.004370384,Y,8799,22502
1472441537,2026-05-07T12:26:21Z,2026-05-09T21:12:34Z,407,0.001556528,Y,9637,3748
1472441826,2026-05-07T12:26:22Z,2026-05-09T03:38:07Z,270,0.0006183955,Y,10829,573
1472443843,2026-05-07T12:26:37Z,2026-05-09T00:07:15Z,156,0.001745723,Y,15340,23711
1472444956,2026-05-07T12:26:44Z,2026-05-10T06:02:34Z,457,0.0001080515,Y,19047,39106
1472446528,2026-05-07T12:26:56Z,2026-05-09T05:48:33Z,147,0.001165025,Y,21230,35208
1472446588,2026-05-07T12:26:56Z,2026-05-07T23:28:36Z,99,0.0001272542,Y,21418,31629
1472447018,2026-05-07T12:27:00Z,2026-05-08T08:38:06Z,78,0.004370384,Y,22502,8799
1472447491,2026-05-07T12:27:03Z,2026-05-09T00:07:15Z,156,0.001745723,Y,23711,15340
1472447755,2026-05-07T12:27:05Z,2026-05-09T09:43:57Z,221,0.0001164277,Y,24836,41427
1472448032,2026-05-07T12:27:07Z,2026-05-09T22:11:00Z,128,0.0001905916,Y,25395,57541
1472452859,2026-05-07T12:27:41Z,2026-05-09T13:30:12Z,84,0.0004787138,Y,30115,67531
1472453442,2026-05-07T12:27:45Z,2026-05-09T23:40:04Z,34,0.0009920467,Y,30464,31834
1472454866,2026-05-07T12:27:54Z,2026-05-09T00:09:49Z,269,0.0005098603,Y,31118,34671
1472456144,2026-05-07T12:28:03Z,2026-05-07T23:28:36Z,99,0.0001272542,Y,31629,21418
1472456762,2026-05-07T12:28:07Z,2026-05-09T23:40:04Z,34,0.0009920467,Y,31834,30464
1472457592,2026-05-07T12:28:13Z,2026-05-08T16:36:21Z,42,0.0008795379,Y,32453,64968
1472485393,2026-05-07T12:28:37Z,2026-05-10T02:04:00Z,205,0.0004188757,Y,34590,61361
1472485435,2026-05-07T12:28:38Z,2026-05-09T00:09:49Z,269,0.0005098603,Y,34671,31118
1472485915,2026-05-07T12:28:40Z,2026-05-09T08:30:02Z,130,0.0001028297,Y,35089,57543
1472486080,2026-05-07T12:28:42Z,2026-05-09T05:48:33Z,147,0.001165025,Y,35208,21230
1472491864,2026-05-07T12:29:18Z,2026-05-10T06:02:34Z,457,0.0001080515,Y,39106,19047
1472530322,2026-05-07T12:29:44Z,2026-05-08T17:01:21Z,258,0.0001737761,Y,41007,4784
1472532130,2026-05-07T12:29:54Z,2026-05-09T09:43:57Z,221,0.0001164277,Y,41427,24836
1472542685,2026-05-07T12:30:59Z,2026-05-10T09:34:05Z,248,0.0001485139,Y,46915,56750
1472599663,2026-05-07T12:32:32Z,2026-05-10T09:34:05Z,248,0.0001485139,Y,56750,46915
1472570158,2026-05-07T12:35:25Z,2026-05-10T02:04:00Z,205,0.0004188757,Y,61361,34590
1472638494,2026-05-07T12:38:10Z,2026-05-08T16:36:21Z,42,0.0008795379,Y,64968,32453
1472651197,2026-05-07T12:39:22Z,2026-05-09T13:30:12Z,84,0.0004787138,Y,67531,30115
1473000866,2026-05-07T21:15:12Z,2026-05-09T18:52:18Z,4577,,Y,14591,16404
1473001038,2026-05-07T21:15:15Z,2026-05-09T18:52:18Z,4577,,Y,16404,14591
1473001342,2026-05-07T21:15:20Z,2026-05-08T09:21:52Z,1777,,Y,22061,22089
1473031619,2026-05-07T22:19:21Z,2026-05-08T17:01:21Z,251,0.0001708154,Y,4784,41007
1473032656,2026-05-07T22:19:29Z,2026-05-08T08:38:06Z,78,0.004459451,Y,8799,22502
1473033217,2026-05-07T22:19:34Z,2026-05-10T11:33:07Z,161,0.0001590858,Y,11288,29897
1473033156,2026-05-07T22:19:34Z,2026-05-09T03:38:07Z,265,0.0006887887,Y,10829,573
1473033878,2026-05-07T22:19:40Z,2026-05-10T00:35:26Z,68,0.0002438583,Y,13034,22502
1473035448,2026-05-07T22:19:52Z,2026-05-09T00:07:15Z,163,0.001498889,Y,15340,23711
1473038524,2026-05-07T22:20:23Z,2026-05-10T17:53:11Z,331,0.0001414305,Y,21721,31005
1473038337,2026-05-07T22:20:24Z,2026-05-09T05:48:33Z,95,0.00147977,Y,21230,35208
1473038858,2026-05-07T22:20:26Z,2026-05-10T00:35:26Z,68,0.0002438583,Y,22502,13034
1473038857,2026-05-07T22:20:26Z,2026-05-08T08:38:06Z,78,0.004459451,Y,22502,8799
1473038987,2026-05-07T22:20:27Z,2026-05-10T15:10:41Z,647,0.000136537,Y,22823,35524
1473039345,2026-05-07T22:20:31Z,2026-05-09T00:07:15Z,163,0.001498889,Y,23711,15340
1473039625,2026-05-07T22:20:35Z,2026-05-09T09:43:57Z,83,0.0001464982,Y,24836,41427
1473039958,2026-05-07T22:20:36Z,2026-05-09T22:11:00Z,144,0.0005801814,Y,25395,57541
1473051775,2026-05-07T22:20:52Z,2026-05-10T16:27:38Z,463,0.0003480571,Y,26932,41165
1473054438,2026-05-07T22:21:16Z,2026-05-10T11:33:07Z,161,0.0001590858,Y,29897,11288
1473054962,2026-05-07T22:21:21Z,2026-05-09T13:30:12Z,171,0.0005108341,Y,30115,67531
1473055664,2026-05-07T22:21:29Z,2026-05-09T23:40:04Z,42,0.0007136282,Y,30464,31834
1473056604,2026-05-07T22:21:39Z,2026-05-09T20:49:10Z,43,0.000104112,Y,30849,61178
1473057168,2026-05-07T22:21:42Z,2026-05-09T00:09:49Z,297,0.0009926642,Y,31118,34671
1473056962,2026-05-07T22:21:45Z,2026-05-10T17:53:11Z,334,0.0001449668,Y,31005,21721
1473059157,2026-05-07T22:21:59Z,2026-05-09T23:40:04Z,42,0.0007136282,Y,31834,30464
1473060061,2026-05-07T22:22:10Z,2026-05-08T16:36:21Z,88,0.0007019034,Y,32453,64968
1473063742,2026-05-07T22:22:41Z,2026-05-09T00:09:49Z,297,0.0009926642,Y,34671,31118
1473063689,2026-05-07T22:22:43Z,2026-05-10T02:04:00Z,160,0.0004544877,Y,34590,61361
1473064418,2026-05-07T22:22:46Z,2026-05-09T05:48:33Z,95,0.00147977,Y,35208,21230
1473064256,2026-05-07T22:22:46Z,2026-05-09T08:30:01Z,127,0.0001145153,Y,35089,57543
1473065011,2026-05-07T22:22:52Z,2026-05-10T13:17:29Z,510,0.0002848345,Y,35434,49024
1473065168,2026-05-07T22:22:53Z,2026-05-10T15:10:41Z,647,0.000136537,Y,35524,22823
1473045890,2026-05-07T22:24:24Z,2026-05-08T17:01:21Z,251,0.0001708154,Y,41007,4784
1473046559,2026-05-07T22:24:30Z,2026-05-10T16:27:38Z,463,0.0003480571,Y,41165,26932
1473047903,2026-05-07T22:24:42Z,2026-05-09T09:43:57Z,83,0.0001464982,Y,41427,24836
1473172140,2026-05-07T22:29:50Z,2026-05-09T22:11:00Z,144,0.0005801814,Y,57541,25395
1473172196,2026-05-07T22:29:50Z,2026-05-09T08:30:01Z,127,0.0001145153,Y,57543,35089
1473075835,2026-05-07T22:33:31Z,2026-05-09T20:49:10Z,43,0.000104112,Y,61178,30849
1473077090,2026-05-07T22:33:43Z,2026-05-10T02:04:00Z,160,0.0004544877,Y,61361,34590
1473116399,2026-05-07T22:38:16Z,2026-05-08T16:36:21Z,88,0.0007019034,Y,64968,32453
1473229268,2026-05-07T22:40:14Z,2026-05-09T13:30:12Z,171,0.0005108341,Y,67531,30115
1473528525,2026-05-08T03:55:08Z,2026-05-09T18:52:18Z,4577,,Y,14591,16404
1473528736,2026-05-08T03:55:08Z,2026-05-09T18:52:18Z,4577,,Y,16404,14591
1473529106,2026-05-08T03:55:11Z,2026-05-08T09:21:52Z,1777,,Y,22061,22089
1473684521,2026-05-08T04:51:51Z,2026-05-08T08:38:06Z,68,0.001861695,Y,8799,22502
1473690080,2026-05-08T04:52:34Z,2026-05-09T05:48:33Z,118,0.001135889,Y,21230,35208
1473690737,2026-05-08T04:52:38Z,2026-05-10T15:10:41Z,736,0.0001444621,Y,22823,35524
1473672400,2026-05-08T04:52:43Z,2026-05-11T03:54:25Z,491,0.0002037496,Y,25400,61450
1473672063,2026-05-08T04:52:43Z,2026-05-09T09:43:57Z,233,0.0001655139,Y,24836,41427
1473672390,2026-05-08T04:52:44Z,2026-05-09T22:11:00Z,144,0.000625198,Y,25395,57541
1473672351,2026-05-08T04:52:45Z,2026-05-10T18:33:19Z,217,0.0001085485,Y,25225,61456
1473674304,2026-05-08T04:52:55Z,2026-05-10T16:27:38Z,509,0.0003107592,Y,26932,41165
1473677462,2026-05-08T04:53:13Z,2026-05-09T13:30:12Z,165,0.000644168,Y,30115,67531
1473678157,2026-05-08T04:53:18Z,2026-05-09T23:40:04Z,43,0.0007914644,Y,30464,31834
1473679044,2026-05-08T04:53:22Z,2026-05-11T02:29:58Z,112,0.0002035656,Y,30840,57539
1473679073,2026-05-08T04:53:22Z,2026-05-09T20:49:10Z,166,0.0001194289,Y,30849,61178
1473679418,2026-05-08T04:53:24Z,2026-05-10T17:53:12Z,320,0.0001451741,Y,31005,21721
1473679614,2026-05-08T04:53:27Z,2026-05-09T00:09:49Z,154,0.0009159494,Y,31118,34671
1473681586,2026-05-08T04:53:38Z,2026-05-09T23:40:04Z,43,0.0007914644,Y,31834,30464
1473730303,2026-05-08T04:53:42Z,2026-05-08T16:36:21Z,90,0.0006854055,Y,32453,64968
1473733976,2026-05-08T04:54:02Z,2026-05-09T00:09:49Z,154,0.0009159494,Y,34671,31118
1473733932,2026-05-08T04:54:02Z,2026-05-10T02:04:00Z,66,0.000624355,Y,34590,61361
1473734447,2026-05-08T04:54:05Z,2026-05-09T08:30:01Z,127,0.0001162294,Y,35089,57543
1473734606,2026-05-08T04:54:07Z,2026-05-09T05:48:33Z,118,0.001135889,Y,35208,21230
1473735329,2026-05-08T04:54:10Z,2026-05-10T15:10:41Z,736,0.0001444621,Y,35524,22823
1473735181,2026-05-08T04:54:10Z,2026-05-10T13:17:29Z,525,0.0002545519,Y,35434,49024
1473657377,2026-05-08T04:55:19Z,2026-05-08T17:01:21Z,254,0.0001754656,Y,41007,4784
1473658048,2026-05-08T04:55:23Z,2026-05-10T16:27:38Z,509,0.0003107592,Y,41165,26932
1473659347,2026-05-08T04:55:28Z,2026-05-09T09:43:57Z,233,0.0001655139,Y,41427,24836
1473719960,2026-05-08T04:56:33Z,2026-05-10T09:34:05Z,577,0.0001161817,Y,46915,56750
1473697151,2026-05-08T04:58:12Z,2026-05-10T09:34:05Z,577,0.0001161817,Y,56750,46915
1473623259,2026-05-08T04:58:45Z,2026-05-11T02:29:58Z,112,0.0002035656,Y,57539,30840
1473623265,2026-05-08T04:58:46Z,2026-05-09T22:11:00Z,144,0.000625198,Y,57541,25395
1473623293,2026-05-08T04:58:47Z,2026-05-09T08:30:01Z,127,0.0001162294,Y,57543,35089
1473617176,2026-05-08T05:01:11Z,2026-05-09T20:49:10Z,166,0.0001194289,Y,61178,30849
1473618379,2026-05-08T05:01:18Z,2026-05-10T02:04:00Z,66,0.000624355,Y,61361,34590
1473618652,2026-05-08T05:01:19Z,2026-05-11T03:54:25Z,491,0.0002037496,Y,61450,25400
1473618731,2026-05-08T05:01:19Z,2026-05-10T18:33:19Z,217,0.0001085485,Y,61456,25225
1473607696,2026-05-08T05:04:47Z,2026-05-08T16:36:21Z,90,0.0006854055,Y,64968,32453
1473580744,2026-05-08T05:07:45Z,2026-05-09T13:30:12Z,165,0.000644168,Y,67531,30115
1474021441,2026-05-08T11:32:28Z,2026-05-09T18:52:18Z,4615,,Y,14591,16404
1474021615,2026-05-08T11:32:34Z,2026-05-09T18:52:18Z,4615,,Y,16404,14591
1474129864,2026-05-08T12:19:52Z,2026-05-11T06:41:02Z,480,0.0003249608,Y,3047,31098
1474130586,2026-05-08T12:19:56Z,2026-05-08T17:01:21Z,257,0.0001775946,Y,4784,41007
1474131322,2026-05-08T12:20:01Z,2026-05-11T05:24:03Z,623,0.0002075923,Y,7350,34944
1474132023,2026-05-08T12:20:05Z,2026-05-09T03:38:07Z,583,0.0001047448,Y,10829,573
1474132666,2026-05-08T12:20:13Z,2026-05-10T00:35:26Z,106,0.0002353424,Y,13034,22502
1474133255,2026-05-08T12:20:17Z,2026-05-11T12:01:48Z,63,0.0001492708,Y,13648,34022
1474134392,2026-05-08T12:20:23Z,2026-05-11T04:06:38Z,320,0.0001822242,Y,16206,22615
1474137059,2026-05-08T12:20:41Z,2026-05-10T17:53:12Z,326,0.0001019329,Y,21721,31005
1474137371,2026-05-08T12:20:44Z,2026-05-10T00:35:26Z,106,0.0002353424,Y,22502,13034
1474137438,2026-05-08T12:20:46Z,2026-05-11T04:06:38Z,320,0.0001822242,Y,22615,16206
1474138495,2026-05-08T12:20:53Z,2026-05-09T22:11:00Z,160,0.0007205382,Y,25395,57541
1474138504,2026-05-08T12:20:53Z,2026-05-11T03:54:25Z,404,0.0002582203,Y,25400,61450
1474138461,2026-05-08T12:20:55Z,2026-05-10T18:33:19Z,356,0.0001494504,Y,25225,61456
1474140380,2026-05-08T12:21:11Z,2026-05-10T16:27:38Z,537,0.0002409558,Y,26932,41165
1474143499,2026-05-08T12:21:41Z,2026-05-09T13:30:12Z,108,0.001062998,Y,30115,67531
1474144181,2026-05-08T12:21:51Z,2026-05-09T23:40:04Z,56,0.000342714,Y,30464,31834
1474145076,2026-05-08T12:21:59Z,2026-05-09T20:49:10Z,183,0.0001483527,Y,30849,61178
1474145576,2026-05-08T12:22:01Z,2026-05-11T06:41:02Z,480,0.0003249608,Y,31098,3047
1474145410,2026-05-08T12:22:01Z,2026-05-10T17:53:12Z,326,0.0001019329,Y,31005,21721
1474145603,2026-05-08T12:22:03Z,2026-05-09T00:09:49Z,187,0.001935741,Y,31118,34671
1474146477,2026-05-08T12:22:12Z,2026-05-09T14:57:19Z,22,0.0001344004,Y,31407,60759
1474147515,2026-05-08T12:22:22Z,2026-05-09T23:40:04Z,56,0.000342714,Y,31834,30464
1474148350,2026-05-08T12:22:33Z,2026-05-08T16:36:21Z,90,0.000678991,Y,32453,64968
1474150923,2026-05-08T12:22:54Z,2026-05-11T12:01:48Z,63,0.0001492708,Y,34022,13648
1474151860,2026-05-08T12:23:02Z,2026-05-09T00:09:49Z,187,0.001935741,Y,34671,31118
1474151814,2026-05-08T12:23:03Z,2026-05-10T02:04:00Z,19,0.001240657,Y,34590,61361
1474152115,2026-05-08T12:23:06Z,2026-05-11T05:24:03Z,625,0.000205793,Y,34944,7350
1474152316,2026-05-08T12:23:08Z,2026-05-09T08:30:01Z,128,0.000115745,Y,35089,57543
1474153070,2026-05-08T12:23:16Z,2026-05-10T13:17:29Z,522,0.0002239478,Y,35434,49024
1474163478,2026-05-08T12:24:30Z,2026-05-08T17:01:21Z,257,0.0001775946,Y,41007,4784
1474230490,2026-05-08T12:29:43Z,2026-05-09T22:11:00Z,166,0.0007015499,Y,57541,25395
1474230519,2026-05-08T12:29:43Z,2026-05-09T08:30:01Z,128,0.000115745,Y,57543,35089
1474199638,2026-05-08T12:32:52Z,2026-05-09T14:57:19Z,22,0.0001344004,Y,60759,31407
1474201110,2026-05-08T12:33:04Z,2026-05-09T20:49:10Z,183,0.0001483527,Y,61178,30849
1474202339,2026-05-08T12:33:12Z,2026-05-10T02:04:00Z,19,0.001240657,Y,61361,34590
1474202588,2026-05-08T12:33:13Z,2026-05-11T03:54:25Z,404,0.0002582203,Y,61450,25400
1474202658,2026-05-08T12:33:14Z,2026-05-10T18:33:19Z,356,0.0001494504,Y,61456,25225
1474191743,2026-05-08T12:37:12Z,2026-05-08T16:36:21Z,90,0.000678991,Y,64968,32453
1474258118,2026-05-08T12:38:52Z,2026-05-09T13:30:12Z,108,0.001062998,Y,67531,30115
1474655869,2026-05-08T20:36:01Z,2026-05-09T18:52:18Z,4615,,Y,14591,16404
1474695354,2026-05-08T21:37:40Z,2026-05-11T19:26:11Z,15,0.06339533,Y,899,745
1474695301,2026-05-08T21:37:40Z,2026-05-11T19:26:11Z,15,0.06339533,Y,745,899
1474695758,2026-05-08T21:37:43Z,2026-05-11T06:41:02Z,355,0.0003197102,Y,3047,31098
1474695761,2026-05-08T21:37:44Z,2026-05-11T02:33:14Z,330,0.0001715869,Y,3081,32089
1474697345,2026-05-08T21:38:02Z,2026-05-11T05:24:03Z,586,0.0001321166,Y,7350,34944
1474698117,2026-05-08T21:38:07Z,2026-05-09T03:38:07Z,581,0.0001068978,Y,10829,573
1474699348,2026-05-08T21:38:19Z,2026-05-11T12:01:48Z,44,0.0001813308,Y,13648,34022
1474700339,2026-05-08T21:38:29Z,2026-05-11T21:08:39Z,127,0.0009528718,Y,15099,20902
1474700553,2026-05-08T21:38:31Z,2026-05-11T04:06:38Z,318,0.0001733814,Y,16206,22615
1474703117,2026-05-08T21:38:58Z,2026-05-11T21:08:39Z,127,0.0009528718,Y,20902,15099
1474703752,2026-05-08T21:39:04Z,2026-05-11T04:06:38Z,318,0.0001733814,Y,22615,16206
1474703817,2026-05-08T21:39:06Z,2026-05-10T15:10:41Z,780,0.000178556,Y,22823,35524
1474705407,2026-05-08T21:39:15Z,2026-05-11T18:26:21Z,154,0.0001475102,Y,25105,81775
1474705543,2026-05-08T21:39:17Z,2026-05-09T22:11:00Z,255,0.0001179349,Y,25395,57541
1474705510,2026-05-08T21:39:17Z,2026-05-10T18:33:19Z,344,0.0001769123,Y,25225,61456
1474707435,2026-05-08T21:39:34Z,2026-05-10T16:27:38Z,485,0.0001435283,Y,26932,41165
1474710747,2026-05-08T21:40:07Z,2026-05-09T13:30:12Z,189,0.0003675852,Y,30115,67531
1474711492,2026-05-08T21:40:17Z,2026-05-09T23:40:04Z,55,0.0002187905,Y,30464,31834
1474712454,2026-05-08T21:40:32Z,2026-05-09T20:49:10Z,171,0.0001958479,Y,30849,61178
1474713031,2026-05-08T21:40:38Z,2026-05-09T00:09:49Z,189,0.001030215,Y,31118,34671
1474713003,2026-05-08T21:40:39Z,2026-05-11T06:41:02Z,355,0.0003197102,Y,31098,3047
1474713909,2026-05-08T21:40:50Z,2026-05-09T14:57:19Z,21,0.0001951913,Y,31407,60759
1474715001,2026-05-08T21:41:02Z,2026-05-09T23:40:04Z,55,0.0002187905,Y,31834,30464
1474715386,2026-05-08T21:41:07Z,2026-05-11T02:33:14Z,330,0.0001715869,Y,32089,3081
1474718508,2026-05-08T21:41:48Z,2026-05-11T12:01:48Z,44,0.0001813308,Y,34022,13648
1474719417,2026-05-08T21:41:58Z,2026-05-10T02:04:00Z,23,0.001622762,Y,34590,61361
1474719474,2026-05-08T21:42:00Z,2026-05-09T00:09:49Z,189,0.001030215,Y,34671,31118
1474719767,2026-05-08T21:42:02Z,2026-05-11T05:24:03Z,586,0.0001321166,Y,34944,7350
1474720007,2026-05-08T21:42:06Z,2026-05-09T08:30:01Z,124,0.0001220261,Y,35089,57543
1474720859,2026-05-08T21:42:19Z,2026-05-10T13:17:29Z,511,0.0002281911,Y,35434,49024
1474721002,2026-05-08T21:42:20Z,2026-05-10T15:10:41Z,780,0.000178556,Y,35524,22823
1474721700,2026-05-08T21:42:28Z,2026-05-11T18:43:47Z,186,0.0004704059,Y,35954,60886
1474730535,2026-05-08T21:43:56Z,2026-05-10T09:12:01Z,384,0.0001179443,Y,40612,60984
1474869684,2026-05-08T21:44:12Z,2026-05-10T16:27:38Z,485,0.0001435283,Y,41165,26932
1474731751,2026-05-08T21:44:12Z,2026-05-10T16:27:38Z,485,0.0001435283,Y,41165,26932
1474764050,2026-05-08T21:46:16Z,2026-05-10T09:34:06Z,588,0.0002037169,Y,46915,56750
1474861983,2026-05-08T21:46:16Z,2026-05-10T09:34:06Z,588,0.0002037169,Y,46915,56750
1474751774,2026-05-08T21:49:41Z,2026-05-10T09:34:06Z,588,0.0002037169,Y,56750,46915
1474896069,2026-05-08T21:50:44Z,2026-05-09T08:30:01Z,124,0.0001220261,Y,57543,35089
1474768136,2026-05-08T21:50:44Z,2026-05-09T08:30:01Z,124,0.0001220261,Y,57543,35089
1474896029,2026-05-08T21:50:45Z,2026-05-09T22:11:00Z,255,0.0001179349,Y,57541,25395
1474768096,2026-05-08T21:50:45Z,2026-05-09T22:11:00Z,255,0.0001179349,Y,57541,25395
1474918793,2026-05-08T21:54:28Z,2026-05-09T14:57:19Z,21,0.0001951913,Y,60759,31407
1474919401,2026-05-08T21:54:35Z,2026-05-11T18:43:47Z,186,0.0004704059,Y,60886,35954
1474919619,2026-05-08T21:54:36Z,2026-05-10T09:12:01Z,384,0.0001179443,Y,60984,40612
1474920331,2026-05-08T21:54:43Z,2026-05-09T20:49:10Z,171,0.0001958479,Y,61178,30849
1474921635,2026-05-08T21:54:58Z,2026-05-10T02:04:00Z,23,0.001622762,Y,61361,34590
1474921980,2026-05-08T21:55:00Z,2026-05-10T18:33:19Z,344,0.0001769123,Y,61456,25225
1474840238,2026-05-08T22:02:28Z,2026-05-09T13:30:12Z,189,0.0003675852,Y,67531,30115
1475572779,2026-05-09T04:28:20Z,2026-05-09T18:52:18Z,4615,,Y,14591,16404
1475572984,2026-05-09T04:28:21Z,2026-05-09T18:52:18Z,4615,,Y,16404,14591
1475707069,2026-05-09T05:30:12Z,2026-05-11T19:26:11Z,13,0.07201977,Y,745,899
1475707121,2026-05-09T05:30:13Z,2026-05-11T19:26:11Z,13,0.07201977,Y,899,745
1475707505,2026-05-09T05:30:19Z,2026-05-11T06:41:02Z,310,0.0004059196,Y,3047,31098
1475707510,2026-05-09T05:30:22Z,2026-05-11T02:33:14Z,284,0.0001779579,Y,3081,32089
1475710886,2026-05-09T05:30:58Z,2026-05-11T12:01:48Z,67,0.0007005742,Y,13648,34022
1475715044,2026-05-09T05:31:44Z,2026-05-10T02:50:54Z,63,0.000104976,Y,22368,41833
1475715290,2026-05-09T05:31:45Z,2026-05-10T15:10:41Z,418,0.0002446643,Y,22823,35524
1475716302,2026-05-09T05:31:55Z,2026-05-09T22:11:00Z,205,0.0001292652,Y,25395,57541
1475716300,2026-05-09T05:31:55Z,2026-05-11T06:20:00Z,895,0.0002023011,Y,25344,61817
1475716167,2026-05-09T05:31:56Z,2026-05-11T18:26:21Z,164,0.000181974,Y,25105,81775
1475716266,2026-05-09T05:31:57Z,2026-05-10T18:33:19Z,310,0.0002038139,Y,25225,61456
1475769434,2026-05-09T05:32:15Z,2026-05-10T16:27:38Z,444,0.0001328489,Y,26932,41165
1475701104,2026-05-09T05:36:01Z,2026-05-10T09:12:01Z,548,0.0001060057,Y,40612,60984
1475702332,2026-05-09T05:36:17Z,2026-05-10T16:27:38Z,444,0.0001328489,Y,41165,26932
1475704368,2026-05-09T05:36:43Z,2026-05-10T02:50:54Z,63,0.000104976,Y,41833,22368
1475743586,2026-05-09T05:38:41Z,2026-05-10T04:53:26Z,85,0.000154239,Y,45509,30848
1475744999,2026-05-09T05:39:00Z,2026-05-10T09:34:06Z,179,0.0004190268,Y,46915,56750
1475651428,2026-05-09T05:42:21Z,2026-05-10T09:34:06Z,179,0.0004190268,Y,56750,46915
1475678141,2026-05-09T05:43:21Z,2026-05-09T08:30:01Z,126,0.0001182947,Y,57543,35089
1475678111,2026-05-09T05:43:21Z,2026-05-09T22:11:00Z,205,0.0001292652,Y,57541,25395
1475641222,2026-05-09T05:47:48Z,2026-05-10T09:12:01Z,548,0.0001060057,Y,60984,40612
1475641892,2026-05-09T05:47:54Z,2026-05-09T20:49:10Z,186,0.0002100421,Y,61178,30849
1475643216,2026-05-09T05:48:06Z,2026-05-10T02:04:00Z,22,0.002187282,Y,61361,34590
1475643515,2026-05-09T05:48:09Z,2026-05-10T18:33:19Z,310,0.0002038139,Y,61456,25225
1475644854,2026-05-09T05:48:24Z,2026-05-11T06:20:00Z,895,0.0002023011,Y,61817,25344
1476022112,2026-05-09T11:09:45Z,2026-05-09T18:52:18Z,4752,,Y,14591,16404
1476022293,2026-05-09T11:09:46Z,2026-05-09T18:52:18Z,4752,,Y,16404,14591
1476125253,2026-05-09T12:03:34Z,2026-05-11T19:26:11Z,14,0.07188363,Y,899,745
1476125619,2026-05-09T12:03:39Z,2026-05-11T02:33:14Z,456,0.0002442503,Y,3081,32089
1476128977,2026-05-09T12:04:19Z,2026-05-11T12:01:48Z,40,0.0006347658,Y,13648,34022
1476129932,2026-05-09T12:04:39Z,2026-05-11T21:08:39Z,126,0.0002311565,Y,15099,20902
1476130391,2026-05-09T12:04:51Z,2026-05-10T00:51:08Z,217,0.0001014527,Y,17143,81614
1476133291,2026-05-09T12:06:07Z,2026-05-12T07:06:27Z,57,0.002437161,Y,22782,30603
1476134123,2026-05-09T12:06:34Z,2026-05-11T18:26:21Z,475,0.0001928445,Y,25105,81775
1476148501,2026-05-09T12:08:56Z,2026-05-12T05:46:00Z,24,0.001030414,Y,29750,35332
1476150218,2026-05-09T12:09:41Z,2026-05-12T07:06:27Z,57,0.002437161,Y,30603,22782
1476151118,2026-05-09T12:10:04Z,2026-05-10T05:29:46Z,129,0.0001758739,Y,31019,87764
1476152113,2026-05-09T12:10:31Z,2026-05-09T14:57:19Z,88,0.0001609526,Y,31407,60759
1476152513,2026-05-09T12:10:41Z,2026-05-12T06:35:30Z,737,0.0002177209,Y,31615,16682
1476153538,2026-05-09T12:11:10Z,2026-05-11T02:33:14Z,456,0.0002442503,Y,32089,3081
1476156715,2026-05-09T12:12:32Z,2026-05-11T12:01:48Z,40,0.0006347658,Y,34022,13648
1476157565,2026-05-09T12:12:54Z,2026-05-10T02:04:00Z,36,0.003204907,Y,34590,61361
1476158589,2026-05-09T12:13:20Z,2026-05-12T05:46:00Z,24,0.001030414,Y,35332,29750
1476158972,2026-05-09T12:13:31Z,2026-05-10T13:17:29Z,520,0.0001952305,Y,35434,49024
1476159109,2026-05-09T12:13:35Z,2026-05-10T15:10:41Z,765,0.0002279143,Y,35524,22823
1476159791,2026-05-09T12:13:52Z,2026-05-11T18:43:47Z,95,0.001227418,Y,35954,60886
1476138469,2026-05-09T12:15:37Z,2026-05-10T09:12:01Z,268,0.0001904176,Y,40612,60984
1476140569,2026-05-09T12:16:05Z,2026-05-11T11:14:10Z,19,0.0001017819,Y,41358,14406
1476171483,2026-05-09T12:18:31Z,2026-05-10T09:34:06Z,98,0.002281492,Y,46915,56750
1476188741,2026-05-09T12:22:24Z,2026-05-10T09:34:06Z,98,0.002281492,Y,56750,46915
1476197187,2026-05-09T12:31:19Z,2026-05-09T14:57:19Z,88,0.0001609526,Y,60759,31407
1476197749,2026-05-09T12:31:26Z,2026-05-11T18:43:47Z,95,0.001227418,Y,60886,35954
1476197965,2026-05-09T12:31:29Z,2026-05-10T09:12:01Z,268,0.0001904176,Y,60984,40612
1476199962,2026-05-09T12:31:52Z,2026-05-10T02:04:00Z,36,0.003204907,Y,61361,34590
1476633994,2026-05-09T20:39:52Z,2026-05-12T19:36:46Z,4632,,Y,23205,23398
1476634218,2026-05-09T20:39:56Z,2026-05-12T19:36:46Z,4632,,Y,23398,23205
1476713953,2026-05-09T21:31:49Z,2026-05-11T19:26:11Z,11,0.1073244,Y,899,745
1476713906,2026-05-09T21:31:49Z,2026-05-11T19:26:11Z,11,0.1073244,Y,745,899
1476714357,2026-05-09T21:31:51Z,2026-05-11T02:33:14Z,573,0.0003287096,Y,3081,32089
1476715348,2026-05-09T21:31:58Z,2026-05-11T03:10:52Z,372,0.0006574134,Y,5301,81096
1476716639,2026-05-09T21:32:06Z,2026-05-10T11:33:07Z,127,0.0002510067,Y,11288,29897
1476717905,2026-05-09T21:32:15Z,2026-05-11T12:01:49Z,53,0.001001316,Y,13648,34022
1476718521,2026-05-09T21:32:18Z,2026-05-11T11:14:10Z,55,0.0002470918,Y,14406,41358
1476719393,2026-05-09T21:32:22Z,2026-05-10T00:51:08Z,349,0.0001030492,Y,17143,81614
1476721970,2026-05-09T21:32:38Z,2026-05-10T17:53:12Z,170,0.0001645429,Y,21721,31005
1476722419,2026-05-09T21:32:41Z,2026-05-12T07:06:27Z,57,0.001566303,Y,22782,30603
1476722409,2026-05-09T21:32:41Z,2026-05-12T18:34:52Z,37,0.0005885238,Y,22707,31664
1476723853,2026-05-09T21:32:45Z,2026-05-12T17:44:27Z,250,0.000403943,Y,24953,42098
1476724118,2026-05-09T21:32:47Z,2026-05-12T09:56:23Z,525,0.0001055829,Y,25395,61371
1476725071,2026-05-09T21:32:53Z,2026-05-12T21:31:19Z,450,0.0001338452,Y,26265,61570
1476728567,2026-05-09T21:33:14Z,2026-05-12T05:46:00Z,59,0.001090824,Y,29750,35332
1476728853,2026-05-09T21:33:17Z,2026-05-10T11:33:07Z,127,0.0002510067,Y,29897,11288
1476729499,2026-05-09T21:33:21Z,2026-05-10T19:26:38Z,123,0.0002017955,Y,30196,41654
1476730445,2026-05-09T21:33:42Z,2026-05-12T07:06:27Z,57,0.001566303,Y,30603,22782
1476731365,2026-05-09T21:33:47Z,2026-05-10T05:29:47Z,102,0.0002676964,Y,31019,87764
1476731348,2026-05-09T21:33:48Z,2026-05-10T17:53:12Z,170,0.0001645429,Y,31005,21721
1476731985,2026-05-09T21:33:51Z,2026-05-12T06:51:01Z,420,0.0001037197,Y,31287,49047
1476731930,2026-05-09T21:33:51Z,2026-05-12T15:03:02Z,110,0.0001590842,Y,31272,56619
1476732984,2026-05-09T21:33:57Z,2026-05-12T18:34:52Z,37,0.0005885238,Y,31664,22707
1476733925,2026-05-09T21:34:02Z,2026-05-11T02:33:14Z,573,0.0003287096,Y,32089,3081
1476734353,2026-05-09T21:34:08Z,2026-05-12T15:52:48Z,237,0.0001630181,Y,32356,36343
1476736239,2026-05-09T21:34:17Z,2026-05-11T23:14:50Z,98,0.0001272608,Y,33757,41534
1476737251,2026-05-09T21:34:23Z,2026-05-11T12:01:49Z,53,0.001001316,Y,34022,13648
1476738122,2026-05-09T21:34:28Z,2026-05-10T02:04:00Z,40,0.001874094,Y,34590,61361
1476739214,2026-05-09T21:34:34Z,2026-05-12T05:46:00Z,59,0.001090824,Y,35332,29750
1476739617,2026-05-09T21:34:37Z,2026-05-10T13:17:29Z,545,0.0001662533,Y,35434,49024
1476740467,2026-05-09T21:34:42Z,2026-05-11T18:43:47Z,5,0.00272527,Y,35954,60886
1476741139,2026-05-09T21:34:46Z,2026-05-12T15:52:48Z,237,0.0001630181,Y,36343,32356
1476748949,2026-05-09T21:35:34Z,2026-05-10T09:12:01Z,106,0.0003819405,Y,40612,60984
1476751117,2026-05-09T21:35:47Z,2026-05-11T11:14:10Z,55,0.0002470918,Y,41358,14406
1476751708,2026-05-09T21:35:50Z,2026-05-11T23:14:50Z,98,0.0001272608,Y,41534,33757
1476751982,2026-05-09T21:35:52Z,2026-05-10T02:46:40Z,151,0.001360155,Y,41705,270419
1476751925,2026-05-09T21:35:52Z,2026-05-10T19:26:38Z,123,0.0002017955,Y,41654,30196
1476752432,2026-05-09T21:35:56Z,2026-05-12T17:44:27Z,250,0.000403943,Y,42098,24953
1476753225,2026-05-09T21:36:00Z,2026-05-12T16:29:24Z,179,0.0001885775,Y,42534,270024
1476779234,2026-05-09T21:38:43Z,2026-05-12T15:03:02Z,110,0.0001590842,Y,56619,31272
1476780098,2026-05-09T21:38:48Z,2026-05-10T09:34:06Z,198,0.003073037,Y,56750,46915
1476799929,2026-05-09T21:42:13Z,2026-05-11T18:43:47Z,5,0.00272527,Y,60886,35954
1476800141,2026-05-09T21:42:14Z,2026-05-10T09:12:01Z,106,0.0003819405,Y,60984,40612
1476802217,2026-05-09T21:42:28Z,2026-05-10T02:04:00Z,40,0.001874094,Y,61361,34590
1476802248,2026-05-09T21:42:31Z,2026-05-12T09:56:23Z,525,0.0001055829,Y,61371,25395
1476802917,2026-05-09T21:42:36Z,2026-05-12T21:31:19Z,450,0.0001338452,Y,61570,26265
1477265773,2026-05-10T05:02:16Z,2026-05-12T19:36:46Z,4632,,Y,23398,23205
1477265510,2026-05-10T05:02:17Z,2026-05-12T19:36:46Z,4632,,Y,23205,23398
1477281594,2026-05-10T05:45:50Z,2026-05-11T19:26:11Z,5,0.1680513,Y,899,745
1477281930,2026-05-10T05:45:54Z,2026-05-11T02:33:14Z,575,0.0003557638,Y,3081,32089
1477283782,2026-05-10T05:46:13Z,2026-05-10T11:33:07Z,115,0.000413892,Y,11288,29897
1477284871,2026-05-10T05:46:23Z,2026-05-11T12:01:49Z,69,0.0005350541,Y,13648,34022
1477285577,2026-05-10T05:46:30Z,2026-05-13T02:05:46Z,463,0.0001893281,Y,14729,38375
1477288622,2026-05-10T05:47:01Z,2026-05-12T07:06:27Z,57,0.001534609,Y,22782,30603
1477288481,2026-05-10T05:47:01Z,2026-05-12T18:17:19Z,614,0.0002352307,Y,22489,30040
1477289258,2026-05-10T05:47:07Z,2026-05-12T17:44:27Z,250,0.0004877052,Y,24953,42098
1477289502,2026-05-10T05:47:09Z,2026-05-12T09:56:23Z,64,0.0001507262,Y,25395,61371
1477302735,2026-05-10T05:49:18Z,2026-05-12T05:46:00Z,79,0.001028023,Y,35332,29750
1477303822,2026-05-10T05:49:31Z,2026-05-11T18:43:47Z,6,0.003208726,Y,35954,60886
1477304372,2026-05-10T05:49:35Z,2026-05-12T15:52:48Z,223,0.0001561022,Y,36343,32356
1477306970,2026-05-10T05:50:03Z,2026-05-13T02:05:46Z,463,0.0001893281,Y,38375,14729
1477310615,2026-05-10T05:50:35Z,2026-05-11T10:25:40Z,313,0.000120816,Y,40262,30814
1477332967,2026-05-10T05:51:02Z,2026-05-11T11:14:10Z,43,0.0002926974,Y,41358,14406
1477333515,2026-05-10T05:51:07Z,2026-05-11T23:14:50Z,49,0.0001825556,Y,41534,33757
1477333680,2026-05-10T05:51:09Z,2026-05-10T19:26:38Z,100,0.0003233372,Y,41654,30196
1477334051,2026-05-10T05:51:14Z,2026-05-12T17:44:27Z,250,0.0004877052,Y,42098,24953
1477334519,2026-05-10T05:51:19Z,2026-05-12T16:29:24Z,183,0.0001878558,Y,42534,270024
1477335301,2026-05-10T05:51:27Z,2026-05-10T09:34:06Z,46,0.007477083,Y,46915,56750
1477338604,2026-05-10T05:52:00Z,2026-05-12T15:03:02Z,135,0.0001825473,Y,56619,31272
1477339380,2026-05-10T05:52:07Z,2026-05-10T09:34:06Z,46,0.007477083,Y,56750,46915
1477325075,2026-05-10T05:56:44Z,2026-05-11T18:43:47Z,6,0.003208726,Y,60886,35954
1477327032,2026-05-10T05:57:03Z,2026-05-12T09:56:23Z,64,0.0001507262,Y,61371,25395
1477614155,2026-05-10T11:11:19Z,2026-05-13T06:52:30Z,3954,,Y,23205,23398
1477614154,2026-05-10T11:11:19Z,2026-05-12T19:36:46Z,4632,,Y,23205,23398
1477614412,2026-05-10T11:11:20Z,2026-05-13T06:52:30Z,3954,,Y,23398,23205
1477614411,2026-05-10T11:11:20Z,2026-05-12T19:36:46Z,4632,,Y,23398,23205
1477666924,2026-05-10T11:58:47Z,2026-05-11T19:26:11Z,5,0.1749576,Y,745,899
1477666973,2026-05-10T11:58:48Z,2026-05-11T19:26:11Z,5,0.1749576,Y,899,745
1477669396,2026-05-10T11:59:11Z,2026-05-10T11:33:07Z,114,0.0004192985,Y,11288,29897
1477670604,2026-05-10T11:59:21Z,2026-05-11T12:01:49Z,99,0.0002735147,Y,13648,34022
1477671172,2026-05-10T11:59:25Z,2026-05-11T11:14:10Z,60,0.0004282376,Y,14406,41358
1477671371,2026-05-10T11:59:28Z,2026-05-13T02:05:46Z,129,0.0002533363,Y,14729,38375
1477674386,2026-05-10T11:59:54Z,2026-05-10T17:53:12Z,167,0.0001864624,Y,21721,31005
1477674671,2026-05-10T11:59:57Z,2026-05-12T18:17:19Z,203,0.0003684824,Y,22489,30040
1477674804,2026-05-10T11:59:58Z,2026-05-12T18:34:52Z,59,0.0002030315,Y,22707,31664
1477674813,2026-05-10T11:59:59Z,2026-05-12T07:06:27Z,52,0.002297349,Y,22782,30603
1477675573,2026-05-10T12:00:06Z,2026-05-12T17:44:27Z,141,0.0006270802,Y,24953,42098
1477713326,2026-05-10T12:00:48Z,2026-05-10T11:33:07Z,114,0.0004192985,Y,29897,11288
1477713079,2026-05-10T12:00:50Z,2026-05-12T05:46:00Z,97,0.000923751,Y,29750,35332
1477713573,2026-05-10T12:00:51Z,2026-05-12T18:17:19Z,203,0.0003684824,Y,30040,22489
1477713887,2026-05-10T12:00:53Z,2026-05-10T19:26:38Z,148,0.0001943351,Y,30196,41654
1477714857,2026-05-10T12:01:05Z,2026-05-12T07:06:27Z,52,0.002297349,Y,30603,22782
1477715669,2026-05-10T12:01:13Z,2026-05-10T17:53:12Z,167,0.0001864624,Y,31005,21721
1477716195,2026-05-10T12:01:14Z,2026-05-12T15:03:02Z,248,0.0001193668,Y,31272,56619
1477716687,2026-05-10T12:01:19Z,2026-05-12T12:14:33Z,333,0.0001110513,Y,31424,270421
1477717178,2026-05-10T12:01:25Z,2026-05-12T18:34:52Z,59,0.0002030315,Y,31664,22707
1477718452,2026-05-10T12:01:36Z,2026-05-12T15:52:48Z,233,0.0001307591,Y,32356,36343
1477720302,2026-05-10T12:01:50Z,2026-05-11T23:14:50Z,94,0.0001779401,Y,33757,41534
1477721232,2026-05-10T12:01:59Z,2026-05-11T12:01:49Z,99,0.0002735147,Y,34022,13648
1477723076,2026-05-10T12:02:15Z,2026-05-12T05:46:00Z,97,0.000923751,Y,35332,29750
1477723479,2026-05-10T12:02:22Z,2026-05-10T13:17:29Z,534,0.0001595647,Y,35434,49024
1477724289,2026-05-10T12:02:26Z,2026-05-11T18:43:47Z,19,0.00454567,Y,35954,60886
1477724977,2026-05-10T12:02:32Z,2026-05-12T15:52:48Z,233,0.0001307591,Y,36343,32356
1477727879,2026-05-10T12:02:57Z,2026-05-13T02:05:46Z,129,0.0002533363,Y,38375,14729
1477705153,2026-05-10T12:03:54Z,2026-05-11T11:14:10Z,60,0.0004282376,Y,41358,14406
1477705906,2026-05-10T12:04:00Z,2026-05-10T19:26:38Z,148,0.0001943351,Y,41654,30196
1477705719,2026-05-10T12:04:01Z,2026-05-11T23:14:50Z,94,0.0001779401,Y,41534,33757
1477706394,2026-05-10T12:04:09Z,2026-05-12T17:44:27Z,141,0.0006270802,Y,42098,24953
1477707102,2026-05-10T12:04:12Z,2026-05-12T16:29:24Z,140,0.0002960699,Y,42534,270024
1477784245,2026-05-10T12:06:46Z,2026-05-13T03:09:35Z,629,0.000169792,Y,54449,87847
1477691567,2026-05-10T12:07:50Z,2026-05-12T15:03:02Z,248,0.0001193668,Y,56619,31272
1477730730,2026-05-10T12:12:04Z,2026-05-11T18:43:47Z,19,0.00454567,Y,60886,35954
1478242158,2026-05-10T20:22:20Z,2026-05-12T19:36:46Z,4549,,Y,23205,23398
1478242160,2026-05-10T20:22:20Z,2026-05-13T18:08:14Z,3332,,Y,23205,23398
1478242159,2026-05-10T20:22:20Z,2026-05-13T06:52:30Z,3880,,Y,23205,23398
1478242395,2026-05-10T20:22:23Z,2026-05-13T18:08:14Z,3332,,Y,23398,23205
1478242393,2026-05-10T20:22:23Z,2026-05-12T19:36:46Z,4549,,Y,23398,23205
1478242394,2026-05-10T20:22:23Z,2026-05-13T06:52:30Z,3880,,Y,23398,23205
1478326514,2026-05-10T21:17:35Z,2026-05-11T19:26:11Z,7,0.1630162,Y,899,745
1478330300,2026-05-10T21:18:15Z,2026-05-11T12:01:49Z,71,0.0003937163,Y,13648,34022
1478331112,2026-05-10T21:18:24Z,2026-05-13T02:05:46Z,127,0.0004251321,Y,14729,38375
1478334488,2026-05-10T21:18:58Z,2026-05-12T18:17:19Z,604,0.0003646888,Y,22489,30040
1478334635,2026-05-10T21:19:03Z,2026-05-12T07:06:27Z,48,0.002924357,Y,22782,30603
1478335373,2026-05-10T21:19:08Z,2026-05-12T17:44:27Z,198,0.0006117838,Y,24953,42098
1478346400,2026-05-10T21:19:17Z,2026-05-11T11:02:11Z,159,0.0002784422,Y,26140,41534
1478346567,2026-05-10T21:19:19Z,2026-05-13T15:14:13Z,232,0.0003469042,Y,26347,25637
1478348075,2026-05-10T21:19:33Z,2026-05-13T16:44:13Z,714,0.0001183554,Y,28275,44636
1478349285,2026-05-10T21:19:44Z,2026-05-13T19:56:09Z,43,0.0004367045,Y,29362,29975
1478349941,2026-05-10T21:19:50Z,2026-05-12T05:46:00Z,90,0.001068119,Y,29750,35332
1478350375,2026-05-10T21:19:54Z,2026-05-13T19:56:09Z,43,0.0004367045,Y,29975,29362
1478350488,2026-05-10T21:19:55Z,2026-05-12T18:17:19Z,604,0.0003646888,Y,30040,22489
1478351800,2026-05-10T21:20:07Z,2026-05-12T07:06:27Z,48,0.002924357,Y,30603,22782
1478353215,2026-05-10T21:20:21Z,2026-05-12T15:03:02Z,199,0.0001484271,Y,31272,56619
1478353275,2026-05-10T21:20:23Z,2026-05-12T06:51:01Z,894,0.0001001144,Y,31287,49047
1478318005,2026-05-10T21:21:03Z,2026-05-11T23:14:50Z,59,0.0004906947,Y,33757,41534
1478318966,2026-05-10T21:21:10Z,2026-05-11T12:01:49Z,71,0.0003937163,Y,34022,13648
1478320670,2026-05-10T21:21:26Z,2026-05-11T07:24:49Z,197,0.0001411063,Y,35243,19211
1478320894,2026-05-10T21:21:27Z,2026-05-12T05:46:00Z,90,0.001068119,Y,35332,29750
1478322061,2026-05-10T21:21:38Z,2026-05-11T18:43:47Z,15,0.006533344,Y,35954,60886
1478322799,2026-05-10T21:21:46Z,2026-05-12T04:04:22Z,278,0.0001975544,Y,36356,815
1478324926,2026-05-10T21:22:06Z,2026-05-12T13:07:09Z,58,0.0002306976,Y,37767,20008
1478325799,2026-05-10T21:22:18Z,2026-05-13T02:05:46Z,127,0.0004251321,Y,38375,14729
1478361534,2026-05-10T21:24:49Z,2026-05-13T16:44:13Z,714,0.0001183554,Y,44636,28275
1478382280,2026-05-10T21:26:40Z,2026-05-13T03:09:35Z,677,0.0001888155,Y,54449,87847
1478382426,2026-05-10T21:26:45Z,2026-05-12T12:00:03Z,220,0.0001289957,Y,54515,13561
1478369978,2026-05-10T21:27:53Z,2026-05-12T15:03:02Z,199,0.0001484271,Y,56619,31272
1478453232,2026-05-10T21:32:33Z,2026-05-11T18:43:47Z,15,0.006533344,Y,60886,35954
1478933608,2026-05-11T05:09:30Z,2026-05-13T06:52:30Z,3859,,Y,23205,23398
1478933609,2026-05-11T05:09:32Z,2026-05-13T18:08:14Z,3315,,Y,23205,23398
1478933607,2026-05-11T05:09:32Z,2026-05-12T19:36:46Z,4526,,Y,23205,23398
1478933765,2026-05-11T05:09:35Z,2026-05-13T18:08:14Z,3315,,Y,23398,23205
1478933763,2026-05-11T05:09:35Z,2026-05-12T19:36:46Z,4526,,Y,23398,23205
1478933764,2026-05-11T05:09:36Z,2026-05-13T06:52:30Z,3859,,Y,23398,23205
1479015459,2026-05-11T06:05:09Z,2026-05-12T04:04:22Z,292,0.0001842297,Y,815,36356
1479015495,2026-05-11T06:05:09Z,2026-05-11T19:26:11Z,6,0.2083783,Y,899,745
1479015436,2026-05-11T06:05:10Z,2026-05-11T19:26:11Z,6,0.2083783,Y,745,899
1479017022,2026-05-11T06:05:22Z,2026-05-13T13:00:48Z,38,0.0001367178,Y,6157,41280
1479019156,2026-05-11T06:05:41Z,2026-05-11T12:01:49Z,73,0.0002536718,Y,13648,34022
1479019082,2026-05-11T06:05:43Z,2026-05-12T12:00:03Z,166,0.0002819199,Y,13561,54515
1479019711,2026-05-11T06:05:48Z,2026-05-11T11:14:10Z,85,0.0005086949,Y,14406,41358
1479019925,2026-05-11T06:05:48Z,2026-05-13T02:05:46Z,99,0.0004562534,Y,14729,38375
1479020643,2026-05-11T06:05:54Z,2026-05-12T15:06:44Z,138,0.0001018604,Y,17794,54625
1479021438,2026-05-11T06:06:01Z,2026-05-11T07:24:49Z,202,0.0001281212,Y,19211,35243
1479021817,2026-05-11T06:06:05Z,2026-05-12T13:07:09Z,77,0.0001462627,Y,20008,37767
1479023122,2026-05-11T06:06:17Z,2026-05-12T18:17:19Z,592,0.0002836765,Y,22489,30040
1479023255,2026-05-11T06:06:18Z,2026-05-12T07:06:27Z,49,0.002781106,Y,22782,30603
1479023974,2026-05-11T06:06:24Z,2026-05-12T17:44:27Z,213,0.0007168287,Y,24953,42098
1479024044,2026-05-11T06:06:25Z,2026-05-14T04:28:09Z,235,0.001469602,Y,25078,29758
1479024202,2026-05-11T06:06:26Z,2026-05-12T09:56:23Z,219,0.0001355014,Y,25395,61371
1479024408,2026-05-11T06:06:28Z,2026-05-13T15:14:13Z,281,0.0002738138,Y,25637,26347
1479005517,2026-05-11T06:06:35Z,2026-05-11T11:02:11Z,216,0.0001078482,Y,26140,41534
1479005676,2026-05-11T06:06:35Z,2026-05-13T15:14:13Z,281,0.0002738138,Y,26347,25637
1479007033,2026-05-11T06:06:47Z,2026-05-12T00:33:37Z,163,0.0001049879,Y,28070,31187
1479007162,2026-05-11T06:06:50Z,2026-05-13T16:44:13Z,127,0.0001957659,Y,28275,44636
1479008313,2026-05-11T06:07:00Z,2026-05-13T19:56:09Z,69,0.0001537838,Y,29362,29975
1479008950,2026-05-11T06:07:03Z,2026-05-14T04:28:09Z,235,0.001469602,Y,29758,25078
1479008942,2026-05-11T06:07:04Z,2026-05-12T05:46:00Z,94,0.001022207,Y,29750,35332
1479009434,2026-05-11T06:07:08Z,2026-05-12T18:17:19Z,592,0.0002836765,Y,30040,22489
1479009323,2026-05-11T06:07:10Z,2026-05-13T19:56:09Z,69,0.0001537838,Y,29975,29362
1479010681,2026-05-11T06:07:19Z,2026-05-12T07:06:27Z,49,0.002781106,Y,30603,22782
1479011841,2026-05-11T06:07:29Z,2026-05-12T00:33:37Z,163,0.0001049879,Y,31187,28070
1479012546,2026-05-11T06:07:37Z,2026-05-12T12:14:33Z,272,0.0001630268,Y,31424,270421
1479067789,2026-05-11T06:11:37Z,2026-05-13T16:44:13Z,127,0.0001957659,Y,44636,28275
1479058248,2026-05-11T06:13:16Z,2026-05-13T03:09:35Z,634,0.0001403669,Y,54449,87847
1479058395,2026-05-11T06:13:18Z,2026-05-12T12:00:03Z,166,0.0002819199,Y,54515,13561
1479058833,2026-05-11T06:13:22Z,2026-05-12T15:06:44Z,138,0.0001018604,Y,54625,17794
1479062583,2026-05-11T06:14:00Z,2026-05-12T19:41:17Z,245,0.0001012839,Y,55213,36083
1479104994,2026-05-11T06:18:46Z,2026-05-11T18:43:47Z,13,0.01015297,Y,60886,35954
1479107145,2026-05-11T06:19:11Z,2026-05-12T09:56:23Z,219,0.0001355014,Y,61371,25395
1479376851,2026-05-11T11:22:16Z,2026-05-13T18:08:14Z,3315,,Y,23205,23398
1479376852,2026-05-11T11:22:16Z,2026-05-14T05:23:58Z,2921,,Y,23205,23398
1479376849,2026-05-11T11:22:16Z,2026-05-12T19:36:46Z,4526,,Y,23205,23398
1479376850,2026-05-11T11:22:16Z,2026-05-13T06:52:30Z,3859,,Y,23205,23398
1479377106,2026-05-11T11:22:21Z,2026-05-14T05:23:58Z,2921,,Y,23398,23205
1479377105,2026-05-11T11:22:22Z,2026-05-13T18:08:14Z,3315,,Y,23398,23205
1479377103,2026-05-11T11:22:23Z,2026-05-12T19:36:46Z,4526,,Y,23398,23205
1479377104,2026-05-11T11:22:23Z,2026-05-13T06:52:30Z,3859,,Y,23398,23205
1479432677,2026-05-11T12:25:17Z,2026-05-11T19:26:11Z,6,0.2112905,Y,745,899
1479432699,2026-05-11T12:25:17Z,2026-05-12T04:04:22Z,312,0.0001215428,Y,815,36356
1479432972,2026-05-11T12:25:20Z,2026-05-14T07:25:57Z,705,0.0001926687,Y,2140,20480
1479436231,2026-05-11T12:25:50Z,2026-05-12T12:00:03Z,174,0.000253927,Y,13561,54515
1479436845,2026-05-11T12:25:53Z,2026-05-11T11:14:10Z,86,0.0006396918,Y,14406,41358
1479437058,2026-05-11T12:25:55Z,2026-05-13T02:05:46Z,112,0.0004536869,Y,14729,38375
1479437764,2026-05-11T12:26:02Z,2026-05-12T15:06:44Z,136,0.0001073268,Y,17794,54625
1479438925,2026-05-11T12:26:13Z,2026-05-12T13:07:09Z,93,0.0003418463,Y,20008,37767
1479439046,2026-05-11T12:26:13Z,2026-05-14T07:25:57Z,705,0.0001926687,Y,20480,2140
1479440238,2026-05-11T12:26:23Z,2026-05-12T07:06:27Z,51,0.002548255,Y,22782,30603
1479440118,2026-05-11T12:26:24Z,2026-05-12T18:17:19Z,592,0.0002833586,Y,22489,30040
1479441027,2026-05-11T12:26:29Z,2026-05-14T04:28:09Z,211,0.001014994,Y,25078,29758
1479440957,2026-05-11T12:26:29Z,2026-05-12T17:44:27Z,219,0.0007109479,Y,24953,42098
1479441160,2026-05-11T12:26:30Z,2026-05-12T09:56:23Z,391,0.0003169863,Y,25395,61371
1479441349,2026-05-11T12:26:33Z,2026-05-13T15:14:13Z,275,0.0004355177,Y,25637,26347
1479442063,2026-05-11T12:26:38Z,2026-05-13T15:14:13Z,275,0.0004355177,Y,26347,25637
1479443495,2026-05-11T12:26:50Z,2026-05-12T16:46:43Z,302,0.0001056595,Y,28344,66051
1479443424,2026-05-11T12:26:51Z,2026-05-13T16:44:13Z,213,0.0002235086,Y,28275,44636
1479445200,2026-05-11T12:27:03Z,2026-05-14T04:28:09Z,211,0.001014994,Y,29758,25078
1479445210,2026-05-11T12:27:04Z,2026-05-14T11:06:34Z,9,0.0001833066,Y,29763,31813
1479445192,2026-05-11T12:27:05Z,2026-05-12T05:46:00Z,94,0.001019631,Y,29750,35332
1479445662,2026-05-11T12:27:08Z,2026-05-12T18:17:19Z,592,0.0002833586,Y,30040,22489
1479446840,2026-05-11T12:27:18Z,2026-05-12T07:06:27Z,51,0.002548255,Y,30603,22782
1479448602,2026-05-11T12:27:36Z,2026-05-12T12:14:33Z,259,0.0001016611,Y,31424,270421
1479449113,2026-05-11T12:27:37Z,2026-05-12T18:34:52Z,55,0.0001247084,Y,31664,22707
1479449569,2026-05-11T12:27:42Z,2026-05-14T11:06:34Z,9,0.0001833066,Y,31813,29763
1479452045,2026-05-11T12:28:03Z,2026-05-11T23:14:50Z,68,0.0003881901,Y,33757,41534
1479454627,2026-05-11T12:28:27Z,2026-05-12T05:46:00Z,94,0.001019631,Y,35332,29750
1479455727,2026-05-11T12:28:34Z,2026-05-11T18:43:47Z,19,0.01033923,Y,35954,60886
1479456405,2026-05-11T12:28:40Z,2026-05-12T04:04:22Z,312,0.0001215428,Y,36356,815
1479458402,2026-05-11T12:28:56Z,2026-05-12T13:07:09Z,93,0.0003418463,Y,37767,20008
1479459200,2026-05-11T12:29:05Z,2026-05-13T02:05:46Z,112,0.0004536869,Y,38375,14729
1479466151,2026-05-11T12:30:00Z,2026-05-11T11:14:10Z,86,0.0006396918,Y,41358,14406
1479466749,2026-05-11T12:30:06Z,2026-05-11T23:14:50Z,68,0.0003881901,Y,41534,33757
1479467402,2026-05-11T12:30:12Z,2026-05-12T17:44:27Z,219,0.0007109479,Y,42098,24953
1479468081,2026-05-11T12:30:18Z,2026-05-12T16:29:24Z,143,0.0002937268,Y,42534,270024
1479530066,2026-05-11T12:37:43Z,2026-05-11T18:43:47Z,19,0.01033923,Y,60886,35954
1479532135,2026-05-11T12:38:04Z,2026-05-12T09:56:23Z,391,0.0003169863,Y,61371,25395
1479612942,2026-05-11T12:42:27Z,2026-05-12T16:46:43Z,302,0.0001056595,Y,66051,28344
1479754313,2026-05-11T14:45:34Z,2026-05-11T19:26:11Z,5,0.2106333,Y,745,899
1480040755,2026-05-11T20:58:50Z,2026-05-14T05:23:58Z,2918,,Y,23398,23205
1480040753,2026-05-11T20:58:50Z,2026-05-13T06:52:30Z,3837,,Y,23398,23205
1480040756,2026-05-11T20:58:50Z,2026-05-14T16:39:43Z,2742,,Y,23398,23205
1480040754,2026-05-11T20:58:50Z,2026-05-13T18:08:14Z,3302,,Y,23398,23205
1480040752,2026-05-11T20:58:50Z,2026-05-12T19:36:46Z,4496,,Y,23398,23205
1480125977,2026-05-11T21:58:59Z,2026-05-14T07:25:57Z,713,0.0001800827,Y,2140,20480
1480127208,2026-05-11T21:59:15Z,2026-05-14T15:46:17Z,877,0.0002960528,Y,6059,41415
1480127252,2026-05-11T21:59:15Z,2026-05-13T16:23:30Z,36,0.0002415434,Y,6157,41280
1480127251,2026-05-11T21:59:15Z,2026-05-13T14:42:09Z,170,0.00015884,Y,6157,41280
1480128276,2026-05-11T21:59:33Z,2026-05-12T04:05:06Z,400,0.0001035871,Y,11605,48706
1480129332,2026-05-11T21:59:43Z,2026-05-12T12:00:03Z,125,0.0003382183,Y,13561,54515
1480130138,2026-05-11T21:59:52Z,2026-05-13T02:05:46Z,177,0.000255163,Y,14729,38375
1480130926,2026-05-11T22:00:01Z,2026-05-12T15:06:44Z,168,0.0001800794,Y,17794,54625
1480132100,2026-05-11T22:00:17Z,2026-05-12T13:07:09Z,90,0.0004096163,Y,20008,37767
1480132224,2026-05-11T22:00:18Z,2026-05-14T07:25:57Z,713,0.0001800827,Y,20480,2140
1480133402,2026-05-11T22:00:35Z,2026-05-12T07:06:27Z,51,0.002533965,Y,22782,30603
1480134210,2026-05-11T22:00:45Z,2026-05-12T17:44:27Z,194,0.0007708096,Y,24953,42098
1480134286,2026-05-11T22:00:46Z,2026-05-14T04:28:09Z,198,0.00109733,Y,25078,29758
1480134418,2026-05-11T22:00:48Z,2026-05-12T09:56:23Z,467,0.0002066631,Y,25395,61371
1480134619,2026-05-11T22:00:51Z,2026-05-13T15:14:13Z,286,0.0001240238,Y,25637,26347
1480135367,2026-05-11T22:01:02Z,2026-05-13T15:14:13Z,286,0.0001240238,Y,26347,25637
1480146682,2026-05-11T22:01:18Z,2026-05-13T16:44:13Z,55,0.000258597,Y,28275,44636
1480148525,2026-05-11T22:01:39Z,2026-05-14T11:06:34Z,10,0.0002194734,Y,29763,31813
1480148505,2026-05-11T22:01:40Z,2026-05-12T05:46:00Z,95,0.0009958676,Y,29750,35332
1480148514,2026-05-11T22:01:41Z,2026-05-14T04:28:09Z,198,0.00109733,Y,29758,25078
1480150212,2026-05-11T22:01:59Z,2026-05-12T07:06:27Z,51,0.002533965,Y,30603,22782
1480152077,2026-05-11T22:02:18Z,2026-05-12T12:14:33Z,173,0.0003630255,Y,31424,270421
1480153084,2026-05-11T22:02:28Z,2026-05-14T11:06:34Z,10,0.0002194734,Y,31813,29763
1480136120,2026-05-11T22:02:57Z,2026-05-11T23:14:50Z,73,0.0002966831,Y,33757,41534
1480138787,2026-05-11T22:03:35Z,2026-05-12T05:46:00Z,95,0.0009958676,Y,35332,29750
1480140116,2026-05-11T22:03:48Z,2026-05-12T19:41:17Z,234,0.0001056299,Y,36083,55213
1480142590,2026-05-11T22:04:20Z,2026-05-12T13:07:09Z,90,0.0004096163,Y,37767,20008
1480143412,2026-05-11T22:04:29Z,2026-05-13T02:05:46Z,177,0.000255163,Y,38375,14729
1480159700,2026-05-11T22:05:38Z,2026-05-13T16:23:30Z,36,0.0002415434,Y,41280,6157
1480159699,2026-05-11T22:05:38Z,2026-05-13T14:42:09Z,170,0.00015884,Y,41280,6157
1480160146,2026-05-11T22:05:43Z,2026-05-14T15:46:17Z,877,0.0002960528,Y,41415,6059
1480160560,2026-05-11T22:05:49Z,2026-05-11T23:14:50Z,73,0.0002966831,Y,41534,33757
1480161269,2026-05-11T22:05:56Z,2026-05-12T17:44:27Z,194,0.0007708096,Y,42098,24953
1480161947,2026-05-11T22:06:03Z,2026-05-12T16:29:24Z,142,0.0002940869,Y,42534,270024
1480168655,2026-05-11T22:07:18Z,2026-05-13T16:44:13Z,55,0.000258597,Y,44636,28275
1480172888,2026-05-11T22:08:09Z,2026-05-12T04:05:06Z,400,0.0001035871,Y,48706,11605
1480179188,2026-05-11T22:09:29Z,2026-05-12T12:00:03Z,125,0.0003382183,Y,54515,13561
1480179581,2026-05-11T22:09:34Z,2026-05-12T15:06:44Z,168,0.0001800794,Y,54625,17794
1480183441,2026-05-11T22:10:21Z,2026-05-12T19:41:17Z,234,0.0001056299,Y,55213,36083
1480217596,2026-05-11T22:17:22Z,2026-05-12T09:56:23Z,467,0.0002066631,Y,61371,25395
1480627565,2026-05-12T03:59:53Z,2026-05-13T18:08:14Z,3302,,Y,23205,23398
1480627564,2026-05-12T03:59:53Z,2026-05-13T06:52:30Z,3837,,Y,23205,23398
1480627568,2026-05-12T03:59:53Z,2026-05-15T03:55:27Z,2734,,Y,23205,23398
1480627566,2026-05-12T03:59:53Z,2026-05-14T05:23:58Z,2918,,Y,23205,23398
1480627567,2026-05-12T03:59:53Z,2026-05-14T16:39:43Z,2742,,Y,23205,23398
1480627432,2026-05-12T03:59:55Z,2026-05-14T21:48:07Z,3944,,Y,21703,23717
1480627563,2026-05-12T03:59:56Z,2026-05-12T19:36:46Z,4496,,Y,23205,23398
1480627911,2026-05-12T03:59:57Z,2026-05-14T21:48:07Z,3944,,Y,23717,21703
1480758523,2026-05-12T04:49:29Z,2026-05-14T07:25:57Z,688,0.0001983389,Y,2140,20480
1480759735,2026-05-12T04:49:39Z,2026-05-13T16:23:30Z,38,0.0002986353,Y,6157,41280
1480759734,2026-05-12T04:49:39Z,2026-05-13T14:42:09Z,168,0.0001650849,Y,6157,41280
1480759691,2026-05-12T04:49:43Z,2026-05-14T15:46:17Z,865,0.0003516465,Y,6059,41415
1480760684,2026-05-12T04:49:48Z,2026-05-12T04:05:06Z,394,0.0001050873,Y,11605,48706
1480762487,2026-05-12T04:50:03Z,2026-05-13T02:05:46Z,141,0.00036175,Y,14729,38375
1480763245,2026-05-12T04:50:12Z,2026-05-12T15:06:44Z,173,0.0001908458,Y,17794,54625
1480764479,2026-05-12T04:50:26Z,2026-05-12T13:07:09Z,88,0.0004111901,Y,20008,37767
1480764599,2026-05-12T04:50:26Z,2026-05-14T07:25:57Z,688,0.0001983389,Y,20480,2140
1480765730,2026-05-12T04:50:39Z,2026-05-12T07:06:27Z,50,0.002706257,Y,22782,30603
1480766539,2026-05-12T04:50:47Z,2026-05-12T17:44:27Z,222,0.0007259595,Y,24953,42098
1480766741,2026-05-12T04:50:49Z,2026-05-12T09:56:23Z,413,0.0001800435,Y,25395,61371
1480766615,2026-05-12T04:50:50Z,2026-05-14T04:28:09Z,211,0.0005883498,Y,25078,29758
1480737818,2026-05-12T04:54:17Z,2026-05-13T14:42:09Z,168,0.0001650849,Y,41280,6157
1480737819,2026-05-12T04:54:17Z,2026-05-13T16:23:30Z,38,0.0002986353,Y,41280,6157
1480738263,2026-05-12T04:54:21Z,2026-05-14T15:46:17Z,865,0.0003516465,Y,41415,6059
1480739365,2026-05-12T04:54:31Z,2026-05-12T17:44:27Z,222,0.0007259595,Y,42098,24953
1480740004,2026-05-12T04:54:37Z,2026-05-12T16:29:24Z,143,0.00029377,Y,42534,270024
1480809775,2026-05-12T04:55:36Z,2026-05-13T16:44:13Z,119,0.0002915363,Y,44636,28275
1480813988,2026-05-12T04:56:13Z,2026-05-12T04:05:06Z,394,0.0001050873,Y,48706,11605
1480820430,2026-05-12T04:57:04Z,2026-05-12T15:06:44Z,173,0.0001908458,Y,54625,17794
1480699283,2026-05-12T05:02:37Z,2026-05-12T09:56:23Z,413,0.0001800435,Y,61371,25395
1481192270,2026-05-12T11:38:37Z,2026-05-13T18:08:14Z,3304,,Y,23205,23398
1481192271,2026-05-12T11:38:37Z,2026-05-14T05:23:58Z,2917,,Y,23205,23398
1481192272,2026-05-12T11:38:37Z,2026-05-14T16:39:43Z,2739,,Y,23205,23398
1481192268,2026-05-12T11:38:37Z,2026-05-12T19:36:46Z,4507,,Y,23205,23398
1481192512,2026-05-12T11:38:40Z,2026-05-12T19:36:46Z,4507,,Y,23398,23205
1481192516,2026-05-12T11:38:40Z,2026-05-14T16:39:43Z,2739,,Y,23398,23205
1481192148,2026-05-12T11:38:40Z,2026-05-14T21:48:07Z,3987,,Y,21703,23717
1481192517,2026-05-12T11:38:40Z,2026-05-15T03:55:27Z,2730,,Y,23398,23205
1481192269,2026-05-12T11:38:40Z,2026-05-13T06:52:30Z,3844,,Y,23205,23398
1481192513,2026-05-12T11:38:40Z,2026-05-13T06:52:30Z,3844,,Y,23398,23205
1481192514,2026-05-12T11:38:40Z,2026-05-13T18:08:14Z,3304,,Y,23398,23205
1481192515,2026-05-12T11:38:40Z,2026-05-14T05:23:58Z,2917,,Y,23398,23205
1481192580,2026-05-12T11:38:41Z,2026-05-14T21:48:07Z,3987,,Y,23717,21703
1481192273,2026-05-12T11:38:41Z,2026-05-15T03:55:27Z,2730,,Y,23205,23398
1481261269,2026-05-12T12:45:41Z,2026-05-14T07:25:57Z,727,0.0001700003,Y,2140,20480
1481262403,2026-05-12T12:45:53Z,2026-05-13T16:23:30Z,40,0.0003827246,Y,6157,41280
1481262402,2026-05-12T12:45:53Z,2026-05-13T14:42:09Z,166,0.0001499248,Y,6157,41280
1481263991,2026-05-12T12:46:09Z,2026-05-15T08:28:41Z,170,0.0004310919,Y,13148,25863
1481265177,2026-05-12T12:46:20Z,2026-05-15T08:37:21Z,44,0.0002182811,Y,15775,66421
1481264975,2026-05-12T12:46:20Z,2026-05-13T02:05:46Z,36,0.002727631,Y,14729,38375
1481266945,2026-05-12T12:46:38Z,2026-05-12T13:07:09Z,90,0.0003716845,Y,20008,37767
1481267053,2026-05-12T12:46:39Z,2026-05-14T07:25:57Z,727,0.0001700003,Y,20480,2140
1481268968,2026-05-12T12:46:57Z,2026-05-12T17:44:27Z,207,0.0007454403,Y,24953,42098
1481269027,2026-05-12T12:46:59Z,2026-05-14T04:28:09Z,203,0.0003683745,Y,25078,29758
1481269571,2026-05-12T12:47:03Z,2026-05-15T08:28:41Z,170,0.0004310919,Y,25863,13148
1481322871,2026-05-12T12:47:38Z,2026-05-14T04:28:09Z,203,0.0003683745,Y,29758,25078
1481322879,2026-05-12T12:47:39Z,2026-05-14T11:06:34Z,94,0.0002974213,Y,29763,31813
1481324219,2026-05-12T12:47:48Z,2026-05-15T03:00:54Z,235,0.0001144509,Y,30528,30943
1481325002,2026-05-12T12:47:55Z,2026-05-15T03:00:54Z,235,0.0001144509,Y,30943,30528
1481326906,2026-05-12T12:48:13Z,2026-05-14T11:06:34Z,94,0.0002974213,Y,31813,29763
1481327194,2026-05-12T12:48:18Z,2026-05-15T06:53:24Z,988,0.0001069382,Y,32063,38725
1481251422,2026-05-12T12:48:54Z,2026-05-14T00:29:26Z,277,0.0002207704,Y,34913,64657
1481254647,2026-05-12T12:49:27Z,2026-05-15T04:13:05Z,381,0.0008405424,Y,37077,37390
1481254922,2026-05-12T12:49:29Z,2026-05-15T04:13:05Z,381,0.0008405424,Y,37390,37077
1481255472,2026-05-12T12:49:35Z,2026-05-12T13:07:09Z,90,0.0003716845,Y,37767,20008
1481256227,2026-05-12T12:49:42Z,2026-05-13T02:05:46Z,36,0.002727631,Y,38375,14729
1481256439,2026-05-12T12:49:43Z,2026-05-15T06:53:24Z,988,0.0001069382,Y,38725,32063
1481258712,2026-05-12T12:50:04Z,2026-05-15T11:30:49Z,231,0.0001040986,Y,39669,270210
1481302142,2026-05-12T12:50:38Z,2026-05-13T16:23:30Z,40,0.0003827246,Y,41280,6157
1481302141,2026-05-12T12:50:38Z,2026-05-13T14:42:09Z,166,0.0001499248,Y,41280,6157
1481303734,2026-05-12T12:50:56Z,2026-05-12T17:44:27Z,207,0.0007454403,Y,42098,24953
1481304396,2026-05-12T12:51:00Z,2026-05-12T16:29:24Z,141,0.0002951339,Y,42534,270024
1481291186,2026-05-12T13:03:27Z,2026-05-14T00:29:26Z,277,0.0002207704,Y,64657,34913
1481298293,2026-05-12T13:04:31Z,2026-05-15T08:37:21Z,44,0.0002182811,Y,66421,15775
1481882082,2026-05-12T21:22:51Z,2026-05-14T21:48:07Z,4060,,Y,21703,23717
1481882204,2026-05-12T21:22:52Z,2026-05-15T03:55:27Z,2731,,Y,23205,23398
1481882201,2026-05-12T21:22:52Z,2026-05-13T18:08:14Z,3308,,Y,23205,23398
1481882200,2026-05-12T21:22:54Z,2026-05-13T06:52:30Z,3849,,Y,23205,23398
1481882205,2026-05-12T21:22:54Z,2026-05-15T15:11:12Z,2773,,Y,23205,23398
1481882203,2026-05-12T21:22:54Z,2026-05-14T16:39:43Z,2740,,Y,23205,23398
1481882202,2026-05-12T21:22:54Z,2026-05-14T05:23:58Z,2918,,Y,23205,23398
1481882431,2026-05-12T21:22:55Z,2026-05-15T03:55:27Z,2731,,Y,23398,23205
1481882432,2026-05-12T21:22:55Z,2026-05-15T15:11:12Z,2773,,Y,23398,23205
1481882428,2026-05-12T21:22:55Z,2026-05-13T18:08:14Z,3308,,Y,23398,23205
1481882429,2026-05-12T21:22:55Z,2026-05-14T05:23:58Z,2918,,Y,23398,23205
1481882430,2026-05-12T21:22:55Z,2026-05-14T16:39:43Z,2740,,Y,23398,23205
1481882427,2026-05-12T21:22:55Z,2026-05-13T06:52:30Z,3849,,Y,23398,23205
1481882495,2026-05-12T21:22:59Z,2026-05-14T21:48:07Z,4060,,Y,23717,21703
1481919071,2026-05-12T22:22:30Z,2026-05-13T14:42:09Z,63,0.0004610462,Y,6157,41280
1481919916,2026-05-12T22:22:38Z,2026-05-14T01:17:32Z,141,0.0001003807,Y,10594,40610
1481920029,2026-05-12T22:22:40Z,2026-05-15T18:50:46Z,102,0.0007816195,Y,11538,42621
1481920058,2026-05-12T22:22:40Z,2026-05-15T21:52:42Z,399,0.0001022041,Y,11963,40703
1481921759,2026-05-12T22:22:59Z,2026-05-13T02:05:46Z,35,0.002748582,Y,14729,38375
1481921975,2026-05-12T22:23:02Z,2026-05-15T08:37:21Z,60,0.0002172792,Y,15775,66421
1481928293,2026-05-12T22:24:06Z,2026-05-14T08:04:00Z,18,0.0001928322,Y,28438,41359
1481929240,2026-05-12T22:24:15Z,2026-05-13T19:56:09Z,67,0.0001153792,Y,29362,29975
1481930173,2026-05-12T22:24:23Z,2026-05-13T19:56:09Z,67,0.0001153792,Y,29975,29362
1481931063,2026-05-12T22:24:32Z,2026-05-15T10:48:22Z,43,0.00013321,Y,30472,29680
1481931173,2026-05-12T22:24:33Z,2026-05-15T03:00:54Z,233,0.0001155547,Y,30528,30943
1481931966,2026-05-12T22:24:41Z,2026-05-15T03:00:54Z,233,0.0001155547,Y,30943,30528
1481938132,2026-05-12T22:25:55Z,2026-05-14T00:29:26Z,289,0.0002035259,Y,34913,64657
1481943198,2026-05-12T22:26:51Z,2026-05-13T02:05:46Z,35,0.002748582,Y,38375,14729
1481945866,2026-05-12T22:27:19Z,2026-05-14T18:36:18Z,618,0.0002026227,Y,39677,82500
1481945855,2026-05-12T22:27:19Z,2026-05-15T11:30:49Z,235,0.0001037108,Y,39669,270210
1481948288,2026-05-12T22:27:36Z,2026-05-15T21:52:42Z,399,0.0001022041,Y,40703,11963
1481948212,2026-05-12T22:27:37Z,2026-05-14T01:17:32Z,141,0.0001003807,Y,40610,10594
1481949819,2026-05-12T22:27:51Z,2026-05-13T14:42:09Z,63,0.0004610462,Y,41280,6157
1481950076,2026-05-12T22:27:53Z,2026-05-14T08:04:00Z,18,0.0001928322,Y,41359,28438
1481952281,2026-05-12T22:28:15Z,2026-05-15T18:50:46Z,102,0.0007816195,Y,42621,11538
1482019113,2026-05-12T22:44:33Z,2026-05-15T08:37:21Z,60,0.0002172792,Y,66421,15775
1482422512,2026-05-13T03:57:27Z,2026-05-14T21:48:07Z,4060,,Y,21703,23717
1482422647,2026-05-13T03:57:28Z,2026-05-15T15:11:12Z,2773,,Y,23205,23398
1482422644,2026-05-13T03:57:28Z,2026-05-14T05:23:58Z,2918,,Y,23205,23398
1482422643,2026-05-13T03:57:28Z,2026-05-13T18:08:14Z,3308,,Y,23205,23398
1482422646,2026-05-13T03:57:29Z,2026-05-15T03:55:27Z,2731,,Y,23205,23398
1482422642,2026-05-13T03:57:29Z,2026-05-13T06:52:30Z,3849,,Y,23205,23398
1482422645,2026-05-13T03:57:29Z,2026-05-14T16:39:43Z,2740,,Y,23205,23398
1482422914,2026-05-13T03:57:30Z,2026-05-16T02:26:56Z,2784,,Y,23398,23205
1482422908,2026-05-13T03:57:30Z,2026-05-13T06:52:30Z,3849,,Y,23398,23205
1482422910,2026-05-13T03:57:30Z,2026-05-14T05:23:58Z,2918,,Y,23398,23205
1482422909,2026-05-13T03:57:30Z,2026-05-13T18:08:14Z,3308,,Y,23398,23205
1482422648,2026-05-13T03:57:30Z,2026-05-16T02:26:56Z,2784,,Y,23205,23398
1482422989,2026-05-13T03:57:30Z,2026-05-14T21:48:07Z,4060,,Y,23717,21703
1482422911,2026-05-13T03:57:31Z,2026-05-14T16:39:43Z,2740,,Y,23398,23205
1482422913,2026-05-13T03:57:31Z,2026-05-15T15:11:12Z,2773,,Y,23398,23205
1482422912,2026-05-13T03:57:31Z,2026-05-15T03:55:27Z,2731,,Y,23398,23205
1482593264,2026-05-13T04:48:34Z,2026-05-15T18:50:46Z,99,0.0008145434,Y,11538,42621
1482599163,2026-05-13T04:49:20Z,2026-05-14T22:42:34Z,115,0.001258756,Y,25480,24974
1482671345,2026-05-13T04:49:34Z,2026-05-14T08:04:00Z,18,0.0001966566,Y,28438,41359
1482673031,2026-05-13T04:49:44Z,2026-05-15T17:49:06Z,553,0.0001053634,Y,29929,12198
1482673947,2026-05-13T04:49:50Z,2026-05-15T10:48:22Z,48,0.0001360322,Y,30472,29680
1482588867,2026-05-13T04:51:29Z,2026-05-14T18:36:18Z,630,0.0001998222,Y,39677,82500
1482660635,2026-05-13T04:51:41Z,2026-05-15T21:52:42Z,395,0.0001047984,Y,40703,11963
1482662122,2026-05-13T04:51:52Z,2026-05-13T14:42:09Z,63,0.0004592058,Y,41280,6157
1482662364,2026-05-13T04:51:53Z,2026-05-14T08:04:00Z,18,0.0001966566,Y,41359,28438
1482664500,2026-05-13T04:52:09Z,2026-05-15T18:50:46Z,99,0.0008145434,Y,42621,11538
1482610325,2026-05-13T05:03:51Z,2026-05-15T08:37:21Z,47,0.0002867518,Y,66421,15775
1482999875,2026-05-13T12:10:05Z,2026-05-16T11:20:25Z,571,0.0003242193,Y,2825,30279
1483000873,2026-05-13T12:10:15Z,2026-05-16T05:02:21Z,785,0.0005622472,Y,6173,31178
1483001619,2026-05-13T12:10:22Z,2026-05-14T01:17:32Z,175,0.000106141,Y,10594,40610
1483001717,2026-05-13T12:10:23Z,2026-05-15T18:50:46Z,96,0.0008521495,Y,11538,42621
1483001743,2026-05-13T12:10:23Z,2026-05-15T21:52:42Z,308,0.0002025797,Y,11963,40703
1483003512,2026-05-13T12:10:40Z,2026-05-15T08:37:21Z,273,0.0002998817,Y,15775,66421
1483004456,2026-05-13T12:10:50Z,2026-05-14T21:10:23Z,919,0.0001026708,Y,18675,89349
1483005425,2026-05-13T12:11:00Z,2026-05-16T00:35:02Z,392,0.0003179696,Y,20508,28209
1483009021,2026-05-13T12:11:33Z,2026-05-16T00:35:02Z,392,0.0003179696,Y,28209,20508
1483030145,2026-05-13T12:11:37Z,2026-05-14T08:04:00Z,105,0.0001721202,Y,28438,41359
1483031499,2026-05-13T12:11:51Z,2026-05-14T11:06:34Z,101,0.0003077543,Y,29763,31813
1483032157,2026-05-13T12:11:56Z,2026-05-16T11:20:25Z,571,0.0003242193,Y,30279,2825
1483032649,2026-05-13T12:12:00Z,2026-05-15T03:00:54Z,188,0.0001946572,Y,30528,30943
1483032548,2026-05-13T12:12:00Z,2026-05-15T10:48:22Z,674,0.000134598,Y,30472,29680
1483033327,2026-05-13T12:12:08Z,2026-05-15T03:00:54Z,188,0.0001946572,Y,30943,30528
1483033731,2026-05-13T12:12:11Z,2026-05-16T05:02:21Z,785,0.0005622472,Y,31178,6173
1483033885,2026-05-13T12:12:15Z,2026-05-14T02:42:37Z,150,0.0001132845,Y,31261,36346
1483035270,2026-05-13T12:12:30Z,2026-05-14T11:06:34Z,101,0.0003077543,Y,31813,29763
1483041236,2026-05-13T12:13:25Z,2026-05-14T02:42:37Z,150,0.0001132845,Y,36346,31261
1483043243,2026-05-13T12:13:43Z,2026-05-16T00:43:42Z,444,0.0001084646,Y,37932,55887
1483046363,2026-05-13T12:14:13Z,2026-05-14T18:36:18Z,296,0.0004101795,Y,39677,82500
1483047985,2026-05-13T12:14:27Z,2026-05-14T01:17:32Z,175,0.000106141,Y,40610,10594
1483048062,2026-05-13T12:14:28Z,2026-05-15T21:52:42Z,308,0.0002025797,Y,40703,11963
1483060268,2026-05-13T12:14:46Z,2026-05-14T08:04:00Z,105,0.0001721202,Y,41359,28438
1483062197,2026-05-13T12:15:04Z,2026-05-15T18:50:46Z,96,0.0008521495,Y,42621,11538
1483123355,2026-05-13T12:18:49Z,2026-05-16T00:43:42Z,444,0.0001084646,Y,55887,37932
1483084665,2026-05-13T12:29:31Z,2026-05-15T08:37:21Z,273,0.0002998817,Y,66421,15775
1483543883,2026-05-13T20:45:39Z,2026-05-16T17:47:00Z,2677,,Y,12065,20168
1483544429,2026-05-13T20:45:45Z,2026-05-16T17:47:00Z,2677,,Y,20168,12065
1483544693,2026-05-13T20:45:48Z,2026-05-15T03:55:27Z,2731,,Y,23205,23398
1483544691,2026-05-13T20:45:48Z,2026-05-14T05:23:58Z,2918,,Y,23205,23398
1483544692,2026-05-13T20:45:48Z,2026-05-14T16:39:43Z,2740,,Y,23205,23398
1483544591,2026-05-13T20:45:48Z,2026-05-14T21:48:07Z,4009,,Y,21703,23717
1483544694,2026-05-13T20:45:48Z,2026-05-15T15:11:12Z,2773,,Y,23205,23398
1483544695,2026-05-13T20:45:48Z,2026-05-16T02:26:56Z,2784,,Y,23205,23398
1483544696,2026-05-13T20:45:48Z,2026-05-16T13:42:40Z,2703,,Y,23205,23398
1483544982,2026-05-13T20:45:51Z,2026-05-14T21:48:07Z,4009,,Y,23717,21703
1483575209,2026-05-13T21:36:52Z,2026-05-16T11:20:25Z,538,0.0002235755,Y,2825,30279
1483576295,2026-05-13T21:37:02Z,2026-05-16T05:02:21Z,911,0.0005301834,Y,6173,31178
1483577081,2026-05-13T21:37:08Z,2026-05-14T01:17:32Z,154,0.0001106196,Y,10594,40610
1483577178,2026-05-13T21:37:09Z,2026-05-16T14:42:42Z,528,0.0001839329,Y,11425,43213
1483577284,2026-05-13T21:37:09Z,2026-05-15T17:49:06Z,891,0.0001054164,Y,12198,29929
1483577220,2026-05-13T21:37:09Z,2026-05-15T21:52:42Z,332,0.0001850192,Y,11963,40703
1483577188,2026-05-13T21:37:09Z,2026-05-15T18:50:46Z,97,0.0008466756,Y,11538,42621
1483577981,2026-05-13T21:37:15Z,2026-05-15T08:28:41Z,42,0.0001464993,Y,13148,25863
1483579124,2026-05-13T21:37:24Z,2026-05-15T08:37:21Z,250,0.0003211161,Y,15775,66421
1483579015,2026-05-13T21:37:26Z,2026-05-16T20:29:32Z,214,0.0002436633,Y,15031,17619
1483579575,2026-05-13T21:37:28Z,2026-05-16T20:29:32Z,214,0.0002436633,Y,17619,15031
1483580099,2026-05-13T21:37:31Z,2026-05-14T21:10:23Z,931,0.0001011926,Y,18675,89349
1483580533,2026-05-13T21:37:35Z,2026-05-16T17:28:13Z,79,0.0001373753,Y,19516,22222
1483581034,2026-05-13T21:37:40Z,2026-05-16T00:35:02Z,577,0.0003085019,Y,20508,28209
1483581858,2026-05-13T21:37:47Z,2026-05-16T17:28:13Z,79,0.0001373753,Y,22222,19516
1483583424,2026-05-13T21:38:00Z,2026-05-15T08:28:41Z,42,0.0001464993,Y,25863,13148
1483594880,2026-05-13T21:38:14Z,2026-05-16T10:27:21Z,685,0.0003301059,Y,28221,62721
1483594835,2026-05-13T21:38:16Z,2026-05-16T00:35:02Z,577,0.0003085019,Y,28209,20508
1483595249,2026-05-13T21:38:18Z,2026-05-14T08:04:00Z,80,0.0002452841,Y,28438,41359
1483595342,2026-05-13T21:38:21Z,2026-05-13T21:32:56Z,210,0.0001156842,Y,28591,40478
1483596915,2026-05-13T21:38:29Z,2026-05-15T17:49:06Z,891,0.0001054164,Y,29929,12198
1483597397,2026-05-13T21:38:33Z,2026-05-16T11:20:25Z,538,0.0002235755,Y,30279,2825
1483597820,2026-05-13T21:38:37Z,2026-05-15T10:48:22Z,556,0.0001703307,Y,30472,29680
1483597928,2026-05-13T21:38:38Z,2026-05-15T03:00:54Z,183,0.0002020677,Y,30528,30943
1483598637,2026-05-13T21:38:43Z,2026-05-15T03:00:54Z,183,0.0002020677,Y,30943,30528
1483599225,2026-05-13T21:38:48Z,2026-05-14T02:42:37Z,143,0.0001237467,Y,31261,36346
1483599058,2026-05-13T21:38:50Z,2026-05-16T05:02:21Z,911,0.0005301834,Y,31178,6173
1483606905,2026-05-13T21:39:54Z,2026-05-14T02:42:37Z,143,0.0001237467,Y,36346,31261
1483609059,2026-05-13T21:40:12Z,2026-05-16T00:43:42Z,809,0.0001274778,Y,37932,55887
1483613846,2026-05-13T21:40:57Z,2026-05-13T21:32:56Z,210,0.0001156842,Y,40478,28591
1483584576,2026-05-13T21:41:02Z,2026-05-14T01:17:32Z,154,0.0001106196,Y,40610,10594
1483584644,2026-05-13T21:41:02Z,2026-05-15T21:52:42Z,332,0.0001850192,Y,40703,11963
1483586398,2026-05-13T21:41:15Z,2026-05-14T08:04:00Z,80,0.0002452841,Y,41359,28438
1483588352,2026-05-13T21:41:32Z,2026-05-15T18:50:46Z,97,0.0008466756,Y,42621,11538
1483590955,2026-05-13T21:41:54Z,2026-05-16T14:42:42Z,528,0.0001839329,Y,43213,11425
1483650672,2026-05-13T21:44:57Z,2026-05-16T00:43:42Z,809,0.0001274778,Y,55887,37932
1483656310,2026-05-13T21:54:33Z,2026-05-15T08:37:21Z,250,0.0003211161,Y,66421,15775
1484007476,2026-05-14T04:25:38Z,2026-05-16T17:47:00Z,2717,,Y,12065,20168
1484008078,2026-05-14T04:25:43Z,2026-05-16T17:47:00Z,2717,,Y,20168,12065
1484008615,2026-05-14T04:25:47Z,2026-05-15T15:11:12Z,2773,,Y,23398,23205
1484008374,2026-05-14T04:25:47Z,2026-05-17T00:58:25Z,2497,,Y,23205,23398
1484008618,2026-05-14T04:25:47Z,2026-05-17T00:58:25Z,2497,,Y,23398,23205
1484008372,2026-05-14T04:25:47Z,2026-05-16T02:26:56Z,2784,,Y,23205,23398
1484008616,2026-05-14T04:25:47Z,2026-05-16T02:26:56Z,2784,,Y,23398,23205
1484008373,2026-05-14T04:25:47Z,2026-05-16T13:42:40Z,2703,,Y,23205,23398
1484008370,2026-05-14T04:25:47Z,2026-05-15T03:55:27Z,2731,,Y,23205,23398
1484008369,2026-05-14T04:25:47Z,2026-05-14T16:39:43Z,2740,,Y,23205,23398
1484008617,2026-05-14T04:25:47Z,2026-05-16T13:42:40Z,2703,,Y,23398,23205
1484008613,2026-05-14T04:25:48Z,2026-05-14T16:39:43Z,2740,,Y,23398,23205
1484008368,2026-05-14T04:25:48Z,2026-05-14T05:23:58Z,2918,,Y,23205,23398
1484008682,2026-05-14T04:25:48Z,2026-05-14T21:48:07Z,4009,,Y,23717,21703
1484008371,2026-05-14T04:25:49Z,2026-05-15T15:11:12Z,2773,,Y,23205,23398
1484008614,2026-05-14T04:25:49Z,2026-05-15T03:55:27Z,2731,,Y,23398,23205
1484008612,2026-05-14T04:25:50Z,2026-05-14T05:23:58Z,2918,,Y,23398,23205
1484071420,2026-05-14T05:27:09Z,2026-05-16T11:20:25Z,443,0.0002935067,Y,2825,30279
1484072481,2026-05-14T05:27:17Z,2026-05-16T05:02:21Z,818,0.0006162806,Y,6173,31178
1484072773,2026-05-14T05:27:20Z,2026-05-16T17:33:19Z,616,0.0002494208,Y,8314,44531
1484073310,2026-05-14T05:27:23Z,2026-05-16T14:42:42Z,472,0.0002189498,Y,11425,43213
1484073320,2026-05-14T05:27:23Z,2026-05-15T18:50:46Z,94,0.0008676519,Y,11538,42621
1484073417,2026-05-14T05:27:24Z,2026-05-15T17:49:06Z,823,0.0001053454,Y,12198,29929
1484074129,2026-05-14T05:27:30Z,2026-05-15T08:28:41Z,54,0.0002681706,Y,13148,25863
1484075109,2026-05-14T05:27:36Z,2026-05-16T20:29:32Z,363,0.0003165115,Y,15031,17619
1484075215,2026-05-14T05:27:37Z,2026-05-15T08:37:21Z,261,0.0003337893,Y,15775,66421
1484075648,2026-05-14T05:27:40Z,2026-05-16T20:29:32Z,363,0.0003165115,Y,17619,15031
1484077056,2026-05-14T05:27:50Z,2026-05-16T00:35:02Z,573,0.0003343613,Y,20508,28209
1484078780,2026-05-14T05:28:05Z,2026-05-17T03:15:32Z,773,0.0002384219,Y,24727,270219
1484079453,2026-05-14T05:28:09Z,2026-05-15T08:28:41Z,54,0.0002681706,Y,25863,13148
1484097014,2026-05-14T05:28:19Z,2026-05-16T00:35:02Z,573,0.0003343613,Y,28209,20508
1484097053,2026-05-14T05:28:20Z,2026-05-16T10:27:21Z,533,0.0004082189,Y,28221,62721
1484097406,2026-05-14T05:28:22Z,2026-05-14T08:04:00Z,89,0.0001702845,Y,28438,41359
1484098943,2026-05-14T05:28:33Z,2026-05-15T17:49:06Z,823,0.0001053454,Y,29929,12198
1484099406,2026-05-14T05:28:37Z,2026-05-16T11:20:25Z,443,0.0002935067,Y,30279,2825
1484099820,2026-05-14T05:28:40Z,2026-05-15T10:48:22Z,426,0.0002206561,Y,30472,29680
1484101004,2026-05-14T05:28:51Z,2026-05-16T05:02:21Z,818,0.0006162806,Y,31178,6173
1484101384,2026-05-14T05:28:52Z,2026-05-16T06:53:15Z,383,0.0001037994,Y,31296,60848
1484110699,2026-05-14T05:30:03Z,2026-05-16T00:43:42Z,758,0.0001462126,Y,37932,55887
1484041638,2026-05-14T05:30:56Z,2026-05-14T08:04:00Z,89,0.0001702845,Y,41359,28438
1484043563,2026-05-14T05:31:10Z,2026-05-15T18:50:46Z,94,0.0008676519,Y,42621,11538
1484046005,2026-05-14T05:31:29Z,2026-05-16T14:42:42Z,472,0.0002189498,Y,43213,11425
1484049878,2026-05-14T05:31:58Z,2026-05-16T17:33:19Z,616,0.0002494208,Y,44531,8314
1484065575,2026-05-14T05:33:58Z,2026-05-16T00:43:42Z,758,0.0001462126,Y,55887,37932
1484142263,2026-05-14T05:42:30Z,2026-05-15T08:37:21Z,261,0.0003337893,Y,66421,15775
1484445016,2026-05-14T10:55:15Z,2026-05-16T17:47:00Z,2784,,Y,12065,20168
1484445560,2026-05-14T10:55:19Z,2026-05-16T17:47:00Z,2784,,Y,20168,12065
1484445712,2026-05-14T10:55:20Z,2026-05-14T21:48:07Z,3864,,Y,21703,23717
1484445820,2026-05-14T10:55:21Z,2026-05-15T03:55:27Z,2731,,Y,23205,23398
1484445821,2026-05-14T10:55:21Z,2026-05-15T15:11:12Z,2773,,Y,23205,23398
1484445819,2026-05-14T10:55:21Z,2026-05-14T16:39:43Z,2740,,Y,23205,23398
1484446048,2026-05-14T10:55:22Z,2026-05-15T03:55:27Z,2731,,Y,23398,23205
1484445751,2026-05-14T10:55:22Z,2026-05-17T09:00:54Z,4620,,Y,22514,28508
1484445824,2026-05-14T10:55:22Z,2026-05-17T00:58:25Z,2497,,Y,23205,23398
1484446047,2026-05-14T10:55:22Z,2026-05-14T16:39:43Z,2740,,Y,23398,23205
1484445822,2026-05-14T10:55:22Z,2026-05-16T02:26:56Z,2784,,Y,23205,23398
1484446049,2026-05-14T10:55:23Z,2026-05-15T15:11:12Z,2773,,Y,23398,23205
1484445823,2026-05-14T10:55:25Z,2026-05-16T13:42:40Z,2703,,Y,23205,23398
1484446051,2026-05-14T10:55:26Z,2026-05-16T13:42:40Z,2703,,Y,23398,23205
1484446052,2026-05-14T10:55:28Z,2026-05-17T00:58:25Z,2497,,Y,23398,23205
1484446050,2026-05-14T10:55:28Z,2026-05-16T02:26:56Z,2784,,Y,23398,23205
1484446734,2026-05-14T10:55:28Z,2026-05-17T09:00:54Z,4620,,Y,28508,22514
1484508058,2026-05-14T11:58:16Z,2026-05-16T11:20:25Z,905,0.0002493371,Y,2825,30279
1484509478,2026-05-14T11:58:25Z,2026-05-16T22:32:46Z,491,0.0001197006,Y,8800,270075
1484509867,2026-05-14T11:58:29Z,2026-05-16T14:42:42Z,820,0.0002005644,Y,11425,43213
1484509878,2026-05-14T11:58:31Z,2026-05-15T18:50:46Z,91,0.0009094962,Y,11538,42621
1484510839,2026-05-14T11:58:37Z,2026-05-17T06:43:09Z,538,0.0001058151,Y,13719,29988
1484511697,2026-05-14T11:58:46Z,2026-05-15T08:37:21Z,271,0.0003382889,Y,15775,66421
1484511587,2026-05-14T11:58:46Z,2026-05-17T05:49:56Z,433,0.0002021599,Y,14950,87300
1484511593,2026-05-14T11:58:48Z,2026-05-16T20:29:32Z,259,0.0003183976,Y,15031,17619
1484512124,2026-05-14T11:58:50Z,2026-05-16T20:29:32Z,259,0.0003183976,Y,17619,15031
1484513503,2026-05-14T11:59:02Z,2026-05-16T00:35:02Z,38,0.0007619601,Y,20508,28209
1484515251,2026-05-14T11:59:20Z,2026-05-17T03:15:32Z,783,0.0002036086,Y,24727,270219
1484517671,2026-05-14T11:59:38Z,2026-05-16T00:35:02Z,38,0.0007619601,Y,28209,20508
1484519588,2026-05-14T11:59:55Z,2026-05-17T06:43:09Z,538,0.0001058151,Y,29988,13719
1484519929,2026-05-14T11:59:59Z,2026-05-16T11:20:25Z,905,0.0002493371,Y,30279,2825
1484520304,2026-05-14T12:00:02Z,2026-05-15T04:43:45Z,6,0.000406821,Y,30465,39677
1484521162,2026-05-14T12:00:13Z,2026-05-17T09:35:31Z,58,0.0001246449,Y,30996,37430
1484582625,2026-05-14T12:01:44Z,2026-05-17T09:35:31Z,58,0.0001246449,Y,37430,30996
1484583216,2026-05-14T12:01:51Z,2026-05-16T00:43:42Z,349,0.0001711666,Y,37932,55887
1484586298,2026-05-14T12:02:28Z,2026-05-15T04:43:45Z,6,0.000406821,Y,39677,30465
1484589852,2026-05-14T12:03:12Z,2026-05-16T10:25:13Z,273,0.0001490326,Y,41500,43069
1484591306,2026-05-14T12:03:34Z,2026-05-15T18:50:46Z,91,0.0009094962,Y,42621,11538
1484593227,2026-05-14T12:04:10Z,2026-05-16T10:25:13Z,273,0.0001490326,Y,43069,41500
1484593771,2026-05-14T12:04:20Z,2026-05-16T14:42:42Z,820,0.0002005644,Y,43213,11425
1484612862,2026-05-14T12:09:48Z,2026-05-16T00:43:42Z,349,0.0001711666,Y,55887,37932
1484714058,2026-05-14T12:26:39Z,2026-05-15T08:37:21Z,271,0.0003382889,Y,66421,15775
1485236492,2026-05-14T21:21:33Z,2026-05-16T17:47:00Z,2824,,Y,12065,20168
1485236998,2026-05-14T21:21:43Z,2026-05-16T17:47:00Z,2824,,Y,20168,12065
1485237145,2026-05-14T21:21:44Z,2026-05-14T21:48:07Z,3864,,Y,21703,23717
1485237183,2026-05-14T21:21:45Z,2026-05-17T20:16:37Z,3658,,Y,22514,28508
1485237253,2026-05-14T21:21:46Z,2026-05-15T03:55:27Z,2731,,Y,23205,23398
1485237254,2026-05-14T21:21:47Z,2026-05-15T15:11:12Z,2773,,Y,23205,23398
1485237256,2026-05-14T21:21:48Z,2026-05-16T13:42:40Z,2703,,Y,23205,23398
1485237257,2026-05-14T21:21:48Z,2026-05-17T00:58:25Z,2497,,Y,23205,23398
1485237255,2026-05-14T21:21:48Z,2026-05-16T02:26:56Z,2784,,Y,23205,23398
1485237470,2026-05-14T21:21:50Z,2026-05-15T03:55:27Z,2731,,Y,23398,23205
1485237258,2026-05-14T21:21:50Z,2026-05-17T12:14:09Z,2253,,Y,23205,23398
1485237474,2026-05-14T21:21:50Z,2026-05-17T00:58:25Z,2497,,Y,23398,23205
1485237473,2026-05-14T21:21:51Z,2026-05-16T13:42:40Z,2703,,Y,23398,23205
1485237472,2026-05-14T21:21:51Z,2026-05-16T02:26:56Z,2784,,Y,23398,23205
1485237535,2026-05-14T21:21:51Z,2026-05-14T21:48:07Z,3864,,Y,23717,21703
1485237475,2026-05-14T21:21:53Z,2026-05-17T12:14:09Z,2253,,Y,23398,23205
1485237471,2026-05-14T21:21:53Z,2026-05-15T15:11:12Z,2773,,Y,23398,23205
1485238094,2026-05-14T21:22:02Z,2026-05-17T09:00:54Z,4620,,Y,28508,22514
1485238095,2026-05-14T21:22:03Z,2026-05-17T20:16:37Z,3658,,Y,28508,22514
1485425007,2026-05-14T22:24:17Z,2026-05-17T22:16:12Z,506,0.0001238073,Y,7768,85010
1485426446,2026-05-14T22:26:07Z,2026-05-15T08:28:41Z,53,0.0006867879,Y,13148,25863
1485428056,2026-05-14T22:27:18Z,2026-05-17T12:24:46Z,377,0.0003221555,Y,16969,323
1485429646,2026-05-14T22:27:41Z,2026-05-16T00:35:02Z,309,0.000777157,Y,20508,28209
1485431320,2026-05-14T22:28:06Z,2026-05-17T03:15:32Z,773,0.0002047008,Y,24727,270219
1485432087,2026-05-14T22:28:16Z,2026-05-15T08:28:41Z,53,0.0006867879,Y,25863,13148
1485453173,2026-05-14T22:28:32Z,2026-05-15T04:59:39Z,211,0.0004463196,Y,27561,40491
1485453176,2026-05-14T22:28:32Z,2026-05-17T03:43:05Z,597,0.00034586,Y,27561,61090
1485453448,2026-05-14T22:28:36Z,2026-05-16T00:35:02Z,309,0.000777157,Y,28209,20508
1485455639,2026-05-14T22:29:07Z,2026-05-17T06:43:10Z,123,0.0001721059,Y,29988,13719
1485456348,2026-05-14T22:29:16Z,2026-05-15T04:43:45Z,123,0.0001117857,Y,30465,39677
1485457296,2026-05-14T22:29:30Z,2026-05-17T09:35:31Z,133,0.0001725791,Y,30996,37430
1485458836,2026-05-14T22:29:49Z,2026-05-17T14:49:18Z,65,0.000150016,Y,31674,254
1485459346,2026-05-14T22:29:57Z,2026-05-16T20:58:55Z,627,0.0001511546,Y,31887,8958
1485466837,2026-05-14T22:31:39Z,2026-05-17T09:35:31Z,133,0.0001725791,Y,37430,30996
1485470740,2026-05-14T22:32:31Z,2026-05-15T04:43:45Z,123,0.0001117857,Y,39677,30465
1485472283,2026-05-14T22:32:52Z,2026-05-15T04:59:39Z,211,0.0004463196,Y,40491,27561
1485472400,2026-05-14T22:32:54Z,2026-05-15T10:08:31Z,258,0.0001129427,Y,40563,42679
1485384999,2026-05-14T22:33:22Z,2026-05-16T10:25:13Z,442,0.0001216441,Y,41500,43069
1485386560,2026-05-14T22:33:43Z,2026-05-15T18:50:46Z,90,0.0009215476,Y,42621,11538
1485386664,2026-05-14T22:33:46Z,2026-05-15T10:08:31Z,258,0.0001129427,Y,42679,40563
1485388583,2026-05-14T22:34:10Z,2026-05-16T10:25:13Z,442,0.0001216441,Y,43069,41500
1485404515,2026-05-14T22:37:47Z,2026-05-15T07:19:10Z,602,0.0002765554,Y,54702,270395
1485451779,2026-05-14T22:45:59Z,2026-05-17T03:43:05Z,597,0.00034586,Y,61090,27561
1485474961,2026-05-14T22:54:16Z,2026-05-15T08:37:21Z,355,0.0002783873,Y,66421,15775
1485586748,2026-05-15T03:35:47Z,2026-05-17T23:38:52Z,3537,,Y,2971,25548
1485587585,2026-05-15T03:35:54Z,2026-05-16T17:47:00Z,2834,,Y,20168,12065
1485587784,2026-05-15T03:35:55Z,2026-05-17T20:16:37Z,3658,,Y,22514,28508
1485587875,2026-05-15T03:35:56Z,2026-05-17T23:29:54Z,2091,,Y,23205,23398
1485587869,2026-05-15T03:35:56Z,2026-05-15T03:55:27Z,2731,,Y,23205,23398
1485587870,2026-05-15T03:35:56Z,2026-05-15T15:11:12Z,2773,,Y,23205,23398
1485587873,2026-05-15T03:35:56Z,2026-05-17T00:58:25Z,2497,,Y,23205,23398
1485587871,2026-05-15T03:35:56Z,2026-05-16T02:26:56Z,2784,,Y,23205,23398
1485587872,2026-05-15T03:35:56Z,2026-05-16T13:42:40Z,2703,,Y,23205,23398
1485587874,2026-05-15T03:35:57Z,2026-05-17T12:14:09Z,2253,,Y,23205,23398
1485588127,2026-05-15T03:35:58Z,2026-05-17T23:29:54Z,2091,,Y,23398,23205
1485588126,2026-05-15T03:35:58Z,2026-05-17T12:14:09Z,2253,,Y,23398,23205
1485588123,2026-05-15T03:35:58Z,2026-05-16T02:26:56Z,2784,,Y,23398,23205
1485588122,2026-05-15T03:35:58Z,2026-05-15T15:11:12Z,2773,,Y,23398,23205
1485588338,2026-05-15T03:35:59Z,2026-05-17T23:38:52Z,3537,,Y,25548,2971
1485588125,2026-05-15T03:36:00Z,2026-05-17T00:58:25Z,2497,,Y,23398,23205
1485588121,2026-05-15T03:36:00Z,2026-05-15T03:55:27Z,2731,,Y,23398,23205
1485588124,2026-05-15T03:36:00Z,2026-05-16T13:42:40Z,2703,,Y,23398,23205
1485588891,2026-05-15T03:36:03Z,2026-05-17T09:00:54Z,4620,,Y,28508,22514
1485588892,2026-05-15T03:36:05Z,2026-05-17T20:16:37Z,3658,,Y,28508,22514
1485751228,2026-05-15T04:26:51Z,2026-05-17T12:24:46Z,466,0.0001479211,Y,323,16969
1485753101,2026-05-15T04:27:09Z,2026-05-17T22:16:12Z,512,0.0001202074,Y,7768,85010
1485753323,2026-05-15T04:27:10Z,2026-05-16T22:32:47Z,457,0.0002654796,Y,8800,270075
1485753377,2026-05-15T04:27:12Z,2026-05-16T20:58:55Z,627,0.0001511551,Y,8958,31887
1485753751,2026-05-15T04:27:15Z,2026-05-15T18:50:46Z,87,0.0009499089,Y,11538,42621
1485754473,2026-05-15T04:27:22Z,2026-05-15T08:28:41Z,48,0.000783631,Y,13148,25863
1485754702,2026-05-15T04:27:22Z,2026-05-17T06:43:10Z,123,0.0001721047,Y,13719,29988
1485755574,2026-05-15T04:27:31Z,2026-05-17T05:49:56Z,238,0.0003373924,Y,14950,87300
1485755701,2026-05-15T04:27:31Z,2026-05-15T08:37:21Z,355,0.0002783871,Y,15775,66421
1485756055,2026-05-15T04:27:34Z,2026-05-17T12:24:46Z,466,0.0001479211,Y,16969,323
1485756677,2026-05-15T04:27:39Z,2026-05-17T23:36:26Z,164,0.0001105202,Y,18902,54290
1485757550,2026-05-15T04:27:46Z,2026-05-16T00:35:02Z,252,0.0009831393,Y,20508,28209
1485758297,2026-05-15T04:27:56Z,2026-05-17T23:25:17Z,48,0.003535815,Y,21567,52717
1485759171,2026-05-15T04:28:01Z,2026-05-17T03:15:32Z,773,0.0002047049,Y,24727,270219
1485759904,2026-05-15T04:28:07Z,2026-05-15T08:28:41Z,48,0.000783631,Y,25863,13148
1485760963,2026-05-15T04:28:15Z,2026-05-17T03:43:05Z,577,0.000344354,Y,27561,61090
1485760960,2026-05-15T04:28:17Z,2026-05-15T04:59:39Z,208,0.0005124121,Y,27561,40491
1485761234,2026-05-15T04:28:18Z,2026-05-16T00:35:02Z,252,0.0009831393,Y,28209,20508
1485763354,2026-05-15T04:28:37Z,2026-05-17T06:43:10Z,123,0.0001721047,Y,29988,13719
1485764049,2026-05-15T04:28:44Z,2026-05-15T04:43:45Z,123,0.0001117855,Y,30465,39677
1485764944,2026-05-15T04:28:52Z,2026-05-17T09:35:31Z,133,0.0001725793,Y,30996,37430
1485766946,2026-05-15T04:29:12Z,2026-05-16T20:58:55Z,627,0.0001511551,Y,31887,8958
1485704628,2026-05-15T04:30:18Z,2026-05-17T09:35:31Z,133,0.0001725793,Y,37430,30996
1485708407,2026-05-15T04:30:55Z,2026-05-15T04:43:45Z,123,0.0001117855,Y,39677,30465
1485709896,2026-05-15T04:31:09Z,2026-05-15T04:59:39Z,208,0.0005124121,Y,40491,27561
1485710016,2026-05-15T04:31:10Z,2026-05-15T10:08:31Z,235,0.0001012352,Y,40563,42679
1485732983,2026-05-15T04:31:41Z,2026-05-15T20:09:41Z,45,0.0003648316,Y,42197,54433
1485733653,2026-05-15T04:31:45Z,2026-05-15T18:50:46Z,87,0.0009499089,Y,42621,11538
1485733750,2026-05-15T04:31:48Z,2026-05-15T10:08:31Z,235,0.0001012352,Y,42679,40563
1485749701,2026-05-15T04:34:12Z,2026-05-17T23:36:26Z,164,0.0001105202,Y,54290,18902
1485750349,2026-05-15T04:34:17Z,2026-05-15T20:09:41Z,45,0.0003648316,Y,54433,42197
1485671351,2026-05-15T04:34:26Z,2026-05-15T07:19:10Z,600,0.0002761368,Y,54702,270395
1485667677,2026-05-15T04:39:13Z,2026-05-17T03:43:05Z,577,0.000344354,Y,61090,27561
1485641312,2026-05-15T04:43:23Z,2026-05-15T08:37:21Z,355,0.0002783871,Y,66421,15775
1486059957,2026-05-15T11:21:47Z,2026-05-16T17:47:00Z,2955,,Y,12065,20168
1486060457,2026-05-15T11:21:50Z,2026-05-16T17:47:00Z,2955,,Y,20168,12065
1486060636,2026-05-15T11:21:52Z,2026-05-17T09:00:54Z,4620,,Y,22514,28508
1486060715,2026-05-15T11:21:53Z,2026-05-17T00:58:25Z,2497,,Y,23205,23398
1486060717,2026-05-15T11:21:53Z,2026-05-17T23:29:54Z,2091,,Y,23205,23398
1486060637,2026-05-15T11:21:53Z,2026-05-17T20:16:37Z,3658,,Y,22514,28508
1486060638,2026-05-15T11:21:53Z,2026-05-18T07:32:21Z,2680,,Y,22514,28508
1486060945,2026-05-15T11:21:54Z,2026-05-15T15:11:12Z,2773,,Y,23398,23205
1486060949,2026-05-15T11:21:54Z,2026-05-17T12:14:09Z,2253,,Y,23398,23205
1486060946,2026-05-15T11:21:54Z,2026-05-16T02:26:56Z,2784,,Y,23398,23205
1486060713,2026-05-15T11:21:54Z,2026-05-16T02:26:56Z,2784,,Y,23205,23398
1486060948,2026-05-15T11:21:54Z,2026-05-17T00:58:25Z,2497,,Y,23398,23205
1486060947,2026-05-15T11:21:54Z,2026-05-16T13:42:40Z,2703,,Y,23398,23205
1486060950,2026-05-15T11:21:55Z,2026-05-17T23:29:54Z,2091,,Y,23398,23205
1486060951,2026-05-15T11:21:55Z,2026-05-18T10:45:38Z,2288,,Y,23398,23205
1486060712,2026-05-15T11:21:57Z,2026-05-15T15:11:12Z,2773,,Y,23205,23398
1486060716,2026-05-15T11:21:57Z,2026-05-17T12:14:09Z,2253,,Y,23205,23398
1486060714,2026-05-15T11:21:57Z,2026-05-16T13:42:40Z,2703,,Y,23205,23398
1486060718,2026-05-15T11:21:57Z,2026-05-18T10:45:38Z,2288,,Y,23205,23398
1486061633,2026-05-15T11:21:59Z,2026-05-17T09:00:54Z,4620,,Y,28508,22514
1486061634,2026-05-15T11:22:00Z,2026-05-17T20:16:37Z,3658,,Y,28508,22514
1486061635,2026-05-15T11:22:01Z,2026-05-18T07:32:21Z,2680,,Y,28508,22514
1486094734,2026-05-15T12:00:05Z,2026-05-17T12:24:46Z,301,0.0002540751,Y,323,16969
1486096054,2026-05-15T12:00:33Z,2026-05-16T00:14:34Z,152,0.0004612842,Y,5239,30224
1486096490,2026-05-15T12:00:46Z,2026-05-17T22:16:12Z,424,0.000149356,Y,7768,85010
1486096755,2026-05-15T12:00:52Z,2026-05-16T20:58:56Z,42,0.0001913859,Y,8958,31887
1486098900,2026-05-15T12:01:51Z,2026-05-17T05:49:56Z,109,0.0004201744,Y,14950,87300
1486099130,2026-05-15T12:01:56Z,2026-05-16T18:42:05Z,836,0.0001584148,Y,16720,34979
1486099375,2026-05-15T12:02:03Z,2026-05-17T12:24:46Z,301,0.0002540751,Y,16969,323
1486099976,2026-05-15T12:02:20Z,2026-05-17T23:36:26Z,103,0.0002499401,Y,18902,54290
1486100762,2026-05-15T12:02:43Z,2026-05-16T00:35:02Z,320,0.0007122751,Y,20508,28209
1486101539,2026-05-15T12:03:05Z,2026-05-17T23:25:17Z,94,0.001723597,Y,21567,52717
1486102373,2026-05-15T12:03:27Z,2026-05-17T03:15:32Z,790,0.0001916717,Y,24727,270219
1486104084,2026-05-15T12:04:14Z,2026-05-18T06:14:03Z,36,0.0008130018,Y,27422,61115
1486104378,2026-05-15T12:04:20Z,2026-05-16T00:35:02Z,320,0.0007122751,Y,28209,20508
1486126756,2026-05-15T12:05:28Z,2026-05-16T00:14:34Z,152,0.0004612842,Y,30224,5239
1486128008,2026-05-15T12:05:50Z,2026-05-17T09:35:31Z,181,0.0001932172,Y,30996,37430
1486128352,2026-05-15T12:05:54Z,2026-05-16T20:53:14Z,10,0.0003752511,Y,31205,270311
1486129922,2026-05-15T12:06:14Z,2026-05-16T20:58:56Z,42,0.0001913859,Y,31887,8958
1486133751,2026-05-15T12:07:01Z,2026-05-16T18:42:05Z,836,0.0001584148,Y,34979,16720
1486085408,2026-05-15T12:09:25Z,2026-05-15T20:09:41Z,38,0.000368242,Y,42197,54433
1486086073,2026-05-15T12:09:33Z,2026-05-15T18:50:46Z,237,0.0001683948,Y,42621,11538
1486106963,2026-05-15T12:12:11Z,2026-05-16T09:35:15Z,549,0.0001320583,Y,48746,52201
1486109968,2026-05-15T12:12:48Z,2026-05-16T09:35:15Z,549,0.0001320583,Y,52201,48746
1486111906,2026-05-15T12:13:14Z,2026-05-17T23:36:26Z,103,0.0002499401,Y,54290,18902
1486112525,2026-05-15T12:13:21Z,2026-05-15T20:09:41Z,38,0.000368242,Y,54433,42197
1486112695,2026-05-15T12:13:23Z,2026-05-16T17:30:38Z,315,0.000123356,Y,54521,40490
1486229461,2026-05-15T12:21:32Z,2026-05-18T06:14:03Z,36,0.0008130018,Y,61115,27422
1486575474,2026-05-15T20:19:10Z,2026-05-16T17:47:00Z,2508,,Y,20168,12065
1486575634,2026-05-15T20:19:12Z,2026-05-18T07:32:21Z,2680,,Y,22514,28508
1486575633,2026-05-15T20:19:12Z,2026-05-17T20:16:37Z,3658,,Y,22514,28508
1486575632,2026-05-15T20:19:12Z,2026-05-17T09:00:54Z,4620,,Y,22514,28508
1486575712,2026-05-15T20:19:13Z,2026-05-17T23:29:54Z,2091,,Y,23205,23398
1486575709,2026-05-15T20:19:13Z,2026-05-16T13:42:40Z,2703,,Y,23205,23398
1486575635,2026-05-15T20:19:13Z,2026-05-18T18:48:05Z,1649,,Y,22514,28508
1486575713,2026-05-15T20:19:13Z,2026-05-18T10:45:38Z,2288,,Y,23205,23398
1486575711,2026-05-15T20:19:13Z,2026-05-17T12:14:09Z,2253,,Y,23205,23398
1486575710,2026-05-15T20:19:13Z,2026-05-17T00:58:25Z,2497,,Y,23205,23398
1486575708,2026-05-15T20:19:14Z,2026-05-16T02:26:56Z,2784,,Y,23205,23398
1486575934,2026-05-15T20:19:15Z,2026-05-17T12:14:09Z,2253,,Y,23398,23205
1486575936,2026-05-15T20:19:15Z,2026-05-18T10:45:38Z,2288,,Y,23398,23205
1486575931,2026-05-15T20:19:15Z,2026-05-16T02:26:56Z,2784,,Y,23398,23205
1486575932,2026-05-15T20:19:16Z,2026-05-16T13:42:40Z,2703,,Y,23398,23205
1486575935,2026-05-15T20:19:16Z,2026-05-17T23:29:54Z,2091,,Y,23398,23205
1486575933,2026-05-15T20:19:16Z,2026-05-17T00:58:25Z,2497,,Y,23398,23205
1486576570,2026-05-15T20:19:23Z,2026-05-17T20:16:37Z,3658,,Y,28508,22514
1486576572,2026-05-15T20:19:23Z,2026-05-18T18:48:05Z,1649,,Y,28508,22514
1486576569,2026-05-15T20:19:23Z,2026-05-17T09:00:54Z,4620,,Y,28508,22514
1486576571,2026-05-15T20:19:23Z,2026-05-18T07:32:21Z,2680,,Y,28508,22514
1486626434,2026-05-15T20:57:13Z,2026-05-17T14:49:18Z,135,0.0001026114,Y,254,31674
1486626469,2026-05-15T20:57:13Z,2026-05-17T12:24:46Z,347,0.0001211195,Y,323,16969
1486627879,2026-05-15T20:57:29Z,2026-05-16T00:14:34Z,102,0.001616163,Y,5239,30224
1486628384,2026-05-15T20:57:35Z,2026-05-17T22:16:12Z,446,0.0001387478,Y,7768,85010
1486629058,2026-05-15T20:57:42Z,2026-05-18T16:02:53Z,324,0.0006292383,Y,11288,31182
1486631011,2026-05-15T20:58:02Z,2026-05-17T05:49:56Z,116,0.0004389065,Y,14950,87300
1486631548,2026-05-15T20:58:08Z,2026-05-17T12:24:46Z,347,0.0001211195,Y,16969,323
1486632258,2026-05-15T20:58:17Z,2026-05-17T23:36:26Z,109,0.0002154074,Y,18902,54290
1486633108,2026-05-15T20:58:26Z,2026-05-16T00:35:02Z,330,0.0006377819,Y,20508,28209
1486633986,2026-05-15T20:58:35Z,2026-05-17T23:25:17Z,110,0.0008642631,Y,21567,52717
1486634280,2026-05-15T20:58:39Z,2026-05-18T16:52:39Z,58,0.0006630003,Y,22458,29922
1486634925,2026-05-15T20:58:46Z,2026-05-17T03:15:32Z,790,0.0001916708,Y,24727,270219
1486635279,2026-05-15T20:58:50Z,2026-05-18T17:36:37Z,744,0.0004645,Y,25489,60660
1486637255,2026-05-15T20:59:07Z,2026-05-18T06:14:03Z,36,0.00106169,Y,27422,61115
1486637599,2026-05-15T20:59:10Z,2026-05-16T00:35:02Z,330,0.0006377819,Y,28209,20508
1486639673,2026-05-15T20:59:34Z,2026-05-18T16:52:39Z,58,0.0006630003,Y,29922,22458
1486640186,2026-05-15T20:59:39Z,2026-05-16T00:14:34Z,102,0.001616163,Y,30224,5239
1486641578,2026-05-15T20:59:55Z,2026-05-17T09:35:31Z,65,0.0002498639,Y,30996,37430
1486641919,2026-05-15T20:59:59Z,2026-05-18T16:02:53Z,324,0.0006292383,Y,31182,11288
1486641996,2026-05-15T21:00:00Z,2026-05-16T20:53:14Z,29,0.0004730063,Y,31205,270311
1486642847,2026-05-15T21:00:12Z,2026-05-16T21:17:57Z,76,0.0001115845,Y,31452,55864
1486643215,2026-05-15T21:00:18Z,2026-05-17T14:49:18Z,135,0.0001026114,Y,31674,254
1486647437,2026-05-15T21:01:15Z,2026-05-18T16:30:11Z,645,0.0001098055,Y,34672,270429
1486651210,2026-05-15T21:02:05Z,2026-05-17T09:35:31Z,65,0.0002498639,Y,37430,30996
1486656817,2026-05-15T21:03:21Z,2026-05-16T17:30:38Z,319,0.0001266608,Y,40490,54521
1486671801,2026-05-15T21:06:45Z,2026-05-16T09:35:15Z,460,0.0002013749,Y,48746,52201
1486674956,2026-05-15T21:07:45Z,2026-05-16T09:35:15Z,460,0.0002013749,Y,52201,48746
1486677058,2026-05-15T21:08:25Z,2026-05-17T23:36:26Z,109,0.0002154074,Y,54290,18902
1486677884,2026-05-15T21:08:43Z,2026-05-16T17:30:38Z,319,0.0001266608,Y,54521,40490
1486683030,2026-05-15T21:10:22Z,2026-05-16T21:17:57Z,76,0.0001115845,Y,55864,31452
1486713422,2026-05-15T21:20:43Z,2026-05-18T17:36:37Z,744,0.0004645,Y,60660,25489
1486714036,2026-05-15T21:20:52Z,2026-05-17T19:16:15Z,362,0.0001178349,Y,60822,61292
1486714880,2026-05-15T21:21:04Z,2026-05-18T06:14:03Z,36,0.00106169,Y,61115,27422
1486715604,2026-05-15T21:21:14Z,2026-05-17T19:16:15Z,362,0.0001178349,Y,61292,60822
1487028074,2026-05-16T03:52:09Z,2026-05-16T17:47:00Z,2425,,Y,12065,20168
1487028634,2026-05-16T03:52:15Z,2026-05-16T17:47:00Z,2425,,Y,20168,12065
1487028920,2026-05-16T03:52:16Z,2026-05-18T22:01:22Z,2892,,Y,23205,23398
1487028828,2026-05-16T03:52:16Z,2026-05-17T09:00:54Z,4620,,Y,22514,28508
1487028829,2026-05-16T03:52:16Z,2026-05-17T20:16:37Z,3658,,Y,22514,28508
1487028915,2026-05-16T03:52:16Z,2026-05-16T13:42:40Z,2703,,Y,23205,23398
1487028919,2026-05-16T03:52:16Z,2026-05-18T10:45:38Z,2288,,Y,23205,23398
1487028916,2026-05-16T03:52:16Z,2026-05-17T00:58:25Z,2497,,Y,23205,23398
1487028899,2026-05-16T03:52:16Z,2026-05-16T21:39:27Z,4984,,Y,23048,23512
1487028918,2026-05-16T03:52:16Z,2026-05-17T23:29:54Z,2091,,Y,23205,23398
1487028831,2026-05-16T03:52:18Z,2026-05-18T18:48:05Z,1649,,Y,22514,28508
1487029171,2026-05-16T03:52:18Z,2026-05-16T13:42:40Z,2703,,Y,23398,23205
1487029175,2026-05-16T03:52:18Z,2026-05-18T10:45:38Z,2288,,Y,23398,23205
1487029208,2026-05-16T03:52:18Z,2026-05-16T21:39:27Z,4984,,Y,23512,23048
1487029172,2026-05-16T03:52:18Z,2026-05-17T00:58:25Z,2497,,Y,23398,23205
1487029176,2026-05-16T03:52:18Z,2026-05-18T22:01:22Z,2892,,Y,23398,23205
1487028917,2026-05-16T03:52:18Z,2026-05-17T12:14:09Z,2253,,Y,23205,23398
1487029173,2026-05-16T03:52:18Z,2026-05-17T12:14:09Z,2253,,Y,23398,23205
1487028830,2026-05-16T03:52:18Z,2026-05-18T07:32:21Z,2680,,Y,22514,28508
1487029174,2026-05-16T03:52:18Z,2026-05-17T23:29:54Z,2091,,Y,23398,23205
1487029958,2026-05-16T03:52:25Z,2026-05-17T20:16:37Z,3658,,Y,28508,22514
1487030031,2026-05-16T03:52:25Z,2026-05-19T03:11:05Z,3591,,Y,28807,58991
1487029959,2026-05-16T03:52:25Z,2026-05-18T07:32:21Z,2680,,Y,28508,22514
1487029960,2026-05-16T03:52:25Z,2026-05-18T18:48:05Z,1649,,Y,28508,22514
1487029957,2026-05-16T03:52:26Z,2026-05-17T09:00:54Z,4620,,Y,28508,22514
1487034977,2026-05-16T03:52:44Z,2026-05-19T03:11:05Z,3591,,Y,58991,28807
1487120676,2026-05-16T04:44:01Z,2026-05-17T14:49:18Z,117,0.0001193346,Y,254,31674
1487122548,2026-05-16T04:44:15Z,2026-05-17T22:16:12Z,490,0.0001256647,Y,7768,85010
1487122776,2026-05-16T04:44:17Z,2026-05-16T22:32:47Z,867,0.0001738837,Y,8800,270075
1487123190,2026-05-16T04:44:21Z,2026-05-18T16:02:53Z,453,0.0004423394,Y,11288,31182
1487125127,2026-05-16T04:44:35Z,2026-05-17T05:49:56Z,173,0.0004280554,Y,14950,87300
1487128154,2026-05-16T04:45:02Z,2026-05-18T16:52:39Z,90,0.0008523664,Y,22458,29922
1487128186,2026-05-16T04:45:03Z,2026-05-19T02:45:35Z,173,0.0002607001,Y,22566,61841
1487128779,2026-05-16T04:45:12Z,2026-05-17T03:15:32Z,781,0.0002032052,Y,24727,270219
1487129135,2026-05-16T04:45:14Z,2026-05-18T17:36:37Z,68,0.0003949297,Y,25489,60660
1487131083,2026-05-16T04:45:26Z,2026-05-17T03:43:05Z,562,0.0003576019,Y,27561,61090
1487131039,2026-05-16T04:45:27Z,2026-05-18T06:14:03Z,156,0.001273237,Y,27422,61115
1487133407,2026-05-16T04:45:50Z,2026-05-18T16:52:39Z,90,0.0008523664,Y,29922,22458
1487134877,2026-05-16T04:46:01Z,2026-05-18T20:44:57Z,198,0.0001196521,Y,30805,37668
1487135259,2026-05-16T04:46:02Z,2026-05-17T09:35:31Z,26,0.0004429225,Y,30996,37430
1487135571,2026-05-16T04:46:07Z,2026-05-18T16:02:53Z,453,0.0004423394,Y,31182,11288
1487135638,2026-05-16T04:46:07Z,2026-05-16T20:53:14Z,642,0.0003891364,Y,31205,270311
1487136812,2026-05-16T04:46:16Z,2026-05-17T14:49:18Z,117,0.0001193346,Y,31674,254
1487171106,2026-05-16T04:50:43Z,2026-05-16T17:30:38Z,349,0.0001134884,Y,54521,40490
1487207544,2026-05-16T04:56:28Z,2026-05-18T17:36:37Z,68,0.0003949297,Y,60660,25489
1487208828,2026-05-16T04:56:43Z,2026-05-17T03:43:05Z,562,0.0003576019,Y,61090,27561
1487208970,2026-05-16T04:56:45Z,2026-05-18T06:14:03Z,156,0.001273237,Y,61115,27422
1487211658,2026-05-16T04:57:16Z,2026-05-19T02:45:35Z,173,0.0002607001,Y,61841,22566
1487587726,2026-05-16T11:11:43Z,2026-05-16T17:47:00Z,2339,,Y,12065,20168
1487588302,2026-05-16T11:11:49Z,2026-05-19T05:43:34Z,1192,,Y,20872,64406
1487588405,2026-05-16T11:11:50Z,2026-05-18T18:48:05Z,1649,,Y,22514,28508
1487588404,2026-05-16T11:11:50Z,2026-05-18T07:32:21Z,2680,,Y,22514,28508
1487588403,2026-05-16T11:11:50Z,2026-05-17T20:16:37Z,3658,,Y,22514,28508
1487588469,2026-05-16T11:11:51Z,2026-05-18T10:45:38Z,2008,,Y,23205,23398
1487588468,2026-05-16T11:11:51Z,2026-05-17T23:29:54Z,1985,,Y,23205,23398
1487588465,2026-05-16T11:11:51Z,2026-05-16T13:42:41Z,2811,,Y,23205,23398
1487588470,2026-05-16T11:11:51Z,2026-05-18T22:01:22Z,2499,,Y,23205,23398
1487588466,2026-05-16T11:11:51Z,2026-05-17T00:58:25Z,2587,,Y,23205,23398
1487588456,2026-05-16T11:11:51Z,2026-05-16T21:39:27Z,4984,,Y,23048,23512
1487588471,2026-05-16T11:11:51Z,2026-05-19T09:17:07Z,3402,,Y,23205,23398
1487588467,2026-05-16T11:11:51Z,2026-05-17T12:14:09Z,2279,,Y,23205,23398
1487588236,2026-05-16T11:11:51Z,2026-05-16T17:47:00Z,2339,,Y,20168,12065
1487588721,2026-05-16T11:11:52Z,2026-05-17T23:29:54Z,1985,,Y,23398,23205
1487588719,2026-05-16T11:11:52Z,2026-05-17T00:58:25Z,2587,,Y,23398,23205
1487588402,2026-05-16T11:11:52Z,2026-05-17T09:00:54Z,4620,,Y,22514,28508
1487588720,2026-05-16T11:11:52Z,2026-05-17T12:14:09Z,2279,,Y,23398,23205
1487588718,2026-05-16T11:11:52Z,2026-05-16T13:42:41Z,2811,,Y,23398,23205
1487588724,2026-05-16T11:11:52Z,2026-05-19T09:17:07Z,3402,,Y,23398,23205
1487588757,2026-05-16T11:11:53Z,2026-05-16T21:39:27Z,4984,,Y,23512,23048
1487588722,2026-05-16T11:11:53Z,2026-05-18T10:45:38Z,2008,,Y,23398,23205
1487588723,2026-05-16T11:11:54Z,2026-05-18T22:01:22Z,2499,,Y,23398,23205
1487588406,2026-05-16T11:11:54Z,2026-05-19T06:03:49Z,565,,Y,22514,28508
1487589416,2026-05-16T11:11:58Z,2026-05-17T09:00:54Z,4620,,Y,28508,22514
1487589420,2026-05-16T11:11:58Z,2026-05-19T06:03:49Z,565,,Y,28508,22514
1487589418,2026-05-16T11:11:58Z,2026-05-18T07:32:21Z,2680,,Y,28508,22514
1487589419,2026-05-16T11:11:58Z,2026-05-18T18:48:05Z,1649,,Y,28508,22514
1487589417,2026-05-16T11:11:58Z,2026-05-17T20:16:37Z,3658,,Y,28508,22514
1487589483,2026-05-16T11:11:59Z,2026-05-19T03:11:05Z,3881,,Y,28807,58991
1487593077,2026-05-16T11:12:25Z,2026-05-19T03:11:05Z,3881,,Y,58991,28807
1487593457,2026-05-16T11:12:26Z,2026-05-19T05:43:34Z,1192,,Y,64406,20872
1487632214,2026-05-16T11:54:37Z,2026-05-16T22:32:47Z,762,0.0001751955,Y,8800,270075
1487632002,2026-05-16T11:54:37Z,2026-05-17T22:16:12Z,528,0.0001095705,Y,7768,85010
1487632612,2026-05-16T11:54:40Z,2026-05-18T16:02:53Z,480,0.0003881475,Y,11288,31182
1487633307,2026-05-16T11:54:45Z,2026-05-18T17:48:23Z,273,0.0004290241,Y,13127,39962
1487633499,2026-05-16T11:54:47Z,2026-05-17T06:43:10Z,65,0.0003820557,Y,13719,29988
1487634496,2026-05-16T11:54:53Z,2026-05-17T05:49:56Z,197,0.0004168626,Y,14950,87300
1487637426,2026-05-16T11:55:12Z,2026-05-18T16:52:39Z,279,0.0003178342,Y,22458,29922
1487637454,2026-05-16T11:55:13Z,2026-05-19T02:45:35Z,457,0.0002920973,Y,22566,61841
1487638024,2026-05-16T11:55:15Z,2026-05-17T03:15:32Z,776,0.0002098193,Y,24727,270219
1487639778,2026-05-16T11:55:25Z,2026-05-17T09:27:42Z,441,0.0004328063,Y,27371,58993
1487639834,2026-05-16T11:55:26Z,2026-05-17T03:43:05Z,137,0.0004229745,Y,27561,61090
1487639790,2026-05-16T11:55:27Z,2026-05-18T06:14:03Z,330,0.0005347334,Y,27422,61115
1487662107,2026-05-16T11:55:40Z,2026-05-18T16:52:39Z,279,0.0003178342,Y,29922,22458
1487662215,2026-05-16T11:55:40Z,2026-05-17T06:43:10Z,65,0.0003820557,Y,29988,13719
1487663544,2026-05-16T11:55:48Z,2026-05-18T20:44:57Z,30,0.0001212919,Y,30805,37668
1487663920,2026-05-16T11:55:50Z,2026-05-17T09:35:31Z,50,0.0005497056,Y,30996,37430
1487664228,2026-05-16T11:55:52Z,2026-05-18T16:02:53Z,480,0.0003881475,Y,31182,11288
1487664290,2026-05-16T11:55:54Z,2026-05-16T20:53:14Z,839,0.0002620892,Y,31205,270311
1487666263,2026-05-16T11:56:06Z,2026-05-18T02:22:30Z,204,0.0001045153,Y,32185,64092
1487669337,2026-05-16T11:56:27Z,2026-05-18T16:30:11Z,467,0.0002218867,Y,34672,270429
1487673010,2026-05-16T11:56:51Z,2026-05-17T09:35:31Z,50,0.0005497056,Y,37430,30996
1487673221,2026-05-16T11:56:54Z,2026-05-18T20:44:57Z,30,0.0001212919,Y,37668,30805
1487673761,2026-05-16T11:56:55Z,2026-05-18T03:25:13Z,24,0.001145671,Y,38143,63177
1487677120,2026-05-16T11:57:18Z,2026-05-18T17:48:23Z,273,0.0004290241,Y,39962,13127
1487678284,2026-05-16T11:57:28Z,2026-05-16T17:30:38Z,347,0.0001149574,Y,40490,54521
1487649100,2026-05-16T11:59:41Z,2026-05-16T17:30:38Z,347,0.0001149574,Y,54521,40490
1487712779,2026-05-16T12:02:34Z,2026-05-17T09:27:42Z,441,0.0004328063,Y,58993,27371
1487726577,2026-05-16T12:04:18Z,2026-05-17T03:43:05Z,137,0.0004229745,Y,61090,27561
1487726713,2026-05-16T12:04:21Z,2026-05-18T06:14:03Z,330,0.0005347334,Y,61115,27422
1487729355,2026-05-16T12:04:38Z,2026-05-19T02:45:35Z,457,0.0002920973,Y,61841,22566
1487732717,2026-05-16T12:06:18Z,2026-05-18T03:25:13Z,24,0.001145671,Y,63177,38143
1488171406,2026-05-16T20:50:13Z,2026-05-19T05:43:34Z,1101,,Y,20872,64406
1488171569,2026-05-16T20:50:14Z,2026-05-17T23:29:54Z,1985,,Y,23205,23398
1488171505,2026-05-16T20:50:14Z,2026-05-17T09:00:54Z,4801,,Y,22514,28508
1488171568,2026-05-16T20:50:14Z,2026-05-17T12:14:09Z,2279,,Y,23205,23398
1488171508,2026-05-16T20:50:14Z,2026-05-18T18:48:05Z,1843,,Y,22514,28508
1488171567,2026-05-16T20:50:14Z,2026-05-17T00:58:25Z,2587,,Y,23205,23398
1488171570,2026-05-16T20:50:14Z,2026-05-18T10:45:38Z,2008,,Y,23205,23398
1488171558,2026-05-16T20:50:14Z,2026-05-16T21:39:27Z,4984,,Y,23048,23512
1488171571,2026-05-16T20:50:14Z,2026-05-18T22:01:22Z,2499,,Y,23205,23398
1488171506,2026-05-16T20:50:14Z,2026-05-17T20:16:37Z,3842,,Y,22514,28508
1488171509,2026-05-16T20:50:14Z,2026-05-19T06:03:49Z,770,,Y,22514,28508
1488171572,2026-05-16T20:50:14Z,2026-05-19T09:17:07Z,3402,,Y,23205,23398
1488171510,2026-05-16T20:50:14Z,2026-05-19T17:19:33Z,363,,Y,22514,28508
1488171573,2026-05-16T20:50:14Z,2026-05-19T20:32:51Z,4478,,Y,23205,23398
1488171796,2026-05-16T20:50:16Z,2026-05-17T12:14:09Z,2279,,Y,23398,23205
1488171800,2026-05-16T20:50:16Z,2026-05-19T09:17:07Z,3402,,Y,23398,23205
1488171797,2026-05-16T20:50:16Z,2026-05-17T23:29:54Z,1985,,Y,23398,23205
1488171801,2026-05-16T20:50:16Z,2026-05-19T20:32:51Z,4478,,Y,23398,23205
1488171795,2026-05-16T20:50:16Z,2026-05-17T00:58:25Z,2587,,Y,23398,23205
1488171798,2026-05-16T20:50:16Z,2026-05-18T10:45:38Z,2008,,Y,23398,23205
1488171507,2026-05-16T20:50:16Z,2026-05-18T07:32:21Z,2868,,Y,22514,28508
1488171834,2026-05-16T20:50:17Z,2026-05-16T21:39:27Z,4984,,Y,23512,23048
1488171799,2026-05-16T20:50:17Z,2026-05-18T22:01:22Z,2499,,Y,23398,23205
1488172489,2026-05-16T20:50:20Z,2026-05-18T07:32:21Z,2868,,Y,28508,22514
1488172491,2026-05-16T20:50:20Z,2026-05-19T06:03:49Z,770,,Y,28508,22514
1488172487,2026-05-16T20:50:20Z,2026-05-17T09:00:54Z,4801,,Y,28508,22514
1488172492,2026-05-16T20:50:21Z,2026-05-19T17:19:33Z,363,,Y,28508,22514
1488172488,2026-05-16T20:50:22Z,2026-05-17T20:16:37Z,3842,,Y,28508,22514
1488172490,2026-05-16T20:50:22Z,2026-05-18T18:48:05Z,1843,,Y,28508,22514
1488174524,2026-05-16T20:50:35Z,2026-05-19T05:43:34Z,1101,,Y,64406,20872
1488182081,2026-05-16T21:44:15Z,2026-05-17T14:49:18Z,247,0.0001026131,Y,254,31674
1488183993,2026-05-16T21:44:32Z,2026-05-17T22:16:12Z,515,0.0001149877,Y,7768,85010
1488185442,2026-05-16T21:44:45Z,2026-05-18T17:48:23Z,228,0.0006536152,Y,13127,39962
1488185891,2026-05-16T21:44:50Z,2026-05-17T18:50:46Z,973,0.0001164092,Y,14033,54933
1488186698,2026-05-16T21:44:56Z,2026-05-17T05:49:56Z,187,0.0004295476,Y,14950,87300
1488188710,2026-05-16T21:45:18Z,2026-05-19T16:36:47Z,200,0.0001184105,Y,19594,270078
1488189971,2026-05-16T21:45:31Z,2026-05-18T16:52:39Z,270,0.0002465117,Y,22458,29922
1488190004,2026-05-16T21:45:31Z,2026-05-19T02:45:35Z,82,0.000453761,Y,22566,61841
1488190630,2026-05-16T21:45:37Z,2026-05-17T03:15:32Z,774,0.0002032307,Y,24727,270219
1488191022,2026-05-16T21:45:43Z,2026-05-18T17:36:37Z,716,0.0006072404,Y,25489,60660
1488193102,2026-05-16T21:45:56Z,2026-05-18T06:14:03Z,267,0.0003876231,Y,27422,61115
1488195496,2026-05-16T21:46:17Z,2026-05-18T16:52:39Z,270,0.0002465117,Y,29922,22458
1488196955,2026-05-16T21:46:29Z,2026-05-17T00:54:00Z,163,0.0001002401,Y,30718,54436
1488197074,2026-05-16T21:46:30Z,2026-05-18T20:44:57Z,25,0.0001481966,Y,30805,37668
1488197430,2026-05-16T21:46:33Z,2026-05-17T09:35:31Z,78,0.0007330666,Y,30996,37430
1488197810,2026-05-16T21:46:37Z,2026-05-16T20:53:14Z,814,0.0002520916,Y,31205,270311
1488197746,2026-05-16T21:46:39Z,2026-05-18T16:02:53Z,358,0.000545732,Y,31182,11288
1488199046,2026-05-16T21:46:50Z,2026-05-17T14:49:18Z,247,0.0001026131,Y,31674,254
1488207035,2026-05-16T21:48:00Z,2026-05-17T09:35:31Z,78,0.0007330666,Y,37430,30996
1488207302,2026-05-16T21:48:02Z,2026-05-18T20:44:57Z,25,0.0001481966,Y,37668,30805
1488207865,2026-05-16T21:48:08Z,2026-05-18T03:25:13Z,76,0.0006821371,Y,38143,63177
1488211049,2026-05-16T21:48:34Z,2026-05-18T06:51:31Z,120,0.0001162973,Y,39857,87587
1488211212,2026-05-16T21:48:36Z,2026-05-18T17:48:23Z,228,0.0006536152,Y,39962,13127
1488376087,2026-05-16T21:51:58Z,2026-05-17T00:54:00Z,163,0.0001002401,Y,54436,30718
1488233480,2026-05-16T21:51:58Z,2026-05-17T00:54:00Z,163,0.0001002401,Y,54436,30718
1488377838,2026-05-16T21:52:17Z,2026-05-17T18:50:46Z,973,0.0001164092,Y,54933,14033
1488235231,2026-05-16T21:52:17Z,2026-05-17T18:50:46Z,973,0.0001164092,Y,54933,14033
1488251713,2026-05-16T21:58:20Z,2026-05-18T17:36:37Z,716,0.0006072404,Y,60660,25489
1488404320,2026-05-16T21:58:20Z,2026-05-18T17:36:37Z,716,0.0006072404,Y,60660,25489
1488405797,2026-05-16T21:58:35Z,2026-05-18T06:14:03Z,267,0.0003876231,Y,61115,27422
1488283190,2026-05-16T21:58:35Z,2026-05-18T06:14:03Z,267,0.0003876231,Y,61115,27422
1488286028,2026-05-16T21:58:54Z,2026-05-19T02:45:35Z,82,0.000453761,Y,61841,22566
1488358635,2026-05-16T21:58:54Z,2026-05-19T02:45:35Z,82,0.000453761,Y,61841,22566
1488412384,2026-05-16T22:01:01Z,2026-05-18T03:25:13Z,76,0.0006821371,Y,63177,38143
1488809944,2026-05-17T04:13:55Z,2026-05-19T05:43:34Z,221,,Y,20872,64406
1488810125,2026-05-17T04:13:56Z,2026-05-17T12:14:09Z,2279,,Y,23205,23398
1488810126,2026-05-17T04:13:56Z,2026-05-17T23:29:54Z,1985,,Y,23205,23398
1488810130,2026-05-17T04:13:56Z,2026-05-19T20:32:51Z,4478,,Y,23205,23398
1488810051,2026-05-17T04:13:56Z,2026-05-17T20:16:37Z,4128,,Y,22514,28508
1488810127,2026-05-17T04:13:56Z,2026-05-18T10:45:38Z,2008,,Y,23205,23398
1488810054,2026-05-17T04:13:56Z,2026-05-19T06:03:49Z,1110,,Y,22514,28508
1488810053,2026-05-17T04:13:56Z,2026-05-18T18:48:05Z,2157,,Y,22514,28508
1488810055,2026-05-17T04:13:56Z,2026-05-19T17:19:33Z,345,,Y,22514,28508
1488810052,2026-05-17T04:13:57Z,2026-05-18T07:32:21Z,3166,,Y,22514,28508
1488810128,2026-05-17T04:13:58Z,2026-05-18T22:01:22Z,2499,,Y,23205,23398
1488810380,2026-05-17T04:13:58Z,2026-05-17T23:29:54Z,1985,,Y,23398,23205
1488810382,2026-05-17T04:13:58Z,2026-05-18T22:01:22Z,2499,,Y,23398,23205
1488810381,2026-05-17T04:13:58Z,2026-05-18T10:45:38Z,2008,,Y,23398,23205
1488810379,2026-05-17T04:13:58Z,2026-05-17T12:14:09Z,2279,,Y,23398,23205
1488810383,2026-05-17T04:13:58Z,2026-05-19T09:17:07Z,3402,,Y,23398,23205
1488810129,2026-05-17T04:13:58Z,2026-05-19T09:17:07Z,3402,,Y,23205,23398
1488810384,2026-05-17T04:13:58Z,2026-05-19T20:32:51Z,4478,,Y,23398,23205
1488811161,2026-05-17T04:14:05Z,2026-05-18T07:32:21Z,3166,,Y,28508,22514
1488811162,2026-05-17T04:14:05Z,2026-05-18T18:48:05Z,2157,,Y,28508,22514
1488811163,2026-05-17T04:14:05Z,2026-05-19T06:03:49Z,1110,,Y,28508,22514
1488811164,2026-05-17T04:14:05Z,2026-05-19T17:19:33Z,345,,Y,28508,22514
1488811160,2026-05-17T04:14:05Z,2026-05-17T20:16:37Z,4128,,Y,28508,22514
1488818597,2026-05-17T04:14:29Z,2026-05-19T05:43:34Z,221,,Y,64406,20872
1488995318,2026-05-17T05:03:14Z,2026-05-18T01:15:52Z,253,0.0001731979,Y,5210,21442
1488995756,2026-05-17T05:03:15Z,2026-05-17T22:16:12Z,502,0.0001221011,Y,7768,85010
1488996419,2026-05-17T05:03:22Z,2026-05-18T16:02:53Z,300,0.0006235598,Y,11288,31182
1488997147,2026-05-17T05:03:28Z,2026-05-18T17:48:23Z,186,0.0007311442,Y,13127,39962
1488997585,2026-05-17T05:03:32Z,2026-05-17T18:50:46Z,633,0.0001566559,Y,14033,54933
1488998378,2026-05-17T05:03:40Z,2026-05-17T05:49:56Z,189,0.0004234018,Y,14950,87300
1489000329,2026-05-17T05:03:56Z,2026-05-19T16:36:48Z,378,0.0001197564,Y,19594,270078
1489001250,2026-05-17T05:04:05Z,2026-05-18T01:15:52Z,253,0.0001731979,Y,21442,5210
1489001584,2026-05-17T05:04:08Z,2026-05-18T16:52:39Z,251,0.0002342815,Y,22458,29922
1489001616,2026-05-17T05:04:09Z,2026-05-19T02:45:35Z,162,0.0005217741,Y,22566,61841
1489002550,2026-05-17T05:04:16Z,2026-05-18T17:36:37Z,550,0.0001229504,Y,25489,60660
1488986437,2026-05-17T05:04:46Z,2026-05-19T08:34:52Z,705,0.0001571694,Y,29536,40049
1488986977,2026-05-17T05:04:51Z,2026-05-18T16:52:39Z,251,0.0002342815,Y,29922,22458
1488988486,2026-05-17T05:05:04Z,2026-05-18T20:44:57Z,54,0.0001266219,Y,30805,37668
1488988823,2026-05-17T05:05:08Z,2026-05-17T09:35:31Z,66,0.0008421493,Y,30996,37430
1488989144,2026-05-17T05:05:10Z,2026-05-18T16:02:53Z,300,0.0006235598,Y,31182,11288
1489077955,2026-05-17T05:06:38Z,2026-05-17T09:35:31Z,66,0.0008421493,Y,37430,30996
1489078203,2026-05-17T05:06:40Z,2026-05-18T20:44:57Z,54,0.0001266219,Y,37668,30805
1489078736,2026-05-17T05:06:46Z,2026-05-18T03:25:13Z,72,0.0005079792,Y,38143,63177
1489081888,2026-05-17T05:07:20Z,2026-05-18T06:51:31Z,88,0.0001650732,Y,39857,87587
1489082041,2026-05-17T05:07:22Z,2026-05-18T17:48:23Z,186,0.0007311442,Y,39962,13127
1489082653,2026-05-17T05:07:32Z,2026-05-19T08:34:52Z,705,0.0001571694,Y,40049,29536
1488954348,2026-05-17T05:11:03Z,2026-05-18T19:54:19Z,95,0.0001071535,Y,54451,89261
1488956120,2026-05-17T05:11:20Z,2026-05-17T18:50:46Z,633,0.0001566559,Y,54933,14033
1489013131,2026-05-17T05:18:31Z,2026-05-18T17:36:37Z,550,0.0001229504,Y,60660,25489
1489017306,2026-05-17T05:19:19Z,2026-05-19T02:45:35Z,162,0.0005217741,Y,61841,22566
1488926520,2026-05-17T05:22:14Z,2026-05-18T03:25:13Z,72,0.0005079792,Y,63177,38143
1489357988,2026-05-17T11:25:24Z,2026-05-20T07:09:18Z,3441,,Y,15876,38357
1489358285,2026-05-17T11:25:26Z,2026-05-19T05:43:34Z,221,,Y,20872,64406
1489358375,2026-05-17T11:25:27Z,2026-05-17T20:16:37Z,4128,,Y,22514,28508
1489358376,2026-05-17T11:25:27Z,2026-05-18T07:32:21Z,3166,,Y,22514,28508
1489358380,2026-05-17T11:25:27Z,2026-05-20T04:35:17Z,1205,,Y,22514,28508
1489358379,2026-05-17T11:25:27Z,2026-05-19T17:19:33Z,345,,Y,22514,28508
1489358378,2026-05-17T11:25:27Z,2026-05-19T06:03:49Z,1110,,Y,22514,28508
1489358377,2026-05-17T11:25:27Z,2026-05-18T18:48:05Z,2157,,Y,22514,28508
1489358448,2026-05-17T11:25:28Z,2026-05-17T23:29:54Z,1985,,Y,23205,23398
1489358451,2026-05-17T11:25:28Z,2026-05-19T09:17:07Z,3402,,Y,23205,23398
1489358452,2026-05-17T11:25:28Z,2026-05-19T20:32:51Z,4478,,Y,23205,23398
1489358449,2026-05-17T11:25:28Z,2026-05-18T10:45:38Z,2008,,Y,23205,23398
1489358450,2026-05-17T11:25:28Z,2026-05-18T22:01:22Z,2499,,Y,23205,23398
1489358447,2026-05-17T11:25:28Z,2026-05-17T12:14:09Z,2279,,Y,23205,23398
1489358680,2026-05-17T11:25:30Z,2026-05-19T20:32:51Z,4478,,Y,23398,23205
1489358677,2026-05-17T11:25:30Z,2026-05-18T10:45:38Z,2008,,Y,23398,23205
1489358679,2026-05-17T11:25:30Z,2026-05-19T09:17:07Z,3402,,Y,23398,23205
1489358676,2026-05-17T11:25:30Z,2026-05-17T23:29:54Z,1985,,Y,23398,23205
1489358675,2026-05-17T11:25:30Z,2026-05-17T12:14:09Z,2279,,Y,23398,23205
1489358678,2026-05-17T11:25:30Z,2026-05-18T22:01:22Z,2499,,Y,23398,23205
1489359415,2026-05-17T11:25:36Z,2026-05-19T06:03:49Z,1110,,Y,28508,22514
1489359413,2026-05-17T11:25:36Z,2026-05-18T07:32:21Z,3166,,Y,28508,22514
1489359416,2026-05-17T11:25:36Z,2026-05-19T17:19:33Z,345,,Y,28508,22514
1489359414,2026-05-17T11:25:36Z,2026-05-18T18:48:05Z,2157,,Y,28508,22514
1489359412,2026-05-17T11:25:36Z,2026-05-17T20:16:37Z,4128,,Y,28508,22514
1489359417,2026-05-17T11:25:36Z,2026-05-20T04:35:17Z,1205,,Y,28508,22514
1489360621,2026-05-17T11:25:48Z,2026-05-20T07:09:18Z,3441,,Y,38357,15876
1489365382,2026-05-17T11:25:59Z,2026-05-19T05:43:34Z,221,,Y,64406,20872
1489391483,2026-05-17T12:07:47Z,2026-05-18T01:15:52Z,402,0.0001568852,Y,5210,21442
1489391823,2026-05-17T12:07:49Z,2026-05-19T15:31:35Z,222,0.000199956,Y,7274,37715
1489391893,2026-05-17T12:07:51Z,2026-05-17T22:16:12Z,482,0.0001303538,Y,7768,85010
1489392167,2026-05-17T12:07:53Z,2026-05-20T11:38:21Z,507,0.0005655797,Y,9022,35210
1489392503,2026-05-17T12:07:57Z,2026-05-18T16:02:53Z,235,0.0009675661,Y,11288,31182
1489393221,2026-05-17T12:08:01Z,2026-05-18T17:48:23Z,141,0.0006265229,Y,13127,39962
1489393926,2026-05-17T12:08:05Z,2026-05-19T07:46:39Z,500,0.0001360721,Y,14452,41251
1489395068,2026-05-17T12:08:14Z,2026-05-20T11:05:47Z,620,0.000258572,Y,18119,270074
1489397445,2026-05-17T12:08:32Z,2026-05-18T16:52:39Z,225,0.0002717187,Y,22458,29922
1489397475,2026-05-17T12:08:32Z,2026-05-19T02:45:35Z,541,0.0002346192,Y,22566,61841
1489397131,2026-05-17T12:08:32Z,2026-05-18T01:15:52Z,402,0.0001568852,Y,21442,5210
1489398394,2026-05-17T12:08:39Z,2026-05-18T17:36:37Z,187,0.0001988178,Y,25489,60660
1489449537,2026-05-17T12:08:48Z,2026-05-17T22:26:33Z,114,0.0002147336,Y,26821,28479
1489450575,2026-05-17T12:08:56Z,2026-05-17T22:26:33Z,114,0.0002147336,Y,28479,26821
1489451995,2026-05-17T12:09:10Z,2026-05-18T16:52:39Z,225,0.0002717187,Y,29922,22458
1489453334,2026-05-17T12:09:17Z,2026-05-19T16:39:22Z,369,0.0001144006,Y,30706,41289
1489453460,2026-05-17T12:09:19Z,2026-05-18T20:44:57Z,53,0.0001363001,Y,30805,37668
1489454081,2026-05-17T12:09:26Z,2026-05-18T16:02:53Z,235,0.0009675661,Y,31182,11288
1489455945,2026-05-17T12:09:37Z,2026-05-20T05:52:28Z,309,0.0004728633,Y,32062,64656
1489479746,2026-05-17T12:10:05Z,2026-05-20T11:38:21Z,507,0.0005655797,Y,35210,9022
1489482972,2026-05-17T12:10:29Z,2026-05-18T20:44:57Z,53,0.0001363001,Y,37668,30805
1489483039,2026-05-17T12:10:29Z,2026-05-19T15:31:35Z,222,0.000199956,Y,37715,7274
1489483487,2026-05-17T12:10:33Z,2026-05-18T03:25:13Z,102,0.0002965071,Y,38143,63177
1489486488,2026-05-17T12:10:55Z,2026-05-18T06:51:31Z,139,0.0001813639,Y,39857,87587
1489486638,2026-05-17T12:10:56Z,2026-05-18T17:48:23Z,141,0.0006265229,Y,39962,13127
1489487694,2026-05-17T12:11:05Z,2026-05-20T06:43:20Z,182,0.0002020395,Y,40401,42111
1489489375,2026-05-17T12:11:22Z,2026-05-19T07:46:39Z,500,0.0001360721,Y,41251,14452
1489489478,2026-05-17T12:11:23Z,2026-05-19T16:39:22Z,369,0.0001144006,Y,41289,30706
1489490746,2026-05-17T12:11:35Z,2026-05-20T06:43:20Z,182,0.0002020395,Y,42111,40401
1489461979,2026-05-17T12:13:01Z,2026-05-20T10:40:14Z,23,0.0002490755,Y,48710,81745
1489468197,2026-05-17T12:13:52Z,2026-05-18T19:54:19Z,449,0.000112358,Y,54451,89261
1489543729,2026-05-17T12:18:34Z,2026-05-18T17:36:37Z,187,0.0001988178,Y,60660,25489
1489547706,2026-05-17T12:19:04Z,2026-05-19T02:45:35Z,541,0.0002346192,Y,61841,22566
1489969641,2026-05-17T20:52:58Z,2026-05-20T07:09:18Z,3616,,Y,15876,38357
1489969896,2026-05-17T20:53:03Z,2026-05-19T05:43:34Z,221,,Y,20872,64406
1489969980,2026-05-17T20:53:07Z,2026-05-18T18:48:05Z,2157,,Y,22514,28508
1489969982,2026-05-17T20:53:07Z,2026-05-19T17:19:33Z,345,,Y,22514,28508
1489969979,2026-05-17T20:53:07Z,2026-05-18T07:32:21Z,3166,,Y,22514,28508
1489969981,2026-05-17T20:53:07Z,2026-05-19T06:03:49Z,1110,,Y,22514,28508
1489969984,2026-05-17T20:53:08Z,2026-05-20T15:51:01Z,2291,,Y,22514,28508
1489969983,2026-05-17T20:53:08Z,2026-05-20T04:35:17Z,1205,,Y,22514,28508
1489970050,2026-05-17T20:53:08Z,2026-05-17T23:29:54Z,1985,,Y,23205,23398
1489970054,2026-05-17T20:53:09Z,2026-05-19T20:32:51Z,4478,,Y,23205,23398
1489970051,2026-05-17T20:53:09Z,2026-05-18T10:45:38Z,2008,,Y,23205,23398
1489970053,2026-05-17T20:53:09Z,2026-05-19T09:17:07Z,3402,,Y,23205,23398
1489970052,2026-05-17T20:53:10Z,2026-05-18T22:01:22Z,2499,,Y,23205,23398
1489970268,2026-05-17T20:53:15Z,2026-05-19T09:17:07Z,3402,,Y,23398,23205
1489970266,2026-05-17T20:53:15Z,2026-05-18T10:45:38Z,2008,,Y,23398,23205
1489970269,2026-05-17T20:53:16Z,2026-05-19T20:32:51Z,4478,,Y,23398,23205
1489970265,2026-05-17T20:53:16Z,2026-05-17T23:29:54Z,1985,,Y,23398,23205
1489970267,2026-05-17T20:53:16Z,2026-05-18T22:01:22Z,2499,,Y,23398,23205
1489970947,2026-05-17T20:53:34Z,2026-05-18T18:48:05Z,2157,,Y,28508,22514
1489970946,2026-05-17T20:53:34Z,2026-05-18T07:32:21Z,3166,,Y,28508,22514
1489970950,2026-05-17T20:53:35Z,2026-05-20T04:35:17Z,1205,,Y,28508,22514
1489970948,2026-05-17T20:53:35Z,2026-05-19T06:03:49Z,1110,,Y,28508,22514
1489970951,2026-05-17T20:53:35Z,2026-05-20T15:51:01Z,2291,,Y,28508,22514
1489970949,2026-05-17T20:53:36Z,2026-05-19T17:19:33Z,345,,Y,28508,22514
1489971875,2026-05-17T20:54:00Z,2026-05-20T07:09:18Z,3616,,Y,38357,15876
1489972840,2026-05-17T20:54:28Z,2026-05-19T05:43:34Z,221,,Y,64406,20872
1489990929,2026-05-17T21:46:33Z,2026-05-19T15:31:35Z,216,0.0002446664,Y,7274,37715
1489990992,2026-05-17T21:46:35Z,2026-05-17T22:16:12Z,480,0.000131136,Y,7768,85010
1489991317,2026-05-17T21:46:39Z,2026-05-20T11:38:21Z,579,0.0004430688,Y,9022,35210
1489992416,2026-05-17T21:46:57Z,2026-05-18T17:48:23Z,153,0.0005220579,Y,13127,39962
1489994446,2026-05-17T21:47:23Z,2026-05-20T11:05:47Z,592,0.0002986101,Y,18119,270074
1489997981,2026-05-17T21:48:08Z,2026-05-18T17:36:37Z,168,0.0009014661,Y,25489,60660
1490001891,2026-05-17T21:48:56Z,2026-05-19T00:56:05Z,132,0.0004735059,Y,30018,44621
1490002377,2026-05-17T21:49:01Z,2026-05-20T09:41:29Z,64,0.0001485707,Y,30279,35370
1490003250,2026-05-17T21:49:12Z,2026-05-19T16:39:22Z,55,0.0002283603,Y,30706,41289
1490003861,2026-05-17T21:49:20Z,2026-05-20T00:10:05Z,323,0.0001568751,Y,31072,33980
1490004942,2026-05-17T21:49:33Z,2026-05-19T04:36:40Z,231,0.0001155765,Y,31437,81775
1490006113,2026-05-17T21:49:49Z,2026-05-20T05:52:28Z,224,0.0006061157,Y,32062,64656
1490009200,2026-05-17T21:50:22Z,2026-05-20T00:10:05Z,323,0.0001568751,Y,33980,31072
1490010744,2026-05-17T21:50:40Z,2026-05-20T11:38:21Z,579,0.0004430688,Y,35210,9022
1490010962,2026-05-17T21:50:44Z,2026-05-20T09:41:29Z,64,0.0001485707,Y,35370,30279
1490014251,2026-05-17T21:51:24Z,2026-05-19T15:31:35Z,216,0.0002446664,Y,37715,7274
1490014723,2026-05-17T21:51:29Z,2026-05-18T03:25:13Z,142,0.0001598158,Y,38143,63177
1490017804,2026-05-17T21:52:09Z,2026-05-20T16:41:29Z,346,0.0001897571,Y,39709,60826
1490017897,2026-05-17T21:52:10Z,2026-05-18T06:51:31Z,160,0.0001818476,Y,39857,87587
1490018060,2026-05-17T21:52:13Z,2026-05-18T17:48:23Z,153,0.0005220579,Y,39962,13127
1490051104,2026-05-17T21:52:51Z,2026-05-19T16:39:22Z,55,0.0002283603,Y,41289,30706
1490019689,2026-05-17T21:54:38Z,2026-05-19T00:56:05Z,132,0.0004735059,Y,44621,30018
1490024305,2026-05-17T21:55:41Z,2026-05-20T10:40:14Z,93,0.0003993973,Y,48710,81745
1490071158,2026-05-17T21:57:14Z,2026-05-18T19:54:19Z,485,0.0001279785,Y,54451,89261
1490097934,2026-05-17T22:05:35Z,2026-05-18T17:36:37Z,168,0.0009014661,Y,60660,25489
1490098515,2026-05-17T22:05:42Z,2026-05-20T16:41:29Z,346,0.0001897571,Y,60826,39709
1490040354,2026-05-17T22:06:09Z,2026-05-20T22:00:26Z,393,0.0004804946,Y,61352,25399
1490105413,2026-05-17T22:09:32Z,2026-05-18T03:25:13Z,142,0.0001598158,Y,63177,38143
1490114285,2026-05-17T22:11:33Z,2026-05-20T05:52:28Z,224,0.0006061157,Y,64656,32062
1490547712,2026-05-18T04:12:42Z,2026-05-20T07:09:18Z,3561,,Y,15876,38357
1490548031,2026-05-18T04:12:42Z,2026-05-19T05:43:34Z,900,,Y,20872,64406
1490548223,2026-05-18T04:12:43Z,2026-05-19T20:32:51Z,4478,,Y,23205,23398
1490548139,2026-05-18T04:12:43Z,2026-05-18T18:48:05Z,2157,,Y,22514,28508
1490548143,2026-05-18T04:12:43Z,2026-05-20T15:51:01Z,2291,,Y,22514,28508
1490548220,2026-05-18T04:12:43Z,2026-05-18T10:45:38Z,2008,,Y,23205,23398
1490548141,2026-05-18T04:12:43Z,2026-05-19T17:19:33Z,345,,Y,22514,28508
1490548140,2026-05-18T04:12:43Z,2026-05-19T06:03:49Z,1110,,Y,22514,28508
1490548142,2026-05-18T04:12:43Z,2026-05-20T04:35:17Z,1205,,Y,22514,28508
1490548221,2026-05-18T04:12:44Z,2026-05-18T22:01:22Z,2499,,Y,23205,23398
1490548222,2026-05-18T04:12:44Z,2026-05-19T09:17:07Z,3402,,Y,23205,23398
1490548138,2026-05-18T04:12:45Z,2026-05-18T07:32:21Z,3166,,Y,22514,28508
1490548459,2026-05-18T04:12:45Z,2026-05-18T10:45:38Z,2008,,Y,23398,23205
1490548144,2026-05-18T04:12:45Z,2026-05-21T03:06:45Z,3431,,Y,22514,28508
1490548460,2026-05-18T04:12:47Z,2026-05-18T22:01:22Z,2499,,Y,23398,23205
1490548461,2026-05-18T04:12:47Z,2026-05-19T09:17:07Z,3402,,Y,23398,23205
1490548462,2026-05-18T04:12:47Z,2026-05-19T20:32:51Z,4478,,Y,23398,23205
1490549229,2026-05-18T04:12:50Z,2026-05-18T18:48:05Z,2157,,Y,28508,22514
1490549230,2026-05-18T04:12:50Z,2026-05-19T06:03:49Z,1110,,Y,28508,22514
1490549231,2026-05-18T04:12:50Z,2026-05-19T17:19:33Z,345,,Y,28508,22514
1490549233,2026-05-18T04:12:51Z,2026-05-20T15:51:01Z,2291,,Y,28508,22514
1490549228,2026-05-18T04:12:51Z,2026-05-18T07:32:21Z,3166,,Y,28508,22514
1490549234,2026-05-18T04:12:51Z,2026-05-21T03:06:45Z,3431,,Y,28508,22514
1490549232,2026-05-18T04:12:52Z,2026-05-20T04:35:17Z,1205,,Y,28508,22514
1490550350,2026-05-18T04:13:01Z,2026-05-20T07:09:18Z,3561,,Y,38357,15876
1490576201,2026-05-18T04:13:08Z,2026-05-19T05:43:34Z,900,,Y,64406,20872
1490714570,2026-05-18T05:03:15Z,2026-05-19T15:31:35Z,216,0.0002130112,Y,7274,37715
1490714974,2026-05-18T05:03:21Z,2026-05-18T06:22:02Z,119,0.0004628994,Y,9481,31010
1490714941,2026-05-18T05:03:23Z,2026-05-20T11:38:21Z,389,0.0007391462,Y,9022,35210
1490715271,2026-05-18T05:03:25Z,2026-05-21T02:32:13Z,538,0.0004925327,Y,10991,29740
1490715989,2026-05-18T05:03:38Z,2026-05-18T17:48:23Z,146,0.0003521065,Y,13127,39962
1490718025,2026-05-18T05:04:03Z,2026-05-20T11:05:47Z,662,0.0001128979,Y,18119,270074
1490721324,2026-05-18T05:04:39Z,2026-05-20T20:50:46Z,867,0.0001677947,Y,25078,40525
1490721430,2026-05-18T05:04:39Z,2026-05-20T22:00:26Z,175,0.0007285631,Y,25399,61352
1490721509,2026-05-18T05:04:40Z,2026-05-18T17:36:37Z,71,0.001206114,Y,25489,60660
1490702160,2026-05-18T05:05:14Z,2026-05-19T08:34:52Z,671,0.0005336921,Y,29536,40049
1490702415,2026-05-18T05:05:16Z,2026-05-21T02:32:13Z,538,0.0004925327,Y,29740,10991
1490702697,2026-05-18T05:05:18Z,2026-05-21T01:50:15Z,214,0.0002553688,Y,29940,270387
1490702836,2026-05-18T05:05:19Z,2026-05-19T00:56:05Z,56,0.0008650844,Y,30018,44621
1490704161,2026-05-18T05:05:34Z,2026-05-19T16:39:22Z,87,0.000268976,Y,30706,41289
1490704696,2026-05-18T05:05:41Z,2026-05-18T06:22:02Z,119,0.0004628994,Y,31010,9481
1490704783,2026-05-18T05:05:42Z,2026-05-20T00:10:05Z,252,0.000160542,Y,31072,33980
1490705779,2026-05-18T05:05:54Z,2026-05-19T04:36:40Z,172,0.0001411501,Y,31437,81775
1490706920,2026-05-18T05:06:07Z,2026-05-20T05:52:28Z,399,0.0003324275,Y,32062,64656
1490709483,2026-05-18T05:06:56Z,2026-05-20T00:10:05Z,252,0.000160542,Y,33980,31072
1490757532,2026-05-18T05:07:29Z,2026-05-20T11:38:21Z,389,0.0007391462,Y,35210,9022
1490761086,2026-05-18T05:09:00Z,2026-05-19T15:31:35Z,216,0.0002130112,Y,37715,7274
1490764523,2026-05-18T05:10:16Z,2026-05-20T16:41:29Z,232,0.0002633303,Y,39709,60826
1490764619,2026-05-18T05:10:19Z,2026-05-18T06:51:31Z,131,0.0002023413,Y,39857,87587
1490764773,2026-05-18T05:10:22Z,2026-05-18T17:48:23Z,146,0.0003521065,Y,39962,13127
1490765442,2026-05-18T05:10:37Z,2026-05-19T08:34:52Z,671,0.0005336921,Y,40049,29536
1490689702,2026-05-18T05:10:51Z,2026-05-20T20:50:46Z,867,0.0001677947,Y,40525,25078
1490691183,2026-05-18T05:11:13Z,2026-05-19T16:39:22Z,87,0.000268976,Y,41289,30706
1490744277,2026-05-18T05:13:51Z,2026-05-19T00:56:05Z,56,0.0008650844,Y,44621,30018
1490748751,2026-05-18T05:14:53Z,2026-05-20T10:40:14Z,138,0.0004145701,Y,48710,81745
1490680885,2026-05-18T05:16:18Z,2026-05-18T19:54:19Z,370,0.0001702578,Y,54451,89261
1490731153,2026-05-18T05:25:25Z,2026-05-18T17:36:37Z,71,0.001206114,Y,60660,25489
1490731691,2026-05-18T05:25:35Z,2026-05-20T16:41:29Z,232,0.0002633303,Y,60826,39709
1490662792,2026-05-18T05:26:04Z,2026-05-20T22:00:26Z,175,0.0007285631,Y,61352,25399
1490652964,2026-05-18T05:30:01Z,2026-05-20T05:52:28Z,399,0.0003324275,Y,64656,32062
1490936662,2026-05-18T11:18:04Z,2026-05-20T07:09:18Z,3679,,Y,15876,38357
1490936937,2026-05-18T11:18:08Z,2026-05-19T05:43:34Z,393,,Y,20872,64406
1490937045,2026-05-18T11:18:11Z,2026-05-18T18:48:05Z,2157,,Y,22514,28508
1490937048,2026-05-18T11:18:11Z,2026-05-20T04:35:17Z,1205,,Y,22514,28508
1490937050,2026-05-18T11:18:12Z,2026-05-21T03:06:45Z,3431,,Y,22514,28508
1490937046,2026-05-18T11:18:12Z,2026-05-19T06:03:49Z,1110,,Y,22514,28508
1490937047,2026-05-18T11:18:12Z,2026-05-19T17:19:33Z,345,,Y,22514,28508
1490937049,2026-05-18T11:18:12Z,2026-05-20T15:51:01Z,2291,,Y,22514,28508
1490937122,2026-05-18T11:18:13Z,2026-05-19T20:32:51Z,4420,,Y,23205,23398
1490937120,2026-05-18T11:18:14Z,2026-05-18T22:01:22Z,2456,,Y,23205,23398
1490937121,2026-05-18T11:18:15Z,2026-05-19T09:17:07Z,3349,,Y,23205,23398
1490938061,2026-05-18T11:18:43Z,2026-05-21T03:06:45Z,3431,,Y,28508,22514
1490938059,2026-05-18T11:18:43Z,2026-05-20T04:35:17Z,1205,,Y,28508,22514
1490938056,2026-05-18T11:18:43Z,2026-05-18T18:48:05Z,2157,,Y,28508,22514
1490938058,2026-05-18T11:18:43Z,2026-05-19T17:19:33Z,345,,Y,28508,22514
1490938057,2026-05-18T11:18:43Z,2026-05-19T06:03:49Z,1110,,Y,28508,22514
1490938060,2026-05-18T11:18:44Z,2026-05-20T15:51:01Z,2291,,Y,28508,22514
1490939153,2026-05-18T11:18:59Z,2026-05-20T07:09:18Z,3679,,Y,38357,15876
1490942461,2026-05-18T11:19:15Z,2026-05-19T05:43:34Z,393,,Y,64406,20872
1490984341,2026-05-18T12:15:13Z,2026-05-19T06:38:51Z,565,0.0001030666,Y,6324,54897
1490984499,2026-05-18T12:15:15Z,2026-05-19T15:31:35Z,215,0.0002155529,Y,7274,37715
1490984505,2026-05-18T12:15:15Z,2026-05-21T12:11:20Z,439,0.0002048029,Y,7291,85373
1490985172,2026-05-18T12:15:23Z,2026-05-21T02:32:13Z,882,0.0005596996,Y,10991,29740
1490985187,2026-05-18T12:15:23Z,2026-05-21T08:44:04Z,474,0.0001135706,Y,11238,29207
1490985297,2026-05-18T12:15:24Z,2026-05-21T07:28:00Z,297,0.0006980789,Y,12200,270064
1490985884,2026-05-18T12:15:30Z,2026-05-18T17:48:23Z,140,0.000339077,Y,13127,39962
1490987764,2026-05-18T12:15:51Z,2026-05-20T11:05:47Z,513,0.0005284539,Y,18119,270074
1490988132,2026-05-18T12:15:54Z,2026-05-21T06:37:23Z,445,0.0002053934,Y,18517,19467
1490988700,2026-05-18T12:15:59Z,2026-05-21T06:37:23Z,445,0.0002053934,Y,19467,18517
1490991030,2026-05-18T12:16:25Z,2026-05-21T03:21:05Z,751,0.0001770287,Y,24948,54606
1490991204,2026-05-18T12:16:26Z,2026-05-20T22:00:26Z,408,0.0003209888,Y,25399,61352
1490991278,2026-05-18T12:16:27Z,2026-05-18T17:36:37Z,24,0.00878274,Y,25489,60660
1491059860,2026-05-18T12:16:57Z,2026-05-21T08:44:04Z,474,0.0001135706,Y,29207,11238
1491060245,2026-05-18T12:16:59Z,2026-05-21T02:32:13Z,882,0.0005596996,Y,29740,10991
1491060506,2026-05-18T12:17:02Z,2026-05-21T01:50:16Z,45,0.0003977241,Y,29940,270387
1491060635,2026-05-18T12:17:03Z,2026-05-19T00:56:05Z,156,0.0006275501,Y,30018,44621
1491061086,2026-05-18T12:17:10Z,2026-05-20T09:41:29Z,71,0.0001216611,Y,30279,35370
1491061890,2026-05-18T12:17:16Z,2026-05-19T16:39:22Z,24,0.0003854273,Y,30706,41289
1491062028,2026-05-18T12:17:18Z,2026-05-18T20:44:57Z,348,0.0001118443,Y,30805,37668
1491062473,2026-05-18T12:17:23Z,2026-05-20T00:10:05Z,449,0.0002387514,Y,31072,33980
1491063461,2026-05-18T12:17:33Z,2026-05-19T04:36:40Z,130,0.0002263715,Y,31437,81775
1491064560,2026-05-18T12:17:43Z,2026-05-20T05:52:28Z,204,0.0003710478,Y,32062,64656
1491066946,2026-05-18T12:18:06Z,2026-05-20T00:10:05Z,449,0.0002387514,Y,33980,31072
1491135703,2026-05-18T12:18:27Z,2026-05-20T09:41:29Z,71,0.0001216611,Y,35370,30279
1491137358,2026-05-18T12:18:39Z,2026-05-19T08:28:23Z,293,0.0001051084,Y,36601,36711
1491137711,2026-05-18T12:18:42Z,2026-05-19T08:28:23Z,293,0.0001051084,Y,36711,36601
1491138855,2026-05-18T12:18:54Z,2026-05-18T20:44:57Z,348,0.0001118443,Y,37668,30805
1491138923,2026-05-18T12:18:55Z,2026-05-19T15:31:35Z,215,0.0002155529,Y,37715,7274
1491142253,2026-05-18T12:19:30Z,2026-05-20T16:41:29Z,409,0.0002005239,Y,39709,60826
1491142477,2026-05-18T12:19:32Z,2026-05-18T17:48:23Z,140,0.000339077,Y,39962,13127
1491088259,2026-05-18T12:20:03Z,2026-05-19T16:39:22Z,24,0.0003854273,Y,41289,30706
1491096726,2026-05-18T12:21:30Z,2026-05-19T00:56:05Z,156,0.0006275501,Y,44621,30018
1491081088,2026-05-18T12:22:15Z,2026-05-20T10:40:14Z,27,0.0006871275,Y,48710,81745
1491155310,2026-05-18T12:23:22Z,2026-05-21T03:21:05Z,751,0.0001770287,Y,54606,24948
1491156436,2026-05-18T12:23:36Z,2026-05-19T06:38:51Z,565,0.0001030666,Y,54897,6324
1491180243,2026-05-18T12:29:50Z,2026-05-18T17:36:37Z,24,0.00878274,Y,60660,25489
1491180325,2026-05-18T12:29:51Z,2026-05-20T22:40:33Z,469,0.0001560325,Y,60702,60870
1491180761,2026-05-18T12:29:55Z,2026-05-20T16:41:29Z,409,0.0002005239,Y,60826,39709
1491180850,2026-05-18T12:29:56Z,2026-05-20T22:40:33Z,469,0.0001560325,Y,60870,60702
1491180805,2026-05-18T12:29:56Z,2026-05-19T08:04:07Z,395,0.0001169254,Y,60849,270332
1491182448,2026-05-18T12:30:13Z,2026-05-20T22:00:26Z,408,0.0003209888,Y,61352,25399
1491107972,2026-05-18T12:33:44Z,2026-05-20T05:52:28Z,204,0.0003710478,Y,64656,32062
1491545539,2026-05-18T21:14:52Z,2026-05-21T15:29:19Z,4077,,Y,4902,22911
1491545913,2026-05-18T21:14:58Z,2026-05-20T07:09:18Z,3713,,Y,15876,38357
1491546161,2026-05-18T21:15:00Z,2026-05-19T05:43:34Z,393,,Y,20872,64406
1491546256,2026-05-18T21:15:02Z,2026-05-20T15:51:01Z,2291,,Y,22514,28508
1491546297,2026-05-18T21:15:02Z,2026-05-21T15:29:19Z,4077,,Y,22911,4902
1491546258,2026-05-18T21:15:02Z,2026-05-21T14:22:29Z,4558,,Y,22514,28508
1491546254,2026-05-18T21:15:02Z,2026-05-19T17:19:33Z,345,,Y,22514,28508
1491546257,2026-05-18T21:15:02Z,2026-05-21T03:06:45Z,3431,,Y,22514,28508
1491546253,2026-05-18T21:15:02Z,2026-05-19T06:03:49Z,1110,,Y,22514,28508
1491546255,2026-05-18T21:15:02Z,2026-05-20T04:35:17Z,1205,,Y,22514,28508
1491546323,2026-05-18T21:15:03Z,2026-05-18T22:01:22Z,2458,,Y,23205,23398
1491546325,2026-05-18T21:15:03Z,2026-05-19T20:32:51Z,4427,,Y,23205,23398
1491546324,2026-05-18T21:15:03Z,2026-05-19T09:17:07Z,3355,,Y,23205,23398
1491546539,2026-05-18T21:15:06Z,2026-05-18T22:01:22Z,2458,,Y,23398,23205
1491546541,2026-05-18T21:15:06Z,2026-05-19T20:32:51Z,4427,,Y,23398,23205
1491546540,2026-05-18T21:15:06Z,2026-05-19T09:17:07Z,3355,,Y,23398,23205
1491547212,2026-05-18T21:15:15Z,2026-05-20T15:51:01Z,2291,,Y,28508,22514
1491547211,2026-05-18T21:15:15Z,2026-05-20T04:35:17Z,1205,,Y,28508,22514
1491547210,2026-05-18T21:15:15Z,2026-05-19T17:19:33Z,345,,Y,28508,22514
1491547209,2026-05-18T21:15:15Z,2026-05-19T06:03:49Z,1110,,Y,28508,22514
1491547213,2026-05-18T21:15:15Z,2026-05-21T03:06:45Z,3431,,Y,28508,22514
1491547214,2026-05-18T21:15:15Z,2026-05-21T14:22:29Z,4558,,Y,28508,22514
1491548190,2026-05-18T21:15:27Z,2026-05-20T07:09:18Z,3713,,Y,38357,15876
1491549193,2026-05-18T21:15:40Z,2026-05-19T05:43:34Z,393,,Y,64406,20872
1491567251,2026-05-18T22:13:03Z,2026-05-19T06:38:51Z,44,0.0005001128,Y,6324,54897
1491567471,2026-05-18T22:13:07Z,2026-05-20T14:22:06Z,206,0.0002128301,Y,7493,31236
1491567434,2026-05-18T22:13:07Z,2026-05-21T12:11:20Z,473,0.0001263884,Y,7291,85373
1491568115,2026-05-18T22:13:16Z,2026-05-21T02:32:13Z,859,0.0003482318,Y,10991,29740
1491568269,2026-05-18T22:13:18Z,2026-05-21T07:28:00Z,325,0.0003148869,Y,12200,270064
1491568331,2026-05-18T22:13:19Z,2026-05-21T17:02:51Z,547,0.0001051617,Y,12262,35871
1491570134,2026-05-18T22:13:39Z,2026-05-21T15:25:46Z,916,0.0003728893,Y,15427,31010
1491570302,2026-05-18T22:13:41Z,2026-05-21T12:52:00Z,251,0.0001747614,Y,16011,55543
1491570831,2026-05-18T22:13:48Z,2026-05-20T11:05:47Z,497,0.000587629,Y,18119,270074
1491571167,2026-05-18T22:13:56Z,2026-05-21T06:37:23Z,413,0.0001410675,Y,18517,19467
1491571729,2026-05-18T22:13:58Z,2026-05-21T06:37:23Z,413,0.0001410675,Y,19467,18517
1491574207,2026-05-18T22:14:23Z,2026-05-21T03:21:05Z,796,0.0001405992,Y,24948,54606
1491574388,2026-05-18T22:14:25Z,2026-05-20T22:00:26Z,401,0.0003005435,Y,25399,61352
1491577861,2026-05-18T22:15:03Z,2026-05-21T02:32:13Z,859,0.0003482318,Y,29740,10991
1491578167,2026-05-18T22:15:08Z,2026-05-21T01:50:16Z,164,0.0008538553,Y,29940,270387
1491578772,2026-05-18T22:15:15Z,2026-05-20T09:41:29Z,73,0.0001287906,Y,30279,35370
1491578825,2026-05-18T22:15:16Z,2026-05-20T11:17:44Z,63,0.0001692132,Y,30294,34620
1491579628,2026-05-18T22:15:26Z,2026-05-19T16:39:22Z,154,0.0003947784,Y,30706,41289
1491580182,2026-05-18T22:15:32Z,2026-05-21T15:25:46Z,909,0.0003667462,Y,31010,15427
1491580280,2026-05-18T22:15:33Z,2026-05-20T00:10:05Z,408,0.0001992886,Y,31072,33980
1491580651,2026-05-18T22:15:37Z,2026-05-20T14:22:06Z,206,0.0002128301,Y,31236,7493
1491581370,2026-05-18T22:15:43Z,2026-05-19T04:36:40Z,161,0.0002191917,Y,31437,81775
1491582600,2026-05-18T22:15:59Z,2026-05-20T05:52:28Z,215,0.0002275058,Y,32062,64656
1491585738,2026-05-18T22:16:25Z,2026-05-20T00:10:05Z,408,0.0001992886,Y,33980,31072
1491586600,2026-05-18T22:16:33Z,2026-05-20T11:17:44Z,63,0.0001692132,Y,34620,30294
1491587504,2026-05-18T22:16:46Z,2026-05-20T09:41:29Z,73,0.0001287906,Y,35370,30279
1491588191,2026-05-18T22:16:52Z,2026-05-21T17:02:51Z,547,0.0001051617,Y,35871,12262
1491589231,2026-05-18T22:17:00Z,2026-05-19T08:28:23Z,155,0.0001755738,Y,36601,36711
1491589600,2026-05-18T22:17:05Z,2026-05-19T08:28:23Z,155,0.0001755738,Y,36711,36601
1491594247,2026-05-18T22:18:03Z,2026-05-20T16:41:29Z,324,0.0002546338,Y,39709,60826
1491746715,2026-05-18T22:18:40Z,2026-05-19T16:39:22Z,154,0.0003947784,Y,41289,30706
1491755378,2026-05-18T22:20:48Z,2026-05-19T00:56:05Z,41,0.003898872,Y,44621,30018
1491759882,2026-05-18T22:21:34Z,2026-05-20T10:40:14Z,67,0.0007842096,Y,48710,81745
1491767206,2026-05-18T22:22:59Z,2026-05-21T03:21:05Z,796,0.0001405992,Y,54606,24948
1491768369,2026-05-18T22:23:11Z,2026-05-19T06:38:51Z,44,0.0005001128,Y,54897,6324
1491771784,2026-05-18T22:23:51Z,2026-05-21T12:52:00Z,251,0.0001747614,Y,55543,16011
1491823853,2026-05-18T22:31:05Z,2026-05-20T22:40:33Z,439,0.0001802545,Y,60702,60870
1491824325,2026-05-18T22:31:11Z,2026-05-20T16:41:29Z,324,0.0002546338,Y,60826,39709
1491824426,2026-05-18T22:31:12Z,2026-05-20T22:40:33Z,439,0.0001802545,Y,60870,60702
1491824371,2026-05-18T22:31:12Z,2026-05-19T08:04:07Z,322,0.0001432098,Y,60849,270332
1491874654,2026-05-18T22:36:01Z,2026-05-20T05:52:28Z,215,0.0002275058,Y,64656,32062
1491878417,2026-05-18T22:36:42Z,2026-05-21T12:36:25Z,317,0.000306265,Y,65002,270053
1492022015,2026-05-19T04:25:50Z,2026-05-21T15:29:19Z,3358,,Y,4902,22911
1492022459,2026-05-19T04:25:56Z,2026-05-20T07:09:18Z,3718,,Y,15876,38357
1492022869,2026-05-19T04:25:58Z,2026-05-19T06:03:49Z,1110,,Y,22514,28508
1492022874,2026-05-19T04:25:59Z,2026-05-21T14:22:29Z,4558,,Y,22514,28508
1492022762,2026-05-19T04:25:59Z,2026-05-19T05:43:34Z,468,,Y,20872,64406
1492022870,2026-05-19T04:25:59Z,2026-05-19T17:19:33Z,345,,Y,22514,28508
1492022950,2026-05-19T04:25:59Z,2026-05-19T20:32:51Z,4427,,Y,23205,23398
1492022872,2026-05-19T04:26:00Z,2026-05-20T15:51:01Z,2291,,Y,22514,28508
1492022912,2026-05-19T04:26:00Z,2026-05-21T15:29:19Z,3358,,Y,22911,4902
1492022873,2026-05-19T04:26:00Z,2026-05-21T03:06:45Z,3431,,Y,22514,28508
1492022871,2026-05-19T04:26:00Z,2026-05-20T04:35:17Z,1205,,Y,22514,28508
1492022949,2026-05-19T04:26:01Z,2026-05-19T09:17:07Z,3355,,Y,23205,23398
1492023191,2026-05-19T04:26:01Z,2026-05-19T20:32:51Z,4427,,Y,23398,23205
1492023190,2026-05-19T04:26:04Z,2026-05-19T09:17:07Z,3355,,Y,23398,23205
1492023969,2026-05-19T04:26:07Z,2026-05-20T15:51:01Z,2291,,Y,28508,22514
1492023967,2026-05-19T04:26:07Z,2026-05-19T17:19:33Z,345,,Y,28508,22514
1492023970,2026-05-19T04:26:07Z,2026-05-21T03:06:45Z,3431,,Y,28508,22514
1492023968,2026-05-19T04:26:07Z,2026-05-20T04:35:17Z,1205,,Y,28508,22514
1492023966,2026-05-19T04:26:07Z,2026-05-19T06:03:49Z,1110,,Y,28508,22514
1492023971,2026-05-19T04:26:08Z,2026-05-21T14:22:29Z,4558,,Y,28508,22514
1492025270,2026-05-19T04:26:21Z,2026-05-20T07:09:18Z,3718,,Y,38357,15876
1492033933,2026-05-19T04:26:27Z,2026-05-19T05:43:34Z,468,,Y,64406,20872
1492049916,2026-05-19T05:32:25Z,2026-05-20T14:22:06Z,226,0.0002143625,Y,7493,31236
1492049701,2026-05-19T05:32:26Z,2026-05-19T06:38:51Z,233,0.000465738,Y,6324,54897
1492049884,2026-05-19T05:32:29Z,2026-05-21T12:11:20Z,454,0.000107038,Y,7291,85373
1492050469,2026-05-19T05:32:33Z,2026-05-22T00:03:58Z,52,0.0006929861,Y,10732,47062
1492050515,2026-05-19T05:32:34Z,2026-05-21T02:32:13Z,876,0.0004454174,Y,10991,29740
1492050674,2026-05-19T05:32:36Z,2026-05-21T07:28:00Z,288,0.0001509025,Y,12200,270064
1492052500,2026-05-19T05:32:56Z,2026-05-21T15:25:46Z,782,0.0004680747,Y,15427,31010
1492053187,2026-05-19T05:33:03Z,2026-05-20T11:05:47Z,493,0.0006005987,Y,18119,270074
1492056653,2026-05-19T05:33:39Z,2026-05-20T22:00:26Z,321,0.0004154996,Y,25399,61352
1492060028,2026-05-19T05:34:19Z,2026-05-21T02:32:13Z,876,0.0004454174,Y,29740,10991
1492060309,2026-05-19T05:34:22Z,2026-05-21T01:50:16Z,156,0.00134955,Y,29940,270387
1492060946,2026-05-19T05:34:28Z,2026-05-20T11:17:44Z,57,0.0001693409,Y,30294,34620
1492060897,2026-05-19T05:34:28Z,2026-05-20T09:41:29Z,62,0.0001724542,Y,30279,35370
1492061698,2026-05-19T05:34:37Z,2026-05-19T16:39:22Z,106,0.0005712865,Y,30706,41289
1492062238,2026-05-19T05:34:42Z,2026-05-21T15:25:46Z,782,0.0004680747,Y,31010,15427
1492062337,2026-05-19T05:34:43Z,2026-05-20T00:10:05Z,371,0.0002096873,Y,31072,33980
1492062691,2026-05-19T05:34:46Z,2026-05-20T14:22:06Z,226,0.0002143625,Y,31236,7493
1492065611,2026-05-19T05:35:18Z,2026-05-21T19:37:11Z,32,0.0001212766,Y,33272,48758
1492066984,2026-05-19T05:35:31Z,2026-05-20T00:10:05Z,371,0.0002096873,Y,33980,31072
1492067093,2026-05-19T05:35:32Z,2026-05-21T23:27:25Z,608,0.0002061778,Y,34015,39203
1492067803,2026-05-19T05:35:40Z,2026-05-20T11:17:44Z,57,0.0001693409,Y,34620,30294
1492068679,2026-05-19T05:35:50Z,2026-05-20T09:41:29Z,62,0.0001724542,Y,35370,30279
1492069344,2026-05-19T05:35:57Z,2026-05-22T05:33:59Z,425,0.001886473,Y,35871,120
1492070292,2026-05-19T05:36:11Z,2026-05-22T04:51:56Z,346,0.0001653648,Y,36509,54597
1492070368,2026-05-19T05:36:11Z,2026-05-19T08:28:23Z,61,0.0002367633,Y,36601,36711
1492070747,2026-05-19T05:36:16Z,2026-05-19T08:28:23Z,61,0.0002367633,Y,36711,36601
1492073537,2026-05-19T05:36:50Z,2026-05-21T23:27:25Z,608,0.0002061778,Y,39203,34015
1492075329,2026-05-19T05:37:04Z,2026-05-20T03:50:54Z,506,0.0007916072,Y,39708,49003
1492075339,2026-05-19T05:37:05Z,2026-05-20T16:41:29Z,407,0.0001456717,Y,39709,60826
1492078974,2026-05-19T05:37:41Z,2026-05-19T16:39:22Z,106,0.0005712865,Y,41289,30706
1492100543,2026-05-19T05:39:38Z,2026-05-22T00:03:58Z,52,0.0006929861,Y,47062,10732
1492102510,2026-05-19T05:40:01Z,2026-05-20T10:40:14Z,49,0.000859192,Y,48710,81745
1492102806,2026-05-19T05:40:06Z,2026-05-21T19:37:11Z,32,0.0001212766,Y,48758,33272
1492109545,2026-05-19T05:41:57Z,2026-05-22T04:51:56Z,346,0.0001653648,Y,54597,36509
1492110722,2026-05-19T05:42:11Z,2026-05-19T06:38:51Z,233,0.000465738,Y,54897,6324
1492146835,2026-05-19T05:49:08Z,2026-05-20T22:40:33Z,317,0.000161748,Y,60702,60870
1492147304,2026-05-19T05:49:13Z,2026-05-20T16:41:29Z,407,0.0001456717,Y,60826,39709
1492147340,2026-05-19T05:49:14Z,2026-05-19T08:04:07Z,64,0.0002281898,Y,60849,270332
1492147398,2026-05-19T05:49:15Z,2026-05-20T22:40:33Z,317,0.000161748,Y,60870,60702
1492210449,2026-05-19T05:55:06Z,2026-05-21T12:36:25Z,351,0.0002933659,Y,65002,270053
1492482843,2026-05-19T11:43:09Z,2026-05-21T15:29:19Z,4039,,Y,4902,22911
1492483624,2026-05-19T11:43:19Z,2026-05-21T15:29:19Z,4039,,Y,22911,4902
1492483581,2026-05-19T11:43:19Z,2026-05-20T15:51:01Z,2729,,Y,22514,28508
1492483580,2026-05-19T11:43:19Z,2026-05-20T04:35:17Z,1607,,Y,22514,28508
1492483579,2026-05-19T11:43:19Z,2026-05-19T17:19:33Z,486,,Y,22514,28508
1492483582,2026-05-19T11:43:22Z,2026-05-21T03:06:45Z,3892,,Y,22514,28508
1492483652,2026-05-19T11:43:23Z,2026-05-19T20:32:51Z,4471,,Y,23205,23398
1492483874,2026-05-19T11:43:24Z,2026-05-19T20:32:51Z,4471,,Y,23398,23205
1492484539,2026-05-19T11:43:34Z,2026-05-20T15:51:01Z,2729,,Y,28508,22514
1492484538,2026-05-19T11:43:35Z,2026-05-20T04:35:17Z,1607,,Y,28508,22514
1492484537,2026-05-19T11:43:36Z,2026-05-19T17:19:33Z,486,,Y,28508,22514
1492484540,2026-05-19T11:43:36Z,2026-05-21T03:06:45Z,3892,,Y,28508,22514
1492566500,2026-05-19T13:50:00Z,2026-05-22T05:33:59Z,267,0.003994596,Y,120,35871
1492568128,2026-05-19T13:50:16Z,2026-05-20T14:22:06Z,453,0.0001907963,Y,7493,31236
1492568663,2026-05-19T13:50:21Z,2026-05-21T02:32:13Z,929,0.0004959626,Y,10991,29740
1492568622,2026-05-19T13:50:21Z,2026-05-22T00:03:58Z,50,0.0007414562,Y,10732,47062
1492569588,2026-05-19T13:50:29Z,2026-05-22T12:58:29Z,338,0.000724738,Y,13488,270073
1492571690,2026-05-19T13:50:46Z,2026-05-21T06:37:23Z,56,0.0001068357,Y,18517,19467
1492572197,2026-05-19T13:50:53Z,2026-05-21T06:37:23Z,56,0.0001068357,Y,19467,18517
1492576127,2026-05-19T13:51:32Z,2026-05-22T13:02:40Z,322,0.0003869631,Y,27561,33934
1492576094,2026-05-19T13:51:33Z,2026-05-21T03:36:48Z,402,0.0001526087,Y,27387,48162
1492577816,2026-05-19T13:51:47Z,2026-05-21T02:32:13Z,929,0.0004959626,Y,29740,10991
1492578077,2026-05-19T13:51:50Z,2026-05-21T01:50:16Z,63,0.00177961,Y,29940,270387
1492578644,2026-05-19T13:51:54Z,2026-05-20T09:41:29Z,62,0.0001410985,Y,30279,35370
1492578691,2026-05-19T13:51:55Z,2026-05-20T11:17:44Z,78,0.0002501307,Y,30294,34620
1492580352,2026-05-19T13:52:12Z,2026-05-20T14:22:06Z,453,0.0001907963,Y,31236,7493
1492584389,2026-05-19T13:52:46Z,2026-05-22T13:02:40Z,322,0.0003869631,Y,33934,27561
1492585266,2026-05-19T13:52:54Z,2026-05-20T11:17:44Z,78,0.0002501307,Y,34620,30294
1492586586,2026-05-19T13:53:04Z,2026-05-20T09:41:29Z,62,0.0001410985,Y,35370,30279
1492587206,2026-05-19T13:53:11Z,2026-05-22T05:33:59Z,267,0.003994596,Y,35871,120
1492588138,2026-05-19T13:53:21Z,2026-05-22T04:51:56Z,433,0.0002463186,Y,36509,54597
1492593026,2026-05-19T13:54:04Z,2026-05-20T03:50:54Z,724,0.0008021788,Y,39708,49003
1492611812,2026-05-19T14:04:42Z,2026-05-20T22:40:33Z,163,0.0002836712,Y,60702,60870
1492612337,2026-05-19T14:04:46Z,2026-05-20T22:40:33Z,163,0.0002836712,Y,60870,60702
1492621124,2026-05-19T14:09:52Z,2026-05-21T12:36:25Z,319,0.0003079444,Y,65002,270053
1493093091,2026-05-19T20:49:54Z,2026-05-21T15:29:19Z,4013,,Y,4902,22911
1493093445,2026-05-19T20:49:58Z,2026-05-20T07:09:18Z,3714,,Y,15876,38357
1493093787,2026-05-19T20:50:01Z,2026-05-20T04:35:17Z,1607,,Y,22514,28508
1493093788,2026-05-19T20:50:01Z,2026-05-20T15:51:01Z,2729,,Y,22514,28508
1493093827,2026-05-19T20:50:03Z,2026-05-21T15:29:19Z,4013,,Y,22911,4902
1493094125,2026-05-19T20:50:04Z,2026-05-22T15:37:46Z,4573,,Y,23616,32374
1493093789,2026-05-19T20:50:04Z,2026-05-21T03:06:45Z,3892,,Y,22514,28508
1493094729,2026-05-19T20:50:12Z,2026-05-20T15:51:01Z,2729,,Y,28508,22514
1493094728,2026-05-19T20:50:12Z,2026-05-20T04:35:17Z,1607,,Y,28508,22514
1493094730,2026-05-19T20:50:13Z,2026-05-21T03:06:45Z,3892,,Y,28508,22514
1493095742,2026-05-19T20:50:23Z,2026-05-20T07:09:18Z,3714,,Y,38357,15876
1493150721,2026-05-19T21:45:43Z,2026-05-22T05:33:59Z,432,0.001689219,Y,120,35871
1493151832,2026-05-19T21:45:59Z,2026-05-22T16:36:27Z,52,0.0002314207,Y,4578,31406
1493152597,2026-05-19T21:46:07Z,2026-05-20T14:22:06Z,154,0.0004178088,Y,7493,31236
1493153202,2026-05-19T21:46:15Z,2026-05-21T02:32:13Z,809,0.0005242876,Y,10991,29740
1493153729,2026-05-19T21:46:22Z,2026-05-22T19:11:33Z,474,0.0008252326,Y,12879,18753
1493154245,2026-05-19T21:46:24Z,2026-05-20T09:13:30Z,126,0.0001564938,Y,13518,40696
1493154203,2026-05-19T21:46:25Z,2026-05-22T12:58:29Z,412,0.0006364108,Y,13488,270073
1493154290,2026-05-19T21:46:25Z,2026-05-22T16:36:12Z,229,0.0003119332,Y,13649,42334
1493155248,2026-05-19T21:46:34Z,2026-05-21T15:25:46Z,838,0.0002631841,Y,15427,31010
1493156544,2026-05-19T21:46:45Z,2026-05-22T19:11:33Z,474,0.0008252326,Y,18753,12879
1493159727,2026-05-19T21:47:19Z,2026-05-20T22:00:26Z,302,0.0001781551,Y,25399,61352
1493161298,2026-05-19T21:47:35Z,2026-05-22T13:02:40Z,136,0.0006359402,Y,27561,33934
1493162852,2026-05-19T21:47:49Z,2026-05-22T19:35:08Z,388,0.0005790361,Y,29362,33397
1493163131,2026-05-19T21:47:52Z,2026-05-21T02:32:13Z,809,0.0005242876,Y,29740,10991
1493163422,2026-05-19T21:47:56Z,2026-05-21T01:50:15Z,204,0.0009977838,Y,29940,270387
1493163505,2026-05-19T21:47:57Z,2026-05-21T19:31:42Z,56,0.0001260912,Y,29987,41228
1493164115,2026-05-19T21:48:06Z,2026-05-20T11:17:44Z,53,0.000395141,Y,30294,34620
1493165467,2026-05-19T21:48:19Z,2026-05-21T15:25:46Z,838,0.0002631841,Y,31010,15427
1493165896,2026-05-19T21:48:22Z,2026-05-20T14:22:06Z,154,0.0004178088,Y,31236,7493
1493166466,2026-05-19T21:48:29Z,2026-05-22T16:36:27Z,52,0.0002314207,Y,31406,4578
1493168807,2026-05-19T21:48:51Z,2026-05-21T19:37:11Z,775,0.0002000301,Y,33272,48758
1493168912,2026-05-19T21:48:52Z,2026-05-22T19:35:08Z,388,0.0005790361,Y,33397,29362
1493170097,2026-05-19T21:49:07Z,2026-05-22T13:02:40Z,136,0.0006359402,Y,33934,27561
1493172537,2026-05-19T21:49:28Z,2026-05-22T05:33:59Z,432,0.001689219,Y,35871,120
1493225691,2026-05-19T21:54:13Z,2026-05-20T10:40:14Z,35,0.0009463422,Y,48710,81745
1493226003,2026-05-19T21:54:16Z,2026-05-21T19:37:11Z,775,0.0002000301,Y,48758,33272
1493233011,2026-05-19T21:55:46Z,2026-05-22T04:51:56Z,59,0.0003063241,Y,54597,36509
1493212579,2026-05-19T22:03:35Z,2026-05-20T22:40:33Z,414,0.000182139,Y,60702,60870
1493213178,2026-05-19T22:03:43Z,2026-05-20T22:40:33Z,414,0.000182139,Y,60870,60702
1493214861,2026-05-19T22:04:04Z,2026-05-20T22:00:26Z,302,0.0001781551,Y,61352,25399
1493202874,2026-05-19T22:09:03Z,2026-05-21T12:36:25Z,327,0.0003053926,Y,65002,270053
1493737268,2026-05-20T04:09:58Z,2026-05-21T15:29:19Z,4014,,Y,4902,22911
1493737693,2026-05-20T04:10:02Z,2026-05-20T07:09:18Z,3682,,Y,15876,38357
1493738168,2026-05-20T04:10:06Z,2026-05-21T15:29:19Z,4014,,Y,22911,4902
1493738123,2026-05-20T04:10:07Z,2026-05-20T04:35:17Z,1607,,Y,22514,28508
1493738125,2026-05-20T04:10:09Z,2026-05-21T03:06:45Z,3892,,Y,22514,28508
1493738124,2026-05-20T04:10:09Z,2026-05-20T15:51:01Z,2729,,Y,22514,28508
1493739162,2026-05-20T04:10:16Z,2026-05-21T03:06:45Z,3892,,Y,28508,22514
1493739161,2026-05-20T04:10:19Z,2026-05-20T15:51:01Z,2729,,Y,28508,22514
1493739160,2026-05-20T04:10:19Z,2026-05-20T04:35:17Z,1607,,Y,28508,22514
1493739688,2026-05-20T04:10:21Z,2026-05-21T06:31:55Z,4723,,Y,33111,59981
1493740520,2026-05-20T04:10:28Z,2026-05-20T07:09:18Z,3682,,Y,38357,15876
1493743574,2026-05-20T04:10:39Z,2026-05-21T06:31:55Z,4723,,Y,59981,33111
1493859090,2026-05-20T05:06:52Z,2026-05-22T05:33:59Z,539,0.0003744879,Y,120,35871
1493860671,2026-05-20T05:07:17Z,2026-05-20T16:29:12Z,230,0.0004135322,Y,5847,42195
1493860939,2026-05-20T05:07:22Z,2026-05-20T14:22:06Z,47,0.0006677244,Y,7493,31236
1493860941,2026-05-20T05:07:22Z,2026-05-22T18:20:54Z,879,0.0001357387,Y,7493,61471
1493861140,2026-05-20T05:07:27Z,2026-05-22T01:10:24Z,353,0.0001143293,Y,8827,33866
1493861488,2026-05-20T05:07:35Z,2026-05-21T02:32:13Z,682,0.0005435538,Y,10991,29740
1493861976,2026-05-20T05:07:41Z,2026-05-22T19:11:33Z,449,0.0006812841,Y,12879,18753
1493862471,2026-05-20T05:07:51Z,2026-05-20T09:13:30Z,131,0.0001325972,Y,13518,40696
1493862513,2026-05-20T05:07:51Z,2026-05-22T16:36:12Z,532,0.0002610126,Y,13649,42334
1493862431,2026-05-20T05:07:51Z,2026-05-22T12:58:29Z,404,0.0007406171,Y,13488,270073
1493863397,2026-05-20T05:08:12Z,2026-05-21T15:25:46Z,672,0.0002830152,Y,15427,31010
1493863553,2026-05-20T05:08:13Z,2026-05-21T12:52:00Z,371,0.0001803,Y,16011,55543
1493864488,2026-05-20T05:08:28Z,2026-05-22T19:11:33Z,449,0.0006812841,Y,18753,12879
1493867678,2026-05-20T05:09:33Z,2026-05-20T22:00:26Z,253,0.0002611651,Y,25399,61352
1493870370,2026-05-20T05:10:22Z,2026-05-20T04:46:51Z,146,0.0001290322,Y,29077,29909
1493870635,2026-05-20T05:10:23Z,2026-05-22T19:35:08Z,463,0.0003626456,Y,29362,33397
1493870911,2026-05-20T05:10:30Z,2026-05-21T02:32:13Z,682,0.0005435538,Y,29740,10991
1493871201,2026-05-20T05:10:35Z,2026-05-21T01:50:15Z,205,0.0006268258,Y,29940,270387
1493871278,2026-05-20T05:10:36Z,2026-05-21T19:31:42Z,95,0.0001456813,Y,29987,41228
1493871147,2026-05-20T05:10:37Z,2026-05-20T04:46:51Z,146,0.0001290322,Y,29909,29077
1493871829,2026-05-20T05:10:44Z,2026-05-20T11:17:44Z,179,0.0001106461,Y,30294,34620
1493873143,2026-05-20T05:11:04Z,2026-05-21T15:25:46Z,672,0.0002830152,Y,31010,15427
1493873576,2026-05-20T05:11:14Z,2026-05-20T14:22:06Z,47,0.0006677244,Y,31236,7493
1493876459,2026-05-20T05:11:52Z,2026-05-22T19:35:08Z,463,0.0003626456,Y,33397,29362
1493877573,2026-05-20T05:12:08Z,2026-05-22T01:10:24Z,353,0.0001143293,Y,33866,8827
1493878520,2026-05-20T05:12:23Z,2026-05-20T11:17:44Z,179,0.0001106461,Y,34620,30294
1493880044,2026-05-20T05:12:49Z,2026-05-22T05:33:59Z,539,0.0003744879,Y,35871,120
1493880934,2026-05-20T05:13:04Z,2026-05-22T04:51:56Z,450,0.0005935823,Y,36509,54597
1493887945,2026-05-20T05:14:49Z,2026-05-20T09:13:30Z,131,0.0001325972,Y,40696,13518
1493889421,2026-05-20T05:15:05Z,2026-05-21T19:31:42Z,95,0.0001456813,Y,41228,29987
1493890930,2026-05-20T05:15:27Z,2026-05-20T16:29:12Z,230,0.0004135322,Y,42195,5847
1493891219,2026-05-20T05:15:31Z,2026-05-22T16:36:12Z,532,0.0002610126,Y,42334,13649
1493922478,2026-05-20T05:18:26Z,2026-05-20T10:40:14Z,37,0.0009708131,Y,48710,81745
1493929433,2026-05-20T05:20:07Z,2026-05-22T04:51:56Z,450,0.0005935823,Y,54597,36509
1493934023,2026-05-20T05:20:59Z,2026-05-21T12:52:00Z,371,0.0001803,Y,55543,16011
1493910488,2026-05-20T05:28:24Z,2026-05-20T22:00:26Z,253,0.0002611651,Y,61352,25399
1493910810,2026-05-20T05:28:28Z,2026-05-22T18:20:54Z,879,0.0001357387,Y,61471,7493
1494200700,2026-05-20T11:45:37Z,2026-05-21T15:29:19Z,4452,,Y,4902,22911
1494201491,2026-05-20T11:45:46Z,2026-05-20T15:51:01Z,2729,,Y,22514,28508
1494201492,2026-05-20T11:45:48Z,2026-05-21T03:06:45Z,3892,,Y,22514,28508
1494201527,2026-05-20T11:45:49Z,2026-05-21T15:29:19Z,4452,,Y,22911,4902
1494201826,2026-05-20T11:45:50Z,2026-05-22T15:37:44Z,4866,,Y,23616,32374
1494202427,2026-05-20T11:45:54Z,2026-05-20T15:51:01Z,2729,,Y,28508,22514
1494202428,2026-05-20T11:45:54Z,2026-05-21T03:06:45Z,3892,,Y,28508,22514
1494202891,2026-05-20T11:46:00Z,2026-05-21T06:31:55Z,4723,,Y,33111,59981
1494205997,2026-05-20T11:46:16Z,2026-05-21T06:31:55Z,4723,,Y,59981,33111
1494305492,2026-05-20T12:42:22Z,2026-05-20T16:29:12Z,227,0.0004093787,Y,5847,42195
1494305732,2026-05-20T12:42:25Z,2026-05-20T14:22:06Z,66,0.0007404194,Y,7493,31236
1494305917,2026-05-20T12:42:26Z,2026-05-22T01:10:24Z,421,0.0001893453,Y,8827,33866
1494306222,2026-05-20T12:42:29Z,2026-05-22T14:34:31Z,791,0.0001021103,Y,10710,19907
1494307261,2026-05-20T12:42:39Z,2026-05-22T16:36:12Z,310,0.0004182019,Y,13649,42334
1494307185,2026-05-20T12:42:39Z,2026-05-22T12:58:29Z,469,0.0006502184,Y,13488,270073
1494310015,2026-05-20T12:43:05Z,2026-05-22T14:34:31Z,791,0.0001021103,Y,19907,10710
1494380379,2026-05-20T12:43:58Z,2026-05-22T19:35:08Z,460,0.0004177315,Y,29362,33397
1494380930,2026-05-20T12:44:02Z,2026-05-21T01:50:15Z,188,0.0004367719,Y,29940,270387
1494381038,2026-05-20T12:44:03Z,2026-05-23T11:08:06Z,335,0.0003629165,Y,30012,30148
1494381002,2026-05-20T12:44:03Z,2026-05-21T19:31:42Z,57,0.0002187587,Y,29987,41228
1494381267,2026-05-20T12:44:05Z,2026-05-23T11:08:06Z,335,0.0003629165,Y,30148,30012
1494383106,2026-05-20T12:44:23Z,2026-05-20T14:22:06Z,66,0.0007404194,Y,31236,7493
1494385642,2026-05-20T12:44:49Z,2026-05-21T19:37:11Z,259,0.0002250032,Y,33272,48758
1494294172,2026-05-20T12:47:13Z,2026-05-20T16:29:12Z,227,0.0004093787,Y,42195,5847
1494294467,2026-05-20T12:47:15Z,2026-05-22T16:36:12Z,310,0.0004182019,Y,42334,13649
1494361207,2026-05-20T12:49:14Z,2026-05-21T19:37:11Z,259,0.0002250032,Y,48758,33272
1494361223,2026-05-20T12:49:18Z,2026-05-23T04:50:16Z,250,0.0001257693,Y,48810,40401
1494367533,2026-05-20T12:50:23Z,2026-05-22T04:51:56Z,344,0.000895441,Y,54597,36509
1494454479,2026-05-20T13:01:47Z,2026-05-21T12:36:25Z,325,0.0003070528,Y,65002,270053
1494749398,2026-05-20T21:16:44Z,2026-05-21T03:06:45Z,3892,,Y,22514,28508
1494749425,2026-05-20T21:16:44Z,2026-05-21T15:29:19Z,4304,,Y,22911,4902
1494750260,2026-05-20T21:16:55Z,2026-05-21T03:06:45Z,3892,,Y,28508,22514
1494750678,2026-05-20T21:17:01Z,2026-05-21T06:31:55Z,4286,,Y,33111,59981
1494753985,2026-05-20T21:17:22Z,2026-05-21T06:31:55Z,4286,,Y,59981,33111
1494943818,2026-05-20T22:43:16Z,2026-05-22T01:10:24Z,411,0.0001808283,Y,8827,33866
1494944183,2026-05-20T22:43:20Z,2026-05-22T14:34:31Z,778,0.0001032578,Y,10710,19907
1494945224,2026-05-20T22:43:26Z,2026-05-22T12:58:29Z,478,0.0006238037,Y,13488,270073
1494945308,2026-05-20T22:43:29Z,2026-05-22T16:36:12Z,367,0.0003517424,Y,13649,42334
1494948061,2026-05-20T22:43:49Z,2026-05-22T14:34:31Z,778,0.0001032578,Y,19907,10710
1494950409,2026-05-20T22:44:08Z,2026-05-22T15:14:00Z,658,0.0001069144,Y,25261,82458
1494963415,2026-05-20T22:44:33Z,2026-05-22T19:35:08Z,471,0.000392091,Y,29362,33397
1494964050,2026-05-20T22:44:38Z,2026-05-21T19:31:42Z,112,0.0002733522,Y,29987,41228
1494964086,2026-05-20T22:44:39Z,2026-05-23T11:08:06Z,304,0.0003970823,Y,30012,30148
1494964298,2026-05-20T22:44:40Z,2026-05-23T11:08:06Z,304,0.0003970823,Y,30148,30012
1494967194,2026-05-20T22:45:03Z,2026-05-22T07:52:50Z,22,0.0002100924,Y,31673,37008
1494968956,2026-05-20T22:45:20Z,2026-05-21T19:37:11Z,239,0.0005884729,Y,33272,48758
1494969066,2026-05-20T22:45:23Z,2026-05-22T19:35:08Z,471,0.000392091,Y,33397,29362
1494970141,2026-05-20T22:45:32Z,2026-05-22T01:10:24Z,411,0.0001808283,Y,33866,8827
1494973515,2026-05-20T22:45:57Z,2026-05-22T04:51:56Z,327,0.0007299391,Y,36509,54597
1494974481,2026-05-20T22:46:04Z,2026-05-22T07:52:50Z,22,0.0002100924,Y,37008,31673
1494979828,2026-05-20T22:46:45Z,2026-05-23T04:50:16Z,241,0.000178399,Y,40401,48810
1494951846,2026-05-20T22:46:59Z,2026-05-21T19:31:42Z,112,0.0002733522,Y,41228,29987
1494952318,2026-05-20T22:47:01Z,2026-05-22T11:26:32Z,157,0.0001008834,Y,41423,48158
1494953627,2026-05-20T22:47:12Z,2026-05-22T16:36:12Z,367,0.0003517424,Y,42334,13649
1494960530,2026-05-20T22:48:04Z,2026-05-23T21:45:45Z,478,0.0003848128,Y,44629,65973
1495024337,2026-05-20T22:48:34Z,2026-05-22T11:26:32Z,157,0.0001008834,Y,48158,41423
1495025177,2026-05-20T22:48:40Z,2026-05-21T19:37:11Z,239,0.0005884729,Y,48758,33272
1495025197,2026-05-20T22:48:41Z,2026-05-23T04:50:16Z,241,0.000178399,Y,48810,40401
1495031763,2026-05-20T22:49:33Z,2026-05-22T04:51:56Z,327,0.0007299391,Y,54597,36509
1495101435,2026-05-20T22:58:42Z,2026-05-23T21:45:45Z,478,0.0003848128,Y,65973,44629
1495263092,2026-05-21T04:20:48Z,2026-05-24T01:20:50Z,4367,,Y,4353,20502
1495263105,2026-05-21T04:20:49Z,2026-05-21T15:29:19Z,4059,,Y,4902,22911
1495263977,2026-05-21T04:20:53Z,2026-05-21T14:22:29Z,3815,,Y,22514,28508
1495263978,2026-05-21T04:20:53Z,2026-05-22T01:38:13Z,4876,,Y,22514,28508
1495264010,2026-05-21T04:20:55Z,2026-05-21T15:29:19Z,4059,,Y,22911,4902
1495264985,2026-05-21T04:21:01Z,2026-05-21T14:22:29Z,3815,,Y,28508,22514
1495264986,2026-05-21T04:21:03Z,2026-05-22T01:38:13Z,4876,,Y,28508,22514
1495323828,2026-05-21T05:26:54Z,2026-05-22T14:34:31Z,768,0.0001116032,Y,10710,19907
1495324832,2026-05-21T05:27:02Z,2026-05-22T12:58:29Z,478,0.0006238031,Y,13488,270073
1495324991,2026-05-21T05:27:03Z,2026-05-22T21:25:11Z,98,0.0003912986,Y,13803,54916
1495324911,2026-05-21T05:27:07Z,2026-05-22T16:36:12Z,364,0.0003591059,Y,13649,42334
1495325630,2026-05-21T05:27:09Z,2026-05-23T23:59:57Z,969,0.00021749,Y,14810,81366
1495327529,2026-05-21T05:27:28Z,2026-05-22T14:34:31Z,768,0.0001116032,Y,19907,10710
1495328939,2026-05-21T05:27:43Z,2026-05-24T01:58:53Z,124,0.0002682023,Y,22437,37400
1495329828,2026-05-21T05:27:53Z,2026-05-22T15:14:00Z,608,0.0001060484,Y,25261,82458
1495332688,2026-05-21T05:28:23Z,2026-05-22T19:35:08Z,502,0.0003005291,Y,29362,33397
1495333281,2026-05-21T05:28:29Z,2026-05-21T19:31:42Z,112,0.0002733524,Y,29987,41228
1495333521,2026-05-21T05:28:31Z,2026-05-23T11:08:06Z,310,0.0002642167,Y,30148,30012
1495333317,2026-05-21T05:28:31Z,2026-05-23T11:08:06Z,310,0.0002642167,Y,30012,30148
1495336383,2026-05-21T05:28:59Z,2026-05-22T07:52:50Z,22,0.0002100924,Y,31673,37008
1495338137,2026-05-21T05:29:16Z,2026-05-21T19:37:11Z,322,0.0004125369,Y,33272,48758
1495338246,2026-05-21T05:29:18Z,2026-05-22T19:35:08Z,502,0.0003005291,Y,33397,29362
1495343403,2026-05-21T05:30:08Z,2026-05-22T07:52:50Z,22,0.0002100924,Y,37008,31673
1495343745,2026-05-21T05:30:13Z,2026-05-24T01:58:53Z,124,0.0002682023,Y,37400,22437
1495348771,2026-05-21T05:31:01Z,2026-05-23T04:50:16Z,261,0.0002786463,Y,40401,48810
1495350227,2026-05-21T05:31:15Z,2026-05-21T19:31:42Z,112,0.0002733524,Y,41228,29987
1495352366,2026-05-21T05:31:32Z,2026-05-22T16:36:12Z,364,0.0003591059,Y,42334,13649
1495363737,2026-05-21T05:33:25Z,2026-05-21T19:37:11Z,322,0.0004125369,Y,48758,33272
1495363755,2026-05-21T05:33:28Z,2026-05-23T04:50:16Z,261,0.0002786463,Y,48810,40401
1495371479,2026-05-21T05:34:49Z,2026-05-22T21:25:11Z,98,0.0003912986,Y,54916,13803
1495446493,2026-05-21T05:45:32Z,2026-05-21T12:36:25Z,323,0.000308128,Y,65002,270053
1495826600,2026-05-21T12:32:32Z,2026-05-21T15:29:19Z,4164,,Y,4902,22911
1495827241,2026-05-21T12:32:39Z,2026-05-24T01:20:50Z,4404,,Y,20502,4353
1495827372,2026-05-21T12:32:40Z,2026-05-21T14:22:29Z,3815,,Y,22514,28508
1495827408,2026-05-21T12:32:41Z,2026-05-21T15:29:19Z,4164,,Y,22911,4902
1495827373,2026-05-21T12:32:44Z,2026-05-22T01:38:13Z,4876,,Y,22514,28508
1495827714,2026-05-21T12:32:44Z,2026-05-22T15:37:43Z,4483,,Y,23616,32374
1495828352,2026-05-21T12:32:50Z,2026-05-22T01:38:13Z,4876,,Y,28508,22514
1495828351,2026-05-21T12:32:50Z,2026-05-21T14:22:29Z,3815,,Y,28508,22514
1495846799,2026-05-21T13:20:27Z,2026-05-23T13:05:51Z,482,0.0001549231,Y,1684,32180
1495848459,2026-05-21T13:20:49Z,2026-05-24T12:52:45Z,275,0.0005862644,Y,9661,12870
1495848662,2026-05-21T13:20:53Z,2026-05-22T14:34:31Z,757,0.0001129969,Y,10710,19907
1495849129,2026-05-21T13:21:01Z,2026-05-24T12:52:45Z,275,0.0005862644,Y,12870,9661
1495849618,2026-05-21T13:21:05Z,2026-05-22T12:58:29Z,503,0.0005441642,Y,13488,270073
1495849688,2026-05-21T13:21:07Z,2026-05-22T16:36:12Z,421,0.0002359449,Y,13649,42334
1495850370,2026-05-21T13:21:18Z,2026-05-23T23:59:57Z,954,0.0002056467,Y,14810,81366
1495852267,2026-05-21T13:21:58Z,2026-05-22T14:34:31Z,757,0.0001129969,Y,19907,10710
1495853584,2026-05-21T13:22:26Z,2026-05-24T01:58:53Z,117,0.0004144436,Y,22437,37400
1495854407,2026-05-21T13:22:41Z,2026-05-22T15:14:00Z,764,0.0001214784,Y,25261,82458
1495933332,2026-05-21T13:23:36Z,2026-05-23T13:48:34Z,248,0.0001007866,Y,29800,51448
1495933639,2026-05-21T13:23:41Z,2026-05-23T11:08:06Z,299,0.0003138815,Y,30012,30148
1495933857,2026-05-21T13:23:45Z,2026-05-23T11:08:06Z,299,0.0003138815,Y,30148,30012
1495936378,2026-05-21T13:24:28Z,2026-05-24T05:55:55Z,569,0.0001285817,Y,31562,39608
1495937319,2026-05-21T13:24:49Z,2026-05-23T13:05:51Z,482,0.0001549231,Y,32180,1684
1495938300,2026-05-21T13:25:03Z,2026-05-21T19:37:11Z,609,0.000102071,Y,33272,48758
1495857272,2026-05-21T13:29:06Z,2026-05-21T19:37:11Z,609,0.000102071,Y,48758,33272
1495857289,2026-05-21T13:29:08Z,2026-05-23T04:50:16Z,369,0.0001856895,Y,48810,40401
1495859489,2026-05-21T13:29:29Z,2026-05-23T13:48:34Z,248,0.0001007866,Y,51448,29800
1496304106,2026-05-21T21:35:31Z,2026-05-24T01:20:50Z,4432,,Y,20502,4353
1496304230,2026-05-21T21:35:33Z,2026-05-22T01:38:13Z,4876,,Y,22514,28508
1496305108,2026-05-21T21:35:43Z,2026-05-22T01:38:13Z,4876,,Y,28508,22514
1496305309,2026-05-21T21:35:46Z,2026-05-23T04:03:08Z,3048,,Y,29646,39505
1496306285,2026-05-21T21:35:58Z,2026-05-23T04:03:08Z,3048,,Y,39505,29646
1496389537,2026-05-21T22:11:07Z,2026-05-24T16:59:59Z,518,0.0004132998,Y,4419,29800
1496390588,2026-05-21T22:11:20Z,2026-05-24T12:52:45Z,333,0.0006506392,Y,9661,12870
1496394531,2026-05-21T22:12:07Z,2026-05-22T14:34:31Z,752,0.0001129905,Y,19907,10710
1496395942,2026-05-21T22:12:38Z,2026-05-24T12:42:13Z,757,0.0001227192,Y,22565,28991
1496399354,2026-05-21T22:14:09Z,2026-05-24T12:42:13Z,757,0.0001227192,Y,28991,22565
1496400102,2026-05-21T22:14:18Z,2026-05-23T13:48:34Z,214,0.0001502844,Y,29800,51448
1496400101,2026-05-21T22:14:18Z,2026-05-24T16:59:59Z,518,0.0004132998,Y,29800,4419
1496400447,2026-05-21T22:14:22Z,2026-05-23T11:08:06Z,249,0.0003780825,Y,30012,30148
1496400677,2026-05-21T22:14:24Z,2026-05-23T11:08:06Z,249,0.0003780825,Y,30148,30012
1496403247,2026-05-21T22:14:56Z,2026-05-24T05:55:55Z,492,0.0001629075,Y,31562,39608
1496403909,2026-05-21T22:15:04Z,2026-05-22T13:06:06Z,90,0.0001606681,Y,31821,54444
1496404283,2026-05-21T22:15:08Z,2026-05-22T02:22:56Z,300,0.0001020077,Y,32205,32198
1496404254,2026-05-21T22:15:08Z,2026-05-22T02:22:56Z,300,0.0001020077,Y,32198,32205
1496404212,2026-05-21T22:15:08Z,2026-05-23T13:05:51Z,317,0.0001738797,Y,32180,1684
1496410973,2026-05-21T22:17:25Z,2026-05-24T01:58:53Z,51,0.0006877466,Y,37400,22437
1496414555,2026-05-21T22:18:09Z,2026-05-24T05:55:55Z,492,0.0001629075,Y,39608,31562
1496418593,2026-05-21T22:18:54Z,2026-05-24T11:16:37Z,319,0.0003745936,Y,41525,22562
1496453390,2026-05-21T22:22:39Z,2026-05-23T13:48:34Z,214,0.0001502844,Y,51448,29800
1496457240,2026-05-21T22:23:25Z,2026-05-22T13:06:06Z,90,0.0001606681,Y,54444,31821
1496803378,2026-05-22T04:59:25Z,2026-05-23T13:05:51Z,298,0.0001536474,Y,1684,32180
1496804032,2026-05-22T04:59:29Z,2026-05-24T16:59:59Z,401,0.0008345145,Y,4419,29800
1496804988,2026-05-22T04:59:34Z,2026-05-24T12:52:45Z,313,0.0009970956,Y,9661,12870
1496805657,2026-05-22T04:59:39Z,2026-05-24T12:52:45Z,313,0.0009970956,Y,12870,9661
1496806235,2026-05-22T04:59:43Z,2026-05-22T12:58:29Z,536,0.000479099,Y,13488,270073
1496806359,2026-05-22T04:59:44Z,2026-05-22T21:25:11Z,102,0.0001751511,Y,13803,54916
1496806291,2026-05-22T04:59:44Z,2026-05-22T16:36:12Z,54,0.003112668,Y,13649,42334
1496806919,2026-05-22T04:59:48Z,2026-05-23T23:59:57Z,361,0.0008961944,Y,14810,81366
1496810142,2026-05-22T05:00:15Z,2026-05-24T12:42:13Z,744,0.0001192914,Y,22565,28991
1496810138,2026-05-22T05:00:15Z,2026-05-24T11:16:37Z,406,0.0003489377,Y,22562,41525
1496810084,2026-05-22T05:00:16Z,2026-05-24T01:58:53Z,137,0.0007315666,Y,22437,37400
1496810940,2026-05-22T05:00:22Z,2026-05-22T15:14:00Z,707,0.000152975,Y,25261,82458
1496813008,2026-05-22T05:03:18Z,2026-05-22T16:36:12Z,54,0.003112668,Y,42334,13649
1496941279,2026-05-22T05:09:01Z,2026-05-22T13:06:06Z,53,0.0001853975,Y,54444,31821
1496941465,2026-05-22T05:09:02Z,2026-05-25T04:51:37Z,119,0.0002463367,Y,54511,61084
1496943000,2026-05-22T05:09:16Z,2026-05-22T21:25:11Z,102,0.0001751511,Y,54916,13803
1496968148,2026-05-22T05:17:41Z,2026-05-25T04:51:37Z,119,0.0002463367,Y,61084,54511
1497277966,2026-05-22T11:18:18Z,2026-05-24T01:20:50Z,4340,,Y,4353,20502
1497278594,2026-05-22T11:18:23Z,2026-05-24T01:20:50Z,4340,,Y,20502,4353
1497279878,2026-05-22T11:18:31Z,2026-05-23T04:03:08Z,2843,,Y,29646,39505
1497280948,2026-05-22T11:18:38Z,2026-05-23T04:03:08Z,2843,,Y,39505,29646
1497336724,2026-05-22T12:02:27Z,2026-05-23T13:05:51Z,204,0.0001622434,Y,1684,32180
1497337393,2026-05-22T12:02:33Z,2026-05-24T16:59:59Z,514,0.0009583115,Y,4419,29800
1497338486,2026-05-22T12:02:41Z,2026-05-22T14:34:31Z,322,0.0001773686,Y,10710,19907
1497338296,2026-05-22T12:02:42Z,2026-05-24T12:52:45Z,287,0.001181083,Y,9661,12870
1497338931,2026-05-22T12:02:44Z,2026-05-24T12:52:45Z,287,0.001181083,Y,12870,9661
1497339543,2026-05-22T12:02:49Z,2026-05-22T16:36:12Z,62,0.001659195,Y,13649,42334
1497339496,2026-05-22T12:02:52Z,2026-05-22T12:58:29Z,541,0.000470353,Y,13488,270073
1497340146,2026-05-22T12:02:54Z,2026-05-23T23:59:57Z,396,0.0007135959,Y,14810,81366
1497341915,2026-05-22T12:03:11Z,2026-05-22T14:34:31Z,322,0.0001773686,Y,19907,10710
1497343207,2026-05-22T12:03:22Z,2026-05-24T11:16:37Z,88,0.0004369077,Y,22562,41525
1497343165,2026-05-22T12:03:25Z,2026-05-24T01:58:53Z,127,0.0008482676,Y,22437,37400
1497343212,2026-05-22T12:03:27Z,2026-05-24T12:42:13Z,732,0.0001437448,Y,22565,28991
1497345130,2026-05-22T12:03:41Z,2026-05-23T05:47:45Z,269,0.0001257682,Y,26507,39937
1497346435,2026-05-22T12:03:58Z,2026-05-24T12:42:13Z,732,0.0001437448,Y,28991,22565
1497347130,2026-05-22T12:04:00Z,2026-05-23T13:48:34Z,201,0.0001395795,Y,29800,51448
1497347128,2026-05-22T12:04:02Z,2026-05-24T16:59:59Z,514,0.0009583115,Y,29800,4419
1497347621,2026-05-22T12:04:05Z,2026-05-23T11:08:06Z,125,0.0008344125,Y,30148,30012
1497347426,2026-05-22T12:04:06Z,2026-05-23T11:08:06Z,125,0.0008344125,Y,30012,30148
1497349890,2026-05-22T12:04:28Z,2026-05-24T05:55:55Z,71,0.0005191086,Y,31562,39608
1497350456,2026-05-22T12:04:34Z,2026-05-24T10:33:13Z,555,0.0001817646,Y,31793,40473
1497350512,2026-05-22T12:04:34Z,2026-05-22T13:06:06Z,84,0.0001953335,Y,31821,54444
1497350777,2026-05-22T12:04:36Z,2026-05-23T13:05:51Z,204,0.0001622434,Y,32180,1684
1497350886,2026-05-22T12:04:37Z,2026-05-24T18:51:10Z,64,0.0002019322,Y,32316,33992
1497352980,2026-05-22T12:04:52Z,2026-05-24T18:51:10Z,64,0.0002019322,Y,33992,32316
1497355374,2026-05-22T12:05:09Z,2026-05-24T12:57:45Z,192,0.00023577,Y,36238,82073
1497357041,2026-05-22T12:05:20Z,2026-05-24T01:58:53Z,127,0.0008482676,Y,37400,22437
1497360361,2026-05-22T12:05:46Z,2026-05-24T05:55:55Z,71,0.0005191086,Y,39608,31562
1497360692,2026-05-22T12:05:50Z,2026-05-23T05:47:45Z,269,0.0001257682,Y,39937,26507
1497361815,2026-05-22T12:05:57Z,2026-05-23T04:50:16Z,377,0.0001067235,Y,40401,48810
1497362052,2026-05-22T12:05:57Z,2026-05-24T10:33:13Z,555,0.0001817646,Y,40473,31793
1497363736,2026-05-22T12:06:10Z,2026-05-24T11:16:37Z,88,0.0004369077,Y,41525,22562
1497364810,2026-05-22T12:06:18Z,2026-05-22T16:36:12Z,62,0.001659195,Y,42334,13649
1497386339,2026-05-22T12:07:43Z,2026-05-23T04:50:16Z,377,0.0001067235,Y,48810,40401
1497388335,2026-05-22T12:07:57Z,2026-05-23T13:48:34Z,201,0.0001395795,Y,51448,29800
1497391845,2026-05-22T12:08:26Z,2026-05-22T13:06:06Z,84,0.0001953335,Y,54444,31821
1497392018,2026-05-22T12:08:28Z,2026-05-25T04:51:37Z,127,0.0004976499,Y,54511,61084
1497417932,2026-05-22T12:13:03Z,2026-05-25T04:51:37Z,127,0.0004976499,Y,61084,54511
1497921976,2026-05-22T20:56:50Z,2026-05-24T01:20:50Z,4388,,Y,20502,4353
1497933102,2026-05-22T21:46:55Z,2026-05-24T16:59:59Z,621,0.0006095881,Y,4419,29800
1497933261,2026-05-22T21:46:57Z,2026-05-25T13:08:10Z,387,0.000122363,Y,4708,32494
1497933976,2026-05-22T21:47:04Z,2026-05-25T18:42:31Z,68,0.001255096,Y,8407,17585
1497934145,2026-05-22T21:47:06Z,2026-05-24T12:52:45Z,336,0.0007713294,Y,9661,12870
1497934326,2026-05-22T21:47:08Z,2026-05-24T20:44:29Z,89,0.0001300661,Y,10572,87448
1497934865,2026-05-22T21:47:13Z,2026-05-24T12:52:45Z,336,0.0007713294,Y,12870,9661
1497936158,2026-05-22T21:47:24Z,2026-05-23T23:59:57Z,403,0.0004435071,Y,14810,81366
1497936683,2026-05-22T21:47:30Z,2026-05-25T18:42:31Z,68,0.001255096,Y,17585,8407
1497936772,2026-05-22T21:47:30Z,2026-05-24T15:08:43Z,203,0.0002039611,Y,17844,54403
1497939430,2026-05-22T21:47:55Z,2026-05-24T11:16:37Z,476,0.0005258329,Y,22562,41525
1497939385,2026-05-22T21:47:55Z,2026-05-24T01:58:53Z,67,0.001244775,Y,22437,37400
1497939435,2026-05-22T21:47:55Z,2026-05-24T12:42:13Z,428,0.0001514863,Y,22565,28991
1497942884,2026-05-22T21:48:28Z,2026-05-24T12:42:13Z,428,0.0001514863,Y,28991,22565
1497943652,2026-05-22T21:48:35Z,2026-05-23T13:48:34Z,180,0.0001039471,Y,29800,51448
1497943650,2026-05-22T21:48:35Z,2026-05-24T16:59:59Z,621,0.0006095881,Y,29800,4419
1497943968,2026-05-22T21:48:38Z,2026-05-23T11:08:06Z,111,0.0009160964,Y,30012,30148
1497944172,2026-05-22T21:48:40Z,2026-05-23T11:08:06Z,111,0.0009160964,Y,30148,30012
1497945809,2026-05-22T21:48:55Z,2026-05-24T10:05:43Z,8,0.0001244155,Y,31158,54616
1497946748,2026-05-22T21:49:05Z,2026-05-24T05:55:55Z,11,0.0006530193,Y,31562,39608
1497947299,2026-05-22T21:49:10Z,2026-05-24T02:51:24Z,31,0.0002396448,Y,31731,36061
1497947368,2026-05-22T21:49:11Z,2026-05-24T10:33:13Z,400,0.0002175589,Y,31793,40473
1497949178,2026-05-22T21:49:27Z,2026-05-25T16:54:16Z,365,0.0001013675,Y,33605,60988
1497952639,2026-05-22T21:49:54Z,2026-05-24T02:51:24Z,31,0.0002396448,Y,36061,31731
1497954224,2026-05-22T21:50:07Z,2026-05-23T05:41:58Z,10,0.0004393901,Y,37006,62942
1497954603,2026-05-22T21:50:10Z,2026-05-24T01:58:53Z,67,0.001244775,Y,37400,22437
1497954768,2026-05-22T21:50:10Z,2026-05-25T13:40:19Z,643,0.0001202184,Y,37550,48734
1497958268,2026-05-22T21:50:39Z,2026-05-24T05:55:55Z,11,0.0006530193,Y,39608,31562
1497960024,2026-05-22T21:50:53Z,2026-05-24T10:33:13Z,400,0.0002175589,Y,40473,31793
1497962423,2026-05-22T21:51:07Z,2026-05-24T11:16:37Z,476,0.0005258329,Y,41525,22562
1497974753,2026-05-22T21:52:42Z,2026-05-25T13:40:19Z,643,0.0001202184,Y,48734,37550
1497976882,2026-05-22T21:52:59Z,2026-05-23T13:48:34Z,180,0.0001039471,Y,51448,29800
1497980559,2026-05-22T21:53:25Z,2026-05-24T15:08:43Z,203,0.0002039611,Y,54403,17844
1497980844,2026-05-22T21:53:27Z,2026-05-25T04:51:37Z,48,0.0002899123,Y,54511,61084
1497981248,2026-05-22T21:53:30Z,2026-05-24T10:05:43Z,8,0.0001244155,Y,54616,31158
1498129876,2026-05-22T21:59:36Z,2026-05-25T16:54:16Z,365,0.0001013675,Y,60988,33605
1498020180,2026-05-22T21:59:36Z,2026-05-25T16:54:16Z,365,0.0001013675,Y,60988,33605
1498130100,2026-05-22T21:59:38Z,2026-05-25T04:51:37Z,48,0.0002899123,Y,61084,54511
1498020404,2026-05-22T21:59:38Z,2026-05-25T04:51:37Z,48,0.0002899123,Y,61084,54511
1498146469,2026-05-22T22:01:47Z,2026-05-23T05:41:58Z,10,0.0004393901,Y,62942,37006
1498734320,2026-05-23T05:01:18Z,2026-05-24T01:20:50Z,4333,,Y,4353,20502
1498834734,2026-05-23T05:53:59Z,2026-05-24T16:59:59Z,543,0.000736095,Y,4419,29800
1498834877,2026-05-23T05:54:01Z,2026-05-25T13:08:10Z,369,0.000139618,Y,4708,32494
1498835598,2026-05-23T05:54:09Z,2026-05-25T18:42:31Z,144,0.001883031,Y,8407,17585
1498835798,2026-05-23T05:54:11Z,2026-05-25T09:35:15Z,754,0.0002506658,Y,10114,44862
1498835742,2026-05-23T05:54:11Z,2026-05-24T12:52:45Z,308,0.0009054644,Y,9661,12870
1498835928,2026-05-23T05:54:12Z,2026-05-24T20:44:29Z,96,0.0001287314,Y,10572,87448
1498836450,2026-05-23T05:54:18Z,2026-05-24T12:52:45Z,308,0.0009054644,Y,12870,9661
1498837980,2026-05-23T05:54:37Z,2026-05-25T18:42:31Z,144,0.001883031,Y,17585,8407
1498838057,2026-05-23T05:54:37Z,2026-05-24T15:08:43Z,187,0.0001355917,Y,17844,54403
1498838868,2026-05-23T05:54:47Z,2026-05-24T11:15:51Z,190,0.0002192052,Y,19453,60643
1498840609,2026-05-23T05:55:08Z,2026-05-24T01:58:53Z,147,0.0001832918,Y,22437,37400
1498840655,2026-05-23T05:55:08Z,2026-05-24T12:42:13Z,484,0.000191184,Y,22565,28991
1498840651,2026-05-23T05:55:08Z,2026-05-24T11:16:37Z,490,0.0005222969,Y,22562,41525
1498842626,2026-05-23T05:55:32Z,2026-05-24T21:25:06Z,651,0.0001267404,Y,26510,81865
1498844473,2026-05-23T05:55:47Z,2026-05-24T12:42:13Z,484,0.000191184,Y,28991,22565
1498845209,2026-05-23T05:55:54Z,2026-05-24T16:59:59Z,543,0.000736095,Y,29800,4419
1498845510,2026-05-23T05:55:57Z,2026-05-23T11:08:06Z,119,0.0006821004,Y,30012,30148
1498845701,2026-05-23T05:55:58Z,2026-05-23T11:08:06Z,119,0.0006821004,Y,30148,30012
1498847245,2026-05-23T05:56:14Z,2026-05-24T10:05:43Z,78,0.0001931733,Y,31158,54616
1498848222,2026-05-23T05:56:23Z,2026-05-24T05:55:55Z,54,0.000733915,Y,31562,39608
1498848803,2026-05-23T05:56:29Z,2026-05-24T10:33:13Z,475,0.000161158,Y,31793,40473
1498855697,2026-05-23T05:57:32Z,2026-05-24T01:58:53Z,147,0.0001832918,Y,37400,22437
1498855859,2026-05-23T05:57:33Z,2026-05-25T13:40:19Z,706,0.0001218151,Y,37550,48734
1498859352,2026-05-23T05:58:03Z,2026-05-24T05:55:55Z,54,0.000733915,Y,39608,31562
1498861202,2026-05-23T05:58:23Z,2026-05-24T10:33:13Z,475,0.000161158,Y,40473,31793
1498862997,2026-05-23T05:58:37Z,2026-05-24T11:16:37Z,490,0.0005222969,Y,41525,22562
1498871107,2026-05-23T05:59:48Z,2026-05-25T09:35:15Z,754,0.0002506658,Y,44862,10114
1498875254,2026-05-23T06:00:33Z,2026-05-25T13:40:19Z,706,0.0001218151,Y,48734,37550
1498876828,2026-05-23T06:00:46Z,2026-05-26T05:30:57Z,83,0.0001016796,Y,50032,61938
1498880948,2026-05-23T06:01:24Z,2026-05-24T15:08:43Z,187,0.0001355917,Y,54403,17844
1498881227,2026-05-23T06:01:26Z,2026-05-25T04:51:37Z,28,0.0002155736,Y,54511,61084
1498881614,2026-05-23T06:01:30Z,2026-05-24T10:05:43Z,78,0.0001931733,Y,54616,31158
1498918636,2026-05-23T06:07:22Z,2026-05-24T11:15:51Z,190,0.0002192052,Y,60643,19453
1498920059,2026-05-23T06:07:38Z,2026-05-25T04:51:37Z,28,0.0002155736,Y,61084,54511
1498924452,2026-05-23T06:08:20Z,2026-05-26T05:30:57Z,83,0.0001016796,Y,61938,50032
1499204384,2026-05-23T11:34:21Z,2026-05-24T01:20:50Z,4333,,Y,4353,20502
1499205018,2026-05-23T11:34:49Z,2026-05-24T01:20:50Z,4333,,Y,20502,4353
1499306229,2026-05-23T12:14:35Z,2026-05-26T09:36:42Z,240,0.0001001025,Y,1292,45281
1499306503,2026-05-23T12:14:37Z,2026-05-24T21:16:42Z,710,0.000172143,Y,3229,22436
1499306847,2026-05-23T12:14:39Z,2026-05-23T23:04:36Z,207,0.0002431182,Y,3978,40521
1499307004,2026-05-23T12:14:40Z,2026-05-24T16:59:59Z,774,0.0001395847,Y,4419,29800
1499307144,2026-05-23T12:14:43Z,2026-05-25T13:08:10Z,477,0.0001316177,Y,4708,32494
1499307733,2026-05-23T12:14:45Z,2026-05-25T12:37:29Z,607,0.0001126291,Y,7850,29875
1499307818,2026-05-23T12:14:46Z,2026-05-25T18:42:31Z,188,0.001664916,Y,8407,17585
1499308014,2026-05-23T12:14:47Z,2026-05-25T09:35:15Z,845,0.0005677227,Y,10114,44862
1499308142,2026-05-23T12:14:48Z,2026-05-24T20:44:29Z,83,0.000136267,Y,10572,87448
1499307961,2026-05-23T12:14:48Z,2026-05-24T12:52:45Z,245,0.0001426935,Y,9661,12870
1499308614,2026-05-23T12:14:52Z,2026-05-24T12:52:45Z,245,0.0001426935,Y,12870,9661
1499309154,2026-05-23T12:14:55Z,2026-05-24T18:19:27Z,57,0.0003580997,Y,13797,42109
1499310145,2026-05-23T12:15:05Z,2026-05-25T18:42:31Z,188,0.001664916,Y,17585,8407
1499310216,2026-05-23T12:15:05Z,2026-05-24T15:08:43Z,152,0.0002142168,Y,17844,54403
1499310962,2026-05-23T12:15:12Z,2026-05-24T11:15:51Z,243,0.0003031157,Y,19453,60643
1499312779,2026-05-23T12:15:22Z,2026-05-24T12:42:13Z,400,0.000189074,Y,22565,28991
1499312728,2026-05-23T12:15:22Z,2026-05-24T21:16:42Z,710,0.000172143,Y,22436,3229
1499312775,2026-05-23T12:15:23Z,2026-05-24T11:16:37Z,553,0.0006204497,Y,22562,41525
1499313200,2026-05-23T12:15:26Z,2026-05-26T10:11:22Z,283,0.002183851,Y,23940,26033
1499314058,2026-05-23T12:15:35Z,2026-05-26T10:11:22Z,283,0.002183851,Y,26033,23940
1499314684,2026-05-23T12:15:37Z,2026-05-24T21:25:06Z,637,0.0001241331,Y,26510,81865
1499315147,2026-05-23T12:15:42Z,2026-05-26T08:31:00Z,145,0.0005489735,Y,27943,61456
1499325941,2026-05-23T12:15:48Z,2026-05-24T12:42:13Z,400,0.000189074,Y,28991,22565
1499326647,2026-05-23T12:15:52Z,2026-05-24T16:59:59Z,774,0.0001395847,Y,29800,4419
1499326759,2026-05-23T12:15:54Z,2026-05-25T12:37:29Z,607,0.0001126291,Y,29875,7850
1499327073,2026-05-23T12:15:56Z,2026-05-24T15:48:05Z,944,0.0001075829,Y,30110,270376
1499328546,2026-05-23T12:16:09Z,2026-05-24T10:05:43Z,23,0.0002347316,Y,31158,54616
1499329503,2026-05-23T12:16:17Z,2026-05-24T05:55:55Z,38,0.001077816,Y,31562,39608
1499330104,2026-05-23T12:16:21Z,2026-05-24T10:33:13Z,267,0.0003554843,Y,31793,40473
1499330527,2026-05-23T12:16:25Z,2026-05-24T18:51:10Z,48,0.0001818874,Y,32316,33992
1499332611,2026-05-23T12:16:41Z,2026-05-24T18:51:10Z,48,0.0001818874,Y,33992,32316
1499336821,2026-05-23T12:17:13Z,2026-05-25T13:40:18Z,241,0.0001655514,Y,37550,48734
1499340228,2026-05-23T12:17:39Z,2026-05-24T05:55:55Z,38,0.001077816,Y,39608,31562
1499340731,2026-05-23T12:17:43Z,2026-05-26T09:18:55Z,578,0.0001324164,Y,39967,270333
1499342038,2026-05-23T12:17:54Z,2026-05-24T10:33:13Z,267,0.0003554843,Y,40473,31793
1499342093,2026-05-23T12:17:54Z,2026-05-23T23:04:36Z,207,0.0002431182,Y,40521,3978
1499343760,2026-05-23T12:18:06Z,2026-05-24T11:16:37Z,553,0.0006204497,Y,41525,22562
1499344495,2026-05-23T12:18:09Z,2026-05-24T18:19:27Z,57,0.0003580997,Y,42109,13797
1499292154,2026-05-23T12:19:05Z,2026-05-25T09:35:15Z,845,0.0005677227,Y,44862,10114
1499292635,2026-05-23T12:19:06Z,2026-05-26T09:36:42Z,240,0.0001001025,Y,45281,1292
1499296256,2026-05-23T12:19:31Z,2026-05-25T13:40:18Z,241,0.0001655514,Y,48734,37550
1499301638,2026-05-23T12:20:10Z,2026-05-24T15:08:43Z,152,0.0002142168,Y,54403,17844
1499302254,2026-05-23T12:20:14Z,2026-05-24T10:05:43Z,23,0.0002347316,Y,54616,31158
1499378458,2026-05-23T12:24:51Z,2026-05-24T11:15:51Z,243,0.0003031157,Y,60643,19453
1499381315,2026-05-23T12:25:13Z,2026-05-26T08:31:00Z,145,0.0005489735,Y,61456,27943
1499792711,2026-05-23T20:30:20Z,2026-05-26T13:19:32Z,3103,,Y,19076,27169
1499792844,2026-05-23T20:30:21Z,2026-05-24T01:20:50Z,4304,,Y,20502,4353
1499793746,2026-05-23T20:30:28Z,2026-05-26T13:19:32Z,3103,,Y,27169,19076
1499913043,2026-05-23T21:25:48Z,2026-05-26T19:51:25Z,464,0.0005948565,Y,309,36571
1499913887,2026-05-23T21:26:09Z,2026-05-23T23:04:36Z,290,0.0001013,Y,3978,40521
1499914950,2026-05-23T21:26:29Z,2026-05-25T18:42:31Z,146,0.001833973,Y,8407,17585
1499915171,2026-05-23T21:26:34Z,2026-05-25T09:35:15Z,202,0.000914167,Y,10114,44862
1499915302,2026-05-23T21:26:36Z,2026-05-24T20:44:29Z,94,0.0001313851,Y,10572,87448
1499916105,2026-05-23T21:26:49Z,2026-05-26T19:36:53Z,358,0.0001197048,Y,13260,42179
1499916375,2026-05-23T21:26:56Z,2026-05-24T18:19:27Z,48,0.0003204307,Y,13797,42109
1499916782,2026-05-23T21:27:01Z,2026-05-26T17:09:09Z,949,0.0001020557,Y,14445,28931
1499917126,2026-05-23T21:27:06Z,2026-05-24T02:23:38Z,145,0.0006924204,Y,15935,42170
1499917401,2026-05-23T21:27:11Z,2026-05-25T18:42:31Z,146,0.001833973,Y,17585,8407
1499920238,2026-05-23T21:27:52Z,2026-05-24T12:42:13Z,550,0.0002215293,Y,22565,28991
1499920234,2026-05-23T21:27:52Z,2026-05-24T11:16:37Z,374,0.0006533794,Y,22562,41525
1499920686,2026-05-23T21:27:59Z,2026-05-26T10:11:22Z,463,0.001790958,Y,23940,26033
1499921622,2026-05-23T21:28:14Z,2026-05-26T10:11:22Z,463,0.001790958,Y,26033,23940
1499922261,2026-05-23T21:28:24Z,2026-05-24T21:25:06Z,688,0.0001686213,Y,26510,81865
1499922543,2026-05-23T21:28:28Z,2026-05-24T16:28:37Z,67,0.0001687257,Y,27582,30979
1499922611,2026-05-23T21:28:30Z,2026-05-26T13:39:35Z,681,0.0001672903,Y,27609,54437
1499922800,2026-05-23T21:28:32Z,2026-05-26T08:31:00Z,754,0.001078564,Y,27943,61456
1499933556,2026-05-23T21:28:43Z,2026-05-26T17:09:09Z,949,0.0001020557,Y,28931,14445
1499933758,2026-05-23T21:28:45Z,2026-05-24T12:42:13Z,550,0.0002215293,Y,28991,22565
1499935053,2026-05-23T21:29:04Z,2026-05-24T15:48:05Z,496,0.0003918837,Y,30110,270376
1499936448,2026-05-23T21:29:40Z,2026-05-24T16:28:37Z,67,0.0001687257,Y,30979,27582
1499936713,2026-05-23T21:29:48Z,2026-05-24T10:05:43Z,190,0.0002710488,Y,31158,54616
1499937682,2026-05-23T21:30:20Z,2026-05-24T05:55:55Z,192,0.0001370317,Y,31562,39608
1499938931,2026-05-23T21:31:01Z,2026-05-24T18:51:10Z,55,0.0001692647,Y,32316,33992
1499941036,2026-05-23T21:31:37Z,2026-05-24T18:51:10Z,55,0.0001692647,Y,33992,32316
1499944092,2026-05-23T21:32:28Z,2026-05-26T19:51:25Z,464,0.0005948565,Y,36571,309
1499945647,2026-05-23T21:32:56Z,2026-05-25T13:40:19Z,609,0.0001784552,Y,37550,48734
1499949253,2026-05-23T21:34:41Z,2026-05-24T05:55:55Z,192,0.0001370317,Y,39608,31562
1499951184,2026-05-23T21:35:30Z,2026-05-23T23:04:36Z,290,0.0001013,Y,40521,3978
1499923491,2026-05-23T21:36:00Z,2026-05-24T11:16:37Z,374,0.0006533794,Y,41525,22562
1499924283,2026-05-23T21:36:13Z,2026-05-24T18:19:27Z,48,0.0003204307,Y,42109,13797
1499924354,2026-05-23T21:36:15Z,2026-05-24T02:23:38Z,145,0.0006924204,Y,42170,15935
1499924363,2026-05-23T21:36:15Z,2026-05-26T19:36:53Z,358,0.0001197048,Y,42179,13260
1499931516,2026-05-23T21:38:45Z,2026-05-25T09:35:15Z,202,0.000914167,Y,44862,10114
1499965760,2026-05-23T21:39:56Z,2026-05-25T13:40:19Z,609,0.0001784552,Y,48734,37550
1499967314,2026-05-23T21:40:23Z,2026-05-26T05:30:58Z,720,0.0003056195,Y,50032,61938
1499971667,2026-05-23T21:41:37Z,2026-05-26T13:39:35Z,681,0.0001672903,Y,54437,27609
1499972261,2026-05-23T21:41:45Z,2026-05-24T10:05:43Z,190,0.0002710488,Y,54616,31158
1500031188,2026-05-23T21:52:39Z,2026-05-26T08:31:00Z,754,0.001078564,Y,61456,27943
1499988577,2026-05-23T21:53:28Z,2026-05-26T05:30:58Z,720,0.0003056195,Y,61938,50032
1500525666,2026-05-24T04:35:48Z,2026-05-26T19:51:25Z,150,0.0003346273,Y,309,36571
1500526129,2026-05-24T04:35:54Z,2026-05-24T21:16:42Z,429,0.0006150905,Y,3229,22436
1500527439,2026-05-24T04:36:11Z,2026-05-25T18:42:31Z,189,0.001389785,Y,8407,17585
1500527659,2026-05-24T04:36:13Z,2026-05-25T09:35:15Z,888,0.0004368679,Y,10114,44862
1500527788,2026-05-24T04:36:15Z,2026-05-24T20:44:29Z,82,0.0005247112,Y,10572,87448
1500528775,2026-05-24T04:36:27Z,2026-05-24T18:19:27Z,47,0.0003472613,Y,13797,42109
1500529151,2026-05-24T04:36:32Z,2026-05-26T17:09:08Z,322,0.000157346,Y,14445,28931
1500529839,2026-05-24T04:36:40Z,2026-05-25T18:42:31Z,189,0.001389785,Y,17585,8407
1500531054,2026-05-24T04:36:55Z,2026-05-27T00:56:23Z,492,0.0001426346,Y,19649,270018
1500531180,2026-05-24T04:36:56Z,2026-05-27T03:05:20Z,127,0.0002015118,Y,20442,61269
1500532489,2026-05-24T04:37:12Z,2026-05-24T21:16:42Z,429,0.0006150905,Y,22436,3229
1500532534,2026-05-24T04:37:13Z,2026-05-24T12:42:13Z,420,0.0001959962,Y,22565,28991
1500532964,2026-05-24T04:37:18Z,2026-05-26T10:11:22Z,345,0.00276269,Y,23940,26033
1500533875,2026-05-24T04:37:29Z,2026-05-26T10:11:22Z,345,0.00276269,Y,26033,23940
1500534485,2026-05-24T04:37:36Z,2026-05-24T21:25:06Z,644,0.0002035349,Y,26510,81865
1500534731,2026-05-24T04:37:39Z,2026-05-24T16:28:37Z,106,0.0001510334,Y,27582,30979
1500534794,2026-05-24T04:37:40Z,2026-05-26T13:39:35Z,92,0.0002017183,Y,27609,54437
1500534965,2026-05-24T04:37:42Z,2026-05-26T08:31:00Z,150,0.001592828,Y,27943,61456
1500535698,2026-05-24T04:37:50Z,2026-05-26T17:09:08Z,322,0.000157346,Y,28931,14445
1500535899,2026-05-24T04:37:54Z,2026-05-24T12:42:13Z,420,0.0001959962,Y,28991,22565
1500537172,2026-05-24T04:38:08Z,2026-05-24T15:48:05Z,446,0.0004804201,Y,30110,270376
1500538456,2026-05-24T04:38:24Z,2026-05-24T16:28:37Z,106,0.0001510334,Y,30979,27582
1500538721,2026-05-24T04:38:27Z,2026-05-24T10:05:43Z,108,0.0004465901,Y,31158,54616
1500539671,2026-05-24T04:38:39Z,2026-05-24T05:55:55Z,192,0.0001326782,Y,31562,39608
1500540403,2026-05-24T04:38:47Z,2026-05-24T10:33:13Z,360,0.0001240777,Y,31793,40473
1500540893,2026-05-24T04:38:53Z,2026-05-24T18:51:10Z,46,0.0008049505,Y,32316,33992
1500542834,2026-05-24T04:39:18Z,2026-05-24T18:51:10Z,46,0.0008049505,Y,33992,32316
1500546226,2026-05-24T04:39:53Z,2026-05-26T19:51:25Z,150,0.0003346273,Y,36571,309
1500547771,2026-05-24T04:40:12Z,2026-05-25T13:40:19Z,637,0.0001299302,Y,37550,48734
1500551320,2026-05-24T04:40:55Z,2026-05-24T05:55:55Z,192,0.0001326782,Y,39608,31562
1500553130,2026-05-24T04:41:23Z,2026-05-24T10:33:13Z,360,0.0001240777,Y,40473,31793
1500575654,2026-05-24T04:42:30Z,2026-05-24T18:19:27Z,47,0.0003472613,Y,42109,13797
1500582729,2026-05-24T04:45:40Z,2026-05-25T09:35:15Z,888,0.0004368679,Y,44862,10114
1500556639,2026-05-24T04:47:13Z,2026-05-25T13:40:19Z,637,0.0001299302,Y,48734,37550
1500558133,2026-05-24T04:47:32Z,2026-05-26T05:30:57Z,214,0.0002914079,Y,50032,61938
1500562408,2026-05-24T04:48:25Z,2026-05-26T13:39:35Z,92,0.0002017183,Y,54437,27609
1500562991,2026-05-24T04:48:32Z,2026-05-24T10:05:43Z,108,0.0004465901,Y,54616,31158
1500592194,2026-05-24T04:56:30Z,2026-05-27T03:05:20Z,127,0.0002015118,Y,61269,20442
1500592653,2026-05-24T04:56:35Z,2026-05-26T08:31:00Z,150,0.001592828,Y,61456,27943
1500595525,2026-05-24T04:57:11Z,2026-05-26T05:30:57Z,214,0.0002914079,Y,61938,50032
1500934076,2026-05-24T11:15:27Z,2026-05-26T13:19:32Z,3103,,Y,19076,27169
1500935142,2026-05-24T11:15:40Z,2026-05-26T13:19:32Z,3103,,Y,27169,19076
1500998756,2026-05-24T12:03:21Z,2026-05-26T19:51:25Z,78,0.0004395795,Y,309,36571
1500999193,2026-05-24T12:03:22Z,2026-05-24T21:16:42Z,137,0.001963487,Y,3229,22436
1501000757,2026-05-24T12:03:30Z,2026-05-24T20:44:29Z,75,0.0005489833,Y,10572,87448
1501000412,2026-05-24T12:03:30Z,2026-05-25T18:42:31Z,199,0.001260957,Y,8407,17585
1501000825,2026-05-24T12:03:31Z,2026-05-25T14:33:58Z,972,0.0002895717,Y,11778,27840
1501000867,2026-05-24T12:03:31Z,2026-05-27T05:07:50Z,304,0.0001865619,Y,12185,60682
1501001748,2026-05-24T12:03:37Z,2026-05-24T18:19:27Z,46,0.0004005182,Y,13797,42109
1501002119,2026-05-24T12:03:39Z,2026-05-26T17:09:08Z,724,0.0001350123,Y,14445,28931
1501002814,2026-05-24T12:03:46Z,2026-05-25T18:42:31Z,199,0.001260957,Y,17585,8407
1501003595,2026-05-24T12:03:54Z,2026-05-27T08:01:33Z,280,0.0002630756,Y,19531,36324
1501004013,2026-05-24T12:03:57Z,2026-05-27T00:56:23Z,648,0.0001286017,Y,19649,270018
1501004132,2026-05-24T12:03:58Z,2026-05-27T03:05:20Z,467,0.000197066,Y,20442,61269
1501005379,2026-05-24T12:04:07Z,2026-05-24T21:16:42Z,137,0.001963487,Y,22436,3229
1501005416,2026-05-24T12:04:08Z,2026-05-24T12:42:13Z,399,0.0001969691,Y,22565,28991
1501005493,2026-05-24T12:04:09Z,2026-05-27T07:50:49Z,282,0.0004683442,Y,22812,26536
1501005868,2026-05-24T12:04:11Z,2026-05-26T10:11:22Z,380,0.002056944,Y,23940,26033
1501006759,2026-05-24T12:04:20Z,2026-05-26T10:11:22Z,380,0.002056944,Y,26033,23940
1501007357,2026-05-24T12:04:23Z,2026-05-27T07:50:49Z,282,0.0004683442,Y,26536,22812
1501007353,2026-05-24T12:04:24Z,2026-05-24T21:25:06Z,629,0.0001737205,Y,26510,81865
1501007584,2026-05-24T12:04:25Z,2026-05-24T16:28:37Z,103,0.0001491223,Y,27582,30979
1501007645,2026-05-24T12:04:26Z,2026-05-26T13:39:35Z,82,0.0002191348,Y,27609,54437
1501007761,2026-05-24T12:04:28Z,2026-05-25T14:33:58Z,972,0.0002895717,Y,27840,11778
1501007805,2026-05-24T12:04:29Z,2026-05-26T08:31:00Z,157,0.001838367,Y,27943,61456
1501008511,2026-05-24T12:04:33Z,2026-05-26T17:09:08Z,724,0.0001350123,Y,28931,14445
1501058717,2026-05-24T12:04:37Z,2026-05-24T12:42:13Z,399,0.0001969691,Y,28991,22565
1501059942,2026-05-24T12:04:46Z,2026-05-24T15:48:05Z,439,0.000477462,Y,30110,270376
1501061141,2026-05-24T12:04:58Z,2026-05-24T16:28:37Z,103,0.0001491223,Y,30979,27582
1501063435,2026-05-24T12:05:17Z,2026-05-24T18:51:10Z,49,0.0002760238,Y,32316,33992
1501065235,2026-05-24T12:05:35Z,2026-05-24T18:51:10Z,49,0.0002760238,Y,33992,32316
1501065379,2026-05-24T12:05:36Z,2026-05-27T11:56:32Z,80,0.0003149151,Y,34117,270407
1501066621,2026-05-24T12:05:45Z,2026-05-26T13:15:54Z,53,0.0001064492,Y,35342,38241
1501066849,2026-05-24T12:05:48Z,2026-05-27T06:55:52Z,511,0.0001072821,Y,35441,37967
1501067781,2026-05-24T12:05:57Z,2026-05-27T08:01:33Z,280,0.0002630756,Y,36324,19531
1501068032,2026-05-24T12:06:00Z,2026-05-26T19:51:25Z,78,0.0004395795,Y,36571,309
1500969818,2026-05-24T12:06:16Z,2026-05-26T13:15:54Z,53,0.0001064492,Y,38241,35342
1500969503,2026-05-24T12:06:16Z,2026-05-27T06:55:52Z,511,0.0001072821,Y,37967,35441
1500976632,2026-05-24T12:07:26Z,2026-05-24T18:19:27Z,46,0.0004005182,Y,42109,13797
1500989237,2026-05-24T12:09:11Z,2026-05-26T05:30:57Z,369,0.0002096998,Y,50032,61938
1500993435,2026-05-24T12:09:49Z,2026-05-26T13:39:35Z,82,0.0002191348,Y,54437,27609
